# WaveFront *.obj file (generated by Autodesk ATF)

mtllib LRVtire_red.mtl

g Body2 (1)

v 0.147126 0.082855 -0.402982
v 0.149800 0.085782 -0.401996
v 0.173092 0.058285 -0.392419
v 0.183774 0.085782 -0.387448
v 0.206203 0.024791 -0.376085
v 0.215286 0.084390 -0.371070
v 0.248561 0.047787 -0.349155
v 0.229638 -0.000190 -0.362364
v 0.239643 -0.058613 -0.355826
v 0.208328 -0.023973 -0.375020
v 0.216535 0.085782 -0.370343
v 0.264363 -0.029330 -0.337710
v 0.288007 -0.000164 -0.317951
v 0.173164 0.128670 -0.374480
v 0.212318 0.117680 -0.362982
v 0.229001 0.110510 -0.356897
v 0.235744 0.131280 -0.335571
v 0.200663 0.141151 -0.342916
v 0.209663 0.149941 -0.301069
v 0.184521 0.149325 -0.325389
v 0.236706 0.149981 -0.279629
v 0.140267 0.082855 -0.384195
v 0.145076 0.084401 -0.393083
v 0.142816 0.085782 -0.383255
v 0.206440 0.085782 -0.353077
v 0.210882 0.085091 -0.362063
v 0.205249 0.084390 -0.353771
v 0.231573 0.060776 -0.348756
v 0.236973 0.047787 -0.332877
v 0.274580 -0.000164 -0.303129
v 0.273771 -0.009884 -0.317192
v 0.252038 -0.029330 -0.321966
v 0.228470 -0.058613 -0.339238
v 0.219397 -0.041616 -0.356968
v 0.198616 -0.023973 -0.357537
v 0.213958 -0.012085 -0.360254
v 0.218932 -0.000190 -0.345470
v 0.195335 0.031154 -0.370348
v 0.180806 0.041538 -0.366338
v 0.149497 0.090331 -0.391218
v 0.166916 0.115313 -0.360969
v 0.171104 0.123546 -0.365628
v 0.183095 0.129535 -0.322873
v 0.203343 0.139819 -0.306511
v 0.214828 0.129995 -0.295644
v 0.236388 0.129987 -0.279253
v 0.227631 0.117110 -0.324021
v 0.235263 0.136440 -0.303290
v 0.228226 0.115519 -0.340748
v 0.170789 0.002362 -0.393538
v 0.134579 -0.036425 -0.406934
v 0.141290 0.031089 -0.404930
v 0.111351 0.060053 -0.414297
v 0.100765 0.000676 -0.416998
v 0.086196 -0.085782 -0.420251
v 0.056922 -0.042549 -0.424727
v 0.049537 -0.085782 -0.425951
v 0.012549 -0.085782 -0.428816
v 0.011338 -0.084581 -0.428850
v 0.076028 0.024119 -0.422209
v 0.086101 -0.085920 -0.420271
v 0.086700 -0.117115 -0.411810
v 0.043851 -0.130174 -0.408840
v 0.116836 -0.131222 -0.393167
v 0.082083 -0.140482 -0.389877
v 0.138709 -0.149883 -0.341566
v 0.068716 -0.149944 -0.360976
v 0.102768 -0.110632 -0.411354
v 0.162827 0.002362 -0.375191
v 0.128305 -0.036425 -0.387963
v 0.082178 -0.085782 -0.400659
v 0.011964 -0.085782 -0.408825
v 0.011667 -0.085184 -0.418838
v 0.010810 -0.084581 -0.408857
v 0.061353 -0.036699 -0.413783
v 0.054268 -0.042549 -0.404926
v 0.096067 0.000676 -0.397558
v 0.087173 0.011603 -0.409832
v 0.072483 0.024119 -0.402526
v 0.091600 0.042085 -0.408864
v 0.106160 0.060053 -0.394982
v 0.134703 0.031089 -0.386052
v 0.139413 0.029650 -0.395127
v 0.082087 -0.085877 -0.400678
v 0.083952 -0.085839 -0.409546
v 0.097929 -0.103408 -0.404364
v 0.112811 -0.117070 -0.379620
v 0.120209 -0.129694 -0.377925
v 0.138255 -0.129919 -0.340448
v 0.106457 -0.139989 -0.349976
v 0.068560 -0.129962 -0.360157
v 0.058727 -0.136437 -0.379597
v 0.042310 -0.116349 -0.394471
v 0.036952 -0.116448 -0.407824
v 0.076314 0.129999 -0.353389
v 0.000025 0.129995 -0.365454
v 0.000000 0.129999 -0.365033
v -0.041654 0.129535 -0.368830
v -0.145977 0.129999 -0.330755
v -0.119601 0.123992 -0.368093
v -0.192538 0.129987 -0.311112
v -0.237821 0.117110 -0.316618
v -0.124570 0.107818 -0.383388
v -0.236947 0.107818 -0.326129
v -0.168116 0.085782 -0.372851
v -0.222626 0.085782 -0.343102
v 0.027100 0.129987 -0.364866
v 0.119601 0.123992 -0.368093
v 0.214561 0.129999 -0.295318
v 0.269457 0.129999 -0.241042
v 0.313119 0.123992 -0.227494
v 0.337907 0.129535 -0.153590
v 0.347210 0.115313 -0.193919
v 0.347167 0.129999 -0.112802
v 0.347575 0.129995 -0.112908
v 0.359676 0.129999 -0.036624
v 0.355383 0.129987 -0.086976
v 0.387036 0.123992 -0.000000
v 0.363650 0.129535 0.074360
v 0.394881 0.115313 0.047201
v 0.347167 0.129999 0.112802
v 0.347560 0.129995 0.112955
v 0.312511 0.129999 0.181783
v 0.338634 0.129987 0.138524
v 0.313119 0.123992 0.227494
v 0.250491 0.129535 0.273907
v 0.291722 0.115313 0.270292
v 0.214561 0.129999 0.295318
v 0.214788 0.129995 0.295673
v 0.145977 0.129999 0.330755
v 0.192538 0.129987 0.311112
v 0.119601 0.123992 0.368093
v 0.041654 0.129535 0.368830
v 0.077134 0.115313 0.390141
v -0.000000 0.129999 0.365033
v -0.000025 0.129995 0.365454
v -0.076314 0.129999 0.353389
v -0.027100 0.129987 0.364866
v -0.119601 0.123992 0.368093
v -0.183095 0.129535 0.322873
v -0.166916 0.115313 0.360969
v -0.214561 0.129999 0.295318
v -0.214828 0.129995 0.295644
v -0.269457 0.129999 0.241042
v -0.236388 0.129987 0.279253
v -0.313119 0.123992 0.227494
v -0.337907 0.129535 0.153590
v -0.347210 0.115313 0.193919
v -0.347167 0.129999 0.112802
v -0.347575 0.129995 0.112908
v -0.355383 0.129987 0.086976
v -0.364783 0.129999 -0.013529
v -0.387036 0.123992 -0.000000
v -0.363650 0.129535 -0.074360
v -0.394881 0.115313 -0.047201
v -0.347167 0.129999 -0.112802
v -0.347560 0.129995 -0.112955
v -0.338634 0.129987 -0.138524
v -0.250862 0.129999 -0.260338
v -0.313119 0.123992 -0.227494
v -0.250491 0.129535 -0.273907
v -0.291722 0.115313 -0.270292
v -0.214788 0.129995 -0.295673
v 0.124570 0.107818 -0.383388
v 0.083148 0.085782 -0.400459
v 0.000000 0.107818 -0.403118
v 0.021562 0.085782 -0.408431
v -0.040520 0.085782 -0.406988
v -0.006298 0.117110 -0.395937
v -0.077134 0.115313 -0.390141
v -0.109731 0.085782 -0.394005
v -0.272003 0.085782 -0.305443
v -0.326129 0.107818 -0.236947
v -0.320364 0.085782 -0.254259
v -0.355165 0.085782 -0.202827
v -0.383388 0.107818 -0.124570
v -0.381778 0.085782 -0.146719
v -0.399590 0.085782 -0.087229
v -0.378505 0.117110 -0.116362
v -0.403118 0.107818 -0.000000
v -0.408630 0.085782 -0.017394
v -0.406553 0.085782 0.044670
v -0.383388 0.107818 0.124570
v -0.395104 0.085782 0.105705
v -0.374547 0.085782 0.164303
v -0.374612 0.117110 0.128341
v -0.326129 0.107818 0.236947
v -0.340813 0.085782 0.226114
v -0.302652 0.085782 0.275105
v -0.236947 0.107818 0.326129
v -0.257514 0.085782 0.317754
v -0.206440 0.085782 0.353077
v -0.227631 0.117110 0.324021
v -0.124570 0.107818 0.383388
v -0.142816 0.085782 0.383255
v -0.083148 0.085782 0.400459
v -0.000000 0.107818 0.403118
v -0.021562 0.085782 0.408431
v 0.040520 0.085782 0.406988
v 0.006298 0.117110 0.395937
v 0.124570 0.107818 0.383388
v 0.109731 0.085782 0.394005
v 0.168116 0.085782 0.372851
v 0.236947 0.107818 0.326129
v 0.222626 0.085782 0.343102
v 0.272003 0.085782 0.305443
v 0.237821 0.117110 0.316618
v 0.326129 0.107818 0.236947
v 0.320364 0.085782 0.254259
v 0.355165 0.085782 0.202827
v 0.383388 0.107818 0.124570
v 0.381778 0.085782 0.146719
v 0.399590 0.085782 0.087229
v 0.378505 0.117110 0.116362
v 0.403118 0.107818 -0.000000
v 0.408630 0.085782 0.017394
v 0.406553 0.085782 -0.044670
v 0.383388 0.107818 -0.124570
v 0.395104 0.085782 -0.105705
v 0.374547 0.085782 -0.164303
v 0.374612 0.117110 -0.128341
v 0.326129 0.107818 -0.236947
v 0.340813 0.085782 -0.226114
v 0.302652 0.085782 -0.275105
v 0.236947 0.107818 -0.326129
v 0.257514 0.085782 -0.317754
v 0.051402 -0.129999 -0.356717
v 0.251259 -0.129999 -0.258377
v 0.227494 -0.123992 -0.313119
v 0.267162 -0.129962 -0.251075
v 0.266094 -0.116349 -0.294264
v 0.236947 -0.107818 -0.326129
v 0.249980 -0.085782 -0.323714
v 0.198169 -0.085782 -0.357785
v 0.124570 -0.107818 -0.383388
v 0.141803 -0.085782 -0.383631
v -0.168088 -0.129999 -0.318804
v -0.088259 -0.129919 -0.356692
v 0.000000 -0.123992 -0.387036
v 0.000000 -0.107818 -0.403118
v -0.049978 -0.085782 -0.405935
v -0.124570 -0.107818 -0.383388
v -0.110771 -0.085782 -0.393714
v -0.169103 -0.085877 -0.372405
v -0.169018 -0.085782 -0.372443
v -0.156229 -0.129962 -0.331672
v -0.323374 -0.129999 -0.159118
v -0.281062 -0.129919 -0.236693
v -0.227494 -0.123992 -0.313119
v -0.197635 -0.116349 -0.344003
v -0.236947 -0.107818 -0.326129
v -0.230622 -0.085782 -0.337778
v -0.279036 -0.085782 -0.299032
v -0.326129 -0.107818 -0.236947
v -0.321035 -0.085782 -0.253412
v -0.355701 -0.085877 -0.201886
v -0.355655 -0.085782 -0.201966
v -0.321344 -0.129962 -0.176499
v -0.363118 -0.129999 0.009889
v -0.366508 -0.129919 -0.026284
v -0.368093 -0.123992 -0.119601
v -0.362090 -0.116349 -0.162138
v -0.383388 -0.107818 -0.124570
v -0.385119 -0.085782 -0.137712
v -0.401511 -0.085782 -0.077909
v -0.403118 -0.107818 -0.000000
v -0.408675 -0.085782 -0.016314
v -0.406433 -0.085877 0.045747
v -0.406444 -0.085782 0.045655
v -0.363716 -0.129962 0.046090
v -0.347167 -0.129999 0.112802
v -0.309910 -0.129999 0.192887
v -0.311961 -0.129919 0.194164
v -0.368093 -0.123992 0.119601
v -0.388239 -0.116349 0.081659
v -0.383388 -0.107818 0.124570
v -0.392513 -0.085782 0.114956
v -0.370623 -0.085782 0.172973
v -0.326129 -0.107818 0.236947
v -0.340214 -0.085782 0.227014
v -0.301922 -0.085877 0.275906
v -0.301985 -0.085782 0.275837
v -0.267162 -0.129962 0.251075
v -0.240282 -0.129999 0.272652
v -0.102804 -0.129999 0.348401
v -0.138255 -0.129919 0.340448
v -0.227494 -0.123992 0.313119
v -0.266094 -0.116349 0.294264
v -0.236947 -0.107818 0.326129
v -0.249980 -0.085782 0.323714
v -0.198169 -0.085782 0.357785
v -0.124570 -0.107818 0.383388
v -0.141803 -0.085782 0.383631
v -0.082087 -0.085877 0.400678
v -0.082178 -0.085782 0.400659
v -0.068560 -0.129962 0.360157
v 0.087679 -0.129999 0.354347
v 0.088259 -0.129919 0.356692
v -0.000000 -0.123992 0.387036
v -0.042310 -0.116349 0.394471
v 0.000000 -0.107818 0.403118
v -0.011964 -0.085782 0.408825
v 0.049978 -0.085782 0.405935
v 0.124570 -0.107818 0.383388
v 0.110771 -0.085782 0.393714
v 0.169103 -0.085877 0.372405
v 0.169018 -0.085782 0.372443
v 0.156229 -0.129962 0.331672
v 0.155551 -0.129999 0.330232
v 0.214561 -0.129999 0.295318
v 0.323374 -0.129999 0.159118
v 0.281062 -0.129919 0.236693
v 0.227494 -0.123992 0.313119
v 0.197635 -0.116349 0.344003
v 0.236947 -0.107818 0.326129
v 0.230622 -0.085782 0.337778
v 0.279036 -0.085782 0.299032
v 0.326129 -0.107818 0.236947
v 0.321035 -0.085782 0.253412
v 0.355701 -0.085877 0.201886
v 0.355655 -0.085782 0.201966
v 0.321344 -0.129962 0.176499
v 0.355143 -0.129999 -0.061345
v 0.366508 -0.129919 0.026284
v 0.368093 -0.123992 0.119601
v 0.362090 -0.116349 0.162138
v 0.383388 -0.107818 0.124570
v 0.385119 -0.085782 0.137712
v 0.401511 -0.085782 0.077909
v 0.403118 -0.107818 -0.000000
v 0.408675 -0.085782 0.016314
v 0.406433 -0.085877 -0.045747
v 0.406444 -0.085782 -0.045655
v 0.363716 -0.129962 -0.046090
v 0.311961 -0.129919 -0.194164
v 0.368093 -0.123992 -0.119601
v 0.388239 -0.116349 -0.081659
v 0.383388 -0.107818 -0.124570
v 0.392513 -0.085782 -0.114956
v 0.370623 -0.085782 -0.172973
v 0.326129 -0.107818 -0.236947
v 0.340214 -0.085782 -0.227014
v 0.301922 -0.085877 -0.275906
v 0.301985 -0.085782 -0.275837
v 0.314401 -0.117070 -0.240811
v 0.395901 -0.117070 -0.010020
v 0.326180 -0.117070 0.224598
v 0.131869 -0.117070 0.373428
v -0.112811 -0.117070 0.379620
v -0.314401 -0.117070 0.240811
v -0.395901 -0.117070 0.010020
v -0.326180 -0.117070 -0.224598
v -0.131869 -0.117070 -0.373428
v 0.043965 -0.000164 -0.406630
v -0.003945 0.047787 -0.408593
v 0.014656 -0.029330 -0.408620
v -0.014563 -0.058613 -0.408741
v -0.049471 -0.023973 -0.405997
v -0.069052 0.041538 -0.402649
v -0.088802 0.002362 -0.399243
v -0.124238 -0.036425 -0.389284
v -0.117939 0.031089 -0.391499
v -0.112346 0.082855 -0.393268
v -0.146280 0.060053 -0.381947
v -0.177959 0.024119 -0.368255
v -0.203443 -0.000164 -0.354813
v -0.243357 0.047787 -0.328239
v -0.155959 0.000676 -0.378098
v -0.194106 -0.042549 -0.359490
v -0.228324 -0.029330 -0.339196
v -0.231575 -0.084581 -0.337126
v -0.252033 -0.058613 -0.322118
v -0.278662 -0.023973 -0.299380
v -0.292536 0.041538 -0.285162
v -0.306512 0.002362 -0.270798
v -0.329326 -0.036425 -0.241912
v -0.325532 0.031089 -0.247407
v -0.322047 0.082855 -0.252125
v -0.342845 0.060053 -0.223020
v -0.360426 0.024119 -0.193323
v -0.373142 -0.000164 -0.167469
v -0.389814 0.047787 -0.122510
v -0.348414 0.000676 -0.214217
v -0.368338 -0.042549 -0.176741
v -0.384092 -0.029330 -0.140210
v -0.385506 -0.084581 -0.136624
v -0.393236 -0.058613 -0.112458
v -0.401414 -0.023973 -0.078410
v -0.404280 0.041538 -0.058753
v -0.407144 0.002362 -0.038917
v -0.408623 -0.036425 -0.002138
v -0.408783 0.031089 -0.008813
v -0.408736 0.082855 -0.014679
v -0.408456 0.060053 0.021092
v -0.405224 0.024119 0.055452
v -0.400314 -0.000164 0.083842
v -0.387376 0.047787 0.130014
v -0.407786 0.000676 0.031487
v -0.401877 -0.042549 0.073517
v -0.393150 -0.029330 0.112332
v -0.392187 -0.084581 0.116063
v -0.384235 -0.058613 0.140158
v -0.370839 -0.023973 0.172510
v -0.361603 0.041538 0.190098
v -0.352262 0.002362 0.207829
v -0.331839 -0.036425 0.238453
v -0.335892 0.031089 0.233146
v -0.339303 0.082855 0.228374
v -0.318050 0.060053 0.257148
v -0.295239 0.024119 0.283046
v -0.274580 -0.000164 0.303129
v -0.236973 0.047787 0.332877
v -0.311398 0.000676 0.265164
v -0.281913 -0.042549 0.295694
v -0.252038 -0.029330 0.321966
v -0.249065 -0.084581 0.324419
v -0.228470 -0.058613 0.339238
v -0.198616 -0.023973 0.357537
v -0.180806 0.041538 0.366338
v -0.162827 0.002362 0.375191
v -0.128305 -0.036425 0.387963
v -0.134703 0.031089 0.386052
v -0.140267 0.082855 0.384195
v -0.106160 0.060053 0.394982
v -0.072483 0.024119 0.402526
v -0.043965 -0.000164 0.406630
v 0.003945 0.047787 0.408593
v -0.096067 0.000676 0.397558
v -0.054268 -0.042549 0.404926
v -0.014656 -0.029330 0.408620
v -0.010810 -0.084581 0.408857
v 0.014563 -0.058613 0.408741
v 0.049471 -0.023973 0.405997
v 0.069052 0.041538 0.402649
v 0.088802 0.002362 0.399243
v 0.124238 -0.036425 0.389284
v 0.117939 0.031089 0.391499
v 0.112346 0.082855 0.393268
v 0.146280 0.060053 0.381947
v 0.177959 0.024119 0.368255
v 0.203443 -0.000164 0.354813
v 0.243357 0.047787 0.328239
v 0.155959 0.000676 0.378098
v 0.194106 -0.042549 0.359490
v 0.228324 -0.029330 0.339196
v 0.231575 -0.084581 0.337126
v 0.252033 -0.058613 0.322118
v 0.306512 0.002362 0.270798
v 0.292536 0.041538 0.285162
v 0.278662 -0.023973 0.299380
v 0.260908 -0.000190 0.314973
v 0.329326 -0.036425 0.241912
v 0.325532 0.031089 0.247407
v 0.322047 0.082855 0.252125
v 0.342845 0.060053 0.223020
v 0.360426 0.024119 0.193323
v 0.373142 -0.000164 0.167469
v 0.389814 0.047787 0.122510
v 0.348414 0.000676 0.214217
v 0.368338 -0.042549 0.176741
v 0.384092 -0.029330 0.140210
v 0.385506 -0.084581 0.136624
v 0.393236 -0.058613 0.112458
v 0.407144 0.002362 0.038917
v 0.404280 0.041538 0.058753
v 0.401414 -0.023973 0.078410
v 0.396215 -0.000190 0.101461
v 0.408623 -0.036425 0.002138
v 0.408783 0.031089 0.008813
v 0.408736 0.082855 0.014679
v 0.408456 0.060053 -0.021092
v 0.405224 0.024119 -0.055452
v 0.400314 -0.000164 -0.083842
v 0.387376 0.047787 -0.130014
v 0.407786 0.000676 -0.031487
v 0.401877 -0.042549 -0.073517
v 0.393150 -0.029330 -0.112332
v 0.392187 -0.084581 -0.116063
v 0.384235 -0.058613 -0.140158
v 0.352262 0.002362 -0.207829
v 0.361603 0.041538 -0.190098
v 0.370839 -0.023973 -0.172510
v 0.380182 -0.000190 -0.150806
v 0.331839 -0.036425 -0.238453
v 0.335892 0.031089 -0.233146
v 0.339303 0.082855 -0.228374
v 0.318050 0.060053 -0.257148
v 0.295239 0.024119 -0.283046
v 0.311398 0.000676 -0.265164
v 0.281913 -0.042549 -0.295694
v 0.249065 -0.084581 -0.324419
v 0.373991 0.084390 -0.165564
v 0.399882 0.084390 0.085882
v 0.273031 0.084390 0.304525
v 0.025942 -0.000190 0.408176
v 0.041891 0.084390 0.406849
v -0.218932 -0.000190 0.345470
v -0.205249 0.084390 0.353771
v -0.380182 -0.000190 0.150806
v -0.373991 0.084390 0.165564
v -0.396215 -0.000190 -0.101461
v -0.399882 0.084390 -0.085882
v -0.260908 -0.000190 -0.314973
v -0.273031 0.084390 -0.304525
v -0.025942 -0.000190 -0.408176
v -0.041891 0.084390 -0.406849
v 0.355895 0.082855 -0.239541
v 0.357478 0.085782 -0.237171
v 0.370692 0.058285 -0.215732
v 0.376413 0.085782 -0.205433
v 0.387879 0.024791 -0.183056
v 0.392279 0.084390 -0.173660
v 0.406318 0.047787 -0.136372
v 0.398773 -0.000190 -0.158180
v 0.403024 -0.058613 -0.147011
v 0.388973 -0.023973 -0.180946
v 0.392862 0.085782 -0.172338
v 0.412375 -0.029330 -0.117824
v 0.419890 -0.000164 -0.087942
v 0.360206 0.128670 -0.201177
v 0.385125 0.117680 -0.168862
v 0.395044 0.110510 -0.154132
v 0.387965 0.131280 -0.132915
v 0.363900 0.141151 -0.159478
v 0.346585 0.149941 -0.120333
v 0.340539 0.149325 -0.154786
v 0.355861 0.149981 -0.087093
v 0.348417 0.084401 -0.232737
v 0.383423 0.085091 -0.168962
v 0.392341 0.060776 -0.146035
v 0.407926 -0.009884 -0.095695
v 0.387316 -0.041616 -0.159835
v 0.384848 -0.012085 -0.165690
v 0.375715 0.031154 -0.184802
v 0.350898 0.090331 -0.228630
v 0.353336 0.123546 -0.195227
v 0.344670 0.139819 -0.128450
v 0.368601 0.136440 -0.107083
v 0.384925 0.115519 -0.141523
v 0.369487 0.002362 -0.217991
v 0.348066 -0.036425 -0.250113
v 0.352317 0.031089 -0.244547
v 0.333603 0.060053 -0.269723
v 0.326626 0.000676 -0.278131
v 0.316752 -0.085782 -0.289326
v 0.295699 -0.042549 -0.310153
v 0.290444 -0.085782 -0.315484
v 0.262204 -0.085782 -0.339544
v 0.261245 -0.084581 -0.340283
v 0.309676 0.024119 -0.296887
v 0.316686 -0.085920 -0.289397
v 0.312197 -0.117115 -0.282200
v 0.275787 -0.130174 -0.304984
v 0.325620 -0.131222 -0.249404
v 0.295570 -0.140482 -0.267170
v 0.312986 -0.149883 -0.194801
v 0.267769 -0.149944 -0.251646
v 0.324929 -0.110632 -0.272387
v 0.255626 -0.085184 -0.331989
v 0.292851 -0.036699 -0.298696
v 0.311417 0.011603 -0.280322
v 0.314430 0.042085 -0.276937
v 0.345037 0.029650 -0.237719
v 0.308298 -0.085838 -0.281668
v 0.316905 -0.103408 -0.269576
v 0.319390 -0.129694 -0.235091
v 0.291836 -0.139989 -0.220562
v 0.270633 -0.136437 -0.272581
v 0.269608 -0.116448 -0.308216
v 0.428724 0.082855 0.015397
v 0.428612 0.085782 0.018245
v 0.426701 0.058285 0.043357
v 0.425275 0.085782 0.055051
v 0.421398 0.024791 0.079895
v 0.419436 0.084390 0.090082
v 0.408876 0.047787 0.128501
v 0.415590 -0.000190 0.106422
v 0.412465 -0.058613 0.117957
v 0.421043 -0.023973 0.082244
v 0.419130 0.085782 0.091495
v 0.402874 -0.029330 0.147066
v 0.391389 -0.000164 0.175658
v 0.409662 0.128670 0.048968
v 0.410827 0.117680 0.089759
v 0.410194 0.110510 0.107506
v 0.391996 0.131280 0.120509
v 0.388141 0.141151 0.084875
v 0.351123 0.149941 0.106366
v 0.366483 0.149325 0.074939
v 0.339090 0.149981 0.138710
v 0.418675 0.084401 0.016506
v 0.409509 0.085091 0.088677
v 0.403247 0.060776 0.112467
v 0.386267 -0.009884 0.162354
v 0.407294 -0.041616 0.098350
v 0.408739 -0.012085 0.092161
v 0.412584 0.031154 0.071331
v 0.418267 0.090331 0.021287
v 0.400606 0.123546 0.049744
v 0.354345 0.139819 0.098674
v 0.361146 0.136440 0.130026
v 0.394596 0.115519 0.111759
v 0.427054 0.002362 0.040820
v 0.428604 -0.036425 0.002242
v 0.428772 0.031089 0.009244
v 0.428429 0.060053 -0.022124
v 0.427727 0.000676 -0.033027
v 0.426319 -0.085782 -0.047887
v 0.421529 -0.042549 -0.077112
v 0.420411 -0.085782 -0.084513
v 0.411706 -0.085782 -0.120577
v 0.411364 -0.084581 -0.121739
v 0.425039 0.024119 -0.058163
v 0.426308 -0.085920 -0.047984
v 0.418446 -0.117115 -0.044800
v 0.402381 -0.130174 -0.084633
v 0.410029 -0.131222 -0.010377
v 0.396160 -0.140482 -0.042414
v 0.367712 -0.149883 0.026371
v 0.364543 -0.149944 -0.046195
v 0.422978 -0.110632 -0.029377
v 0.401944 -0.085184 -0.118332
v 0.412490 -0.036699 -0.069516
v 0.416711 0.011603 -0.043739
v 0.417159 0.042085 -0.039229
v 0.418869 0.029650 0.010489
v 0.415444 -0.085839 -0.046713
v 0.414835 -0.103408 -0.031819
v 0.396575 -0.129694 -0.002460
v 0.365743 -0.139989 -0.006902
v 0.379166 -0.136437 -0.061449
v 0.399282 -0.116448 -0.090881
v 0.337795 0.082855 0.264454
v 0.336030 0.085782 0.266692
v 0.319724 0.058285 0.285885
v 0.311696 0.085782 0.294508
v 0.293957 0.024791 0.312328
v 0.286382 0.084390 0.319416
v 0.255257 0.047787 0.344290
v 0.273666 -0.000190 0.330375
v 0.264357 -0.058613 0.337870
v 0.292289 -0.023973 0.314020
v 0.285304 0.085782 0.320379
v 0.239489 -0.029330 0.355782
v 0.213391 -0.000164 0.372163
v 0.302641 0.128670 0.280409
v 0.279607 0.117680 0.314094
v 0.268664 0.110510 0.328080
v 0.246298 0.131280 0.327903
v 0.264124 0.141151 0.296808
v 0.221544 0.149941 0.292437
v 0.252443 0.149325 0.276040
v 0.192797 0.149981 0.311531
v 0.329013 0.084401 0.259445
v 0.279177 0.085091 0.312444
v 0.260127 0.060776 0.328011
v 0.217068 -0.009884 0.358389
v 0.271699 -0.041616 0.318968
v 0.276505 -0.012085 0.314811
v 0.291860 0.031154 0.300219
v 0.325873 0.090331 0.263073
v 0.294858 0.123546 0.275715
v 0.228673 0.139819 0.288108
v 0.215746 0.136440 0.317470
v 0.253545 0.115519 0.322352
v 0.321500 0.002362 0.284040
v 0.345430 -0.036425 0.253741
v 0.341450 0.031089 0.259505
v 0.359610 0.060053 0.233926
v 0.365451 0.000676 0.224692
v 0.373047 -0.085782 0.211842
v 0.386349 -0.042549 0.185384
v 0.389795 -0.085782 0.178739
v 0.403951 -0.085782 0.144446
v 0.404357 -0.084581 0.143305
v 0.378051 0.024119 0.202777
v 0.373095 -0.085920 0.211758
v 0.364862 -0.117115 0.209713
v 0.375280 -0.130174 0.168044
v 0.337820 -0.131222 0.232613
v 0.345430 -0.140482 0.198544
v 0.281985 -0.149883 0.237470
v 0.322074 -0.149944 0.176901
v 0.359464 -0.110632 0.224854
v 0.394733 -0.085184 0.140524
v 0.374572 -0.036699 0.186216
v 0.362835 0.011603 0.209551
v 0.360547 0.042085 0.213462
v 0.332707 0.029650 0.254690
v 0.364782 -0.085840 0.207094
v 0.354312 -0.103408 0.218091
v 0.322282 -0.129694 0.231111
v 0.299949 -0.139989 0.209395
v 0.342870 -0.136437 0.173155
v 0.376444 -0.116448 0.161168
v 0.117840 0.082855 0.412498
v 0.115097 0.085782 0.413272
v 0.090623 0.058285 0.419214
v 0.079060 0.085782 0.421472
v 0.054235 0.024791 0.425462
v 0.043940 0.084390 0.426744
v 0.004138 0.047787 0.428573
v 0.027211 -0.000190 0.428136
v 0.015275 -0.058613 0.428728
v 0.051890 -0.023973 0.425850
v 0.042502 0.085782 0.426889
v -0.015373 -0.029330 0.428602
v -0.046115 -0.000164 0.426514
v 0.080021 0.128670 0.404744
v 0.041587 0.117680 0.418456
v 0.024513 0.110510 0.423339
v 0.006522 0.131280 0.410049
v 0.039221 0.141151 0.395371
v 0.007343 0.149941 0.366807
v 0.041978 0.149325 0.371704
v -0.027137 0.149981 0.365357
v 0.113679 0.084401 0.403284
v 0.042208 0.085091 0.416869
v 0.017647 0.060776 0.418265
v -0.035044 -0.009884 0.417532
v 0.032324 -0.041616 0.417751
v 0.038656 -0.012085 0.417213
v 0.059655 0.031154 0.414433
v 0.109007 0.090331 0.404374
v 0.076485 0.123546 0.396371
v 0.015655 0.139819 0.367494
v -0.012062 0.136440 0.383651
v 0.015648 0.115519 0.409818
v 0.093144 0.002362 0.418766
v 0.130313 -0.036425 0.408320
v 0.123706 0.031089 0.410643
v 0.153433 0.060053 0.400624
v 0.163585 0.000676 0.396587
v 0.177283 -0.085782 0.390655
v 0.203597 -0.042549 0.377069
v 0.210291 -0.085782 0.373719
v 0.241900 -0.085782 0.354296
v 0.242899 -0.084581 0.353611
v 0.186661 0.024119 0.386263
v 0.177372 -0.085920 0.390615
v 0.171914 -0.117115 0.384122
v 0.204834 -0.130174 0.356534
v 0.136575 -0.131222 0.386754
v 0.162758 -0.140482 0.363664
v 0.088549 -0.149883 0.357864
v 0.156584 -0.149944 0.332426
v 0.158647 -0.110632 0.393198
v 0.236747 -0.085184 0.345705
v 0.193580 -0.036699 0.370820
v 0.170369 0.011603 0.382799
v 0.166219 0.042085 0.384619
v 0.119462 0.029650 0.401609
v 0.173388 -0.085840 0.381956
v 0.158453 -0.103408 0.384699
v 0.124888 -0.129694 0.376405
v 0.119585 -0.139989 0.345710
v 0.175610 -0.136437 0.341620
v 0.209818 -0.116448 0.351656
v -0.147126 0.082855 0.402982
v -0.149800 0.085782 0.401996
v -0.173092 0.058285 0.392419
v -0.183774 0.085782 0.387448
v -0.206203 0.024791 0.376085
v -0.215286 0.084390 0.371070
v -0.248561 0.047787 0.349155
v -0.229638 -0.000190 0.362364
v -0.239643 -0.058613 0.355826
v -0.208328 -0.023973 0.375020
v -0.216535 0.085782 0.370343
v -0.264363 -0.029330 0.337710
v -0.288007 -0.000164 0.317951
v -0.173164 0.128670 0.374480
v -0.212318 0.117680 0.362982
v -0.229001 0.110510 0.356897
v -0.235744 0.131280 0.335571
v -0.200663 0.141151 0.342916
v -0.209663 0.149941 0.301069
v -0.184521 0.149325 0.325389
v -0.236706 0.149981 0.279629
v -0.145076 0.084401 0.393083
v -0.210882 0.085091 0.362063
v -0.231573 0.060776 0.348756
v -0.273771 -0.009884 0.317192
v -0.219397 -0.041616 0.356968
v -0.213958 -0.012085 0.360254
v -0.195335 0.031154 0.370348
v -0.149497 0.090331 0.391218
v -0.171104 0.123546 0.365628
v -0.203343 0.139819 0.306511
v -0.235263 0.136440 0.303290
v -0.228226 0.115519 0.340748
v -0.170789 0.002362 0.393538
v -0.134579 -0.036425 0.406934
v -0.141290 0.031089 0.404930
v -0.111351 0.060053 0.414297
v -0.100765 0.000676 0.416998
v -0.086196 -0.085782 0.420251
v -0.056922 -0.042549 0.424727
v -0.049537 -0.085782 0.425951
v -0.012549 -0.085782 0.428816
v -0.011338 -0.084581 0.428850
v -0.076028 0.024119 0.422209
v -0.086101 -0.085920 0.420271
v -0.086700 -0.117115 0.411810
v -0.043851 -0.130174 0.408840
v -0.116836 -0.131222 0.393167
v -0.082083 -0.140482 0.389877
v -0.138709 -0.149883 0.341566
v -0.068716 -0.149944 0.360976
v -0.102768 -0.110632 0.411354
v -0.011667 -0.085184 0.418838
v -0.061353 -0.036699 0.413783
v -0.087173 0.011603 0.409832
v -0.091600 0.042085 0.408864
v -0.139413 0.029650 0.395127
v -0.083952 -0.085839 0.409546
v -0.097929 -0.103408 0.404364
v -0.120209 -0.129694 0.377925
v -0.106457 -0.139989 0.349976
v -0.058727 -0.136437 0.379597
v -0.036952 -0.116448 0.407824
v -0.337795 0.082855 -0.264454
v -0.336030 0.085782 -0.266692
v -0.319724 0.058285 -0.285885
v -0.311696 0.085782 -0.294508
v -0.293957 0.024791 -0.312328
v -0.286382 0.084390 -0.319416
v -0.255257 0.047787 -0.344290
v -0.273666 -0.000190 -0.330375
v -0.264357 -0.058613 -0.337870
v -0.292289 -0.023973 -0.314020
v -0.285304 0.085782 -0.320379
v -0.239489 -0.029330 -0.355782
v -0.213391 -0.000164 -0.372163
v -0.302641 0.128670 -0.280409
v -0.279607 0.117680 -0.314094
v -0.268664 0.110510 -0.328080
v -0.246298 0.131280 -0.327903
v -0.264124 0.141151 -0.296808
v -0.221544 0.149941 -0.292437
v -0.252443 0.149325 -0.276040
v -0.192797 0.149981 -0.311531
v -0.329013 0.084401 -0.259445
v -0.279177 0.085091 -0.312444
v -0.260127 0.060776 -0.328011
v -0.217068 -0.009884 -0.358389
v -0.271699 -0.041616 -0.318968
v -0.276505 -0.012085 -0.314811
v -0.291860 0.031154 -0.300219
v -0.325873 0.090331 -0.263073
v -0.294858 0.123546 -0.275715
v -0.228673 0.139819 -0.288108
v -0.215746 0.136440 -0.317470
v -0.253545 0.115519 -0.322352
v -0.321500 0.002362 -0.284040
v -0.345430 -0.036425 -0.253741
v -0.341450 0.031089 -0.259505
v -0.359610 0.060053 -0.233926
v -0.365451 0.000676 -0.224692
v -0.373047 -0.085782 -0.211842
v -0.386349 -0.042549 -0.185384
v -0.389795 -0.085782 -0.178739
v -0.403951 -0.085782 -0.144446
v -0.404357 -0.084581 -0.143305
v -0.378051 0.024119 -0.202777
v -0.373095 -0.085920 -0.211758
v -0.364862 -0.117115 -0.209713
v -0.375280 -0.130174 -0.168044
v -0.337820 -0.131222 -0.232613
v -0.345430 -0.140482 -0.198544
v -0.281985 -0.149883 -0.237470
v -0.322074 -0.149944 -0.176901
v -0.359464 -0.110632 -0.224854
v -0.394733 -0.085184 -0.140524
v -0.374572 -0.036699 -0.186216
v -0.362835 0.011603 -0.209551
v -0.360547 0.042085 -0.213462
v -0.332707 0.029650 -0.254690
v -0.364782 -0.085840 -0.207094
v -0.354312 -0.103408 -0.218091
v -0.322282 -0.129694 -0.231111
v -0.299949 -0.139989 -0.209395
v -0.342870 -0.136437 -0.173155
v -0.376444 -0.116448 -0.161168
v -0.428724 0.082855 -0.015397
v -0.428612 0.085782 -0.018245
v -0.426701 0.058285 -0.043357
v -0.425275 0.085782 -0.055051
v -0.421398 0.024791 -0.079895
v -0.419436 0.084390 -0.090082
v -0.408876 0.047787 -0.128501
v -0.415590 -0.000190 -0.106422
v -0.412465 -0.058613 -0.117957
v -0.421043 -0.023973 -0.082244
v -0.419130 0.085782 -0.091495
v -0.402874 -0.029330 -0.147066
v -0.391389 -0.000164 -0.175658
v -0.409662 0.128670 -0.048968
v -0.410827 0.117680 -0.089759
v -0.410194 0.110510 -0.107506
v -0.391996 0.131280 -0.120509
v -0.388141 0.141151 -0.084875
v -0.351123 0.149941 -0.106366
v -0.366483 0.149325 -0.074939
v -0.339090 0.149981 -0.138710
v -0.418675 0.084401 -0.016506
v -0.409509 0.085091 -0.088677
v -0.403247 0.060776 -0.112467
v -0.386267 -0.009884 -0.162354
v -0.407294 -0.041616 -0.098350
v -0.408739 -0.012085 -0.092161
v -0.412584 0.031154 -0.071331
v -0.418267 0.090331 -0.021287
v -0.400606 0.123546 -0.049744
v -0.354345 0.139819 -0.098674
v -0.361146 0.136440 -0.130026
v -0.394596 0.115519 -0.111759
v -0.427054 0.002362 -0.040820
v -0.428604 -0.036425 -0.002242
v -0.428772 0.031089 -0.009244
v -0.428429 0.060053 0.022124
v -0.427727 0.000676 0.033027
v -0.426319 -0.085782 0.047887
v -0.421529 -0.042549 0.077112
v -0.420411 -0.085782 0.084513
v -0.411706 -0.085782 0.120577
v -0.411364 -0.084581 0.121739
v -0.425039 0.024119 0.058163
v -0.426308 -0.085920 0.047984
v -0.418446 -0.117115 0.044800
v -0.402381 -0.130174 0.084633
v -0.410029 -0.131222 0.010377
v -0.396160 -0.140482 0.042414
v -0.367712 -0.149883 -0.026371
v -0.364543 -0.149944 0.046195
v -0.422978 -0.110632 0.029377
v -0.401944 -0.085184 0.118332
v -0.412490 -0.036699 0.069516
v -0.416711 0.011603 0.043739
v -0.417159 0.042085 0.039229
v -0.418869 0.029650 -0.010489
v -0.415444 -0.085839 0.046713
v -0.414835 -0.103408 0.031819
v -0.396575 -0.129694 0.002460
v -0.365743 -0.139989 0.006902
v -0.379166 -0.136437 0.061449
v -0.399282 -0.116448 0.090881
v -0.355895 0.082855 0.239541
v -0.357478 0.085782 0.237171
v -0.370692 0.058285 0.215732
v -0.376413 0.085782 0.205433
v -0.387879 0.024791 0.183056
v -0.392279 0.084390 0.173660
v -0.406318 0.047787 0.136372
v -0.398773 -0.000190 0.158180
v -0.403024 -0.058613 0.147011
v -0.388973 -0.023973 0.180946
v -0.392862 0.085782 0.172338
v -0.412375 -0.029330 0.117824
v -0.419890 -0.000164 0.087942
v -0.360206 0.128670 0.201177
v -0.385125 0.117680 0.168862
v -0.395044 0.110510 0.154132
v -0.387965 0.131280 0.132915
v -0.363900 0.141151 0.159478
v -0.346585 0.149941 0.120333
v -0.340539 0.149325 0.154786
v -0.355861 0.149981 0.087093
v -0.348417 0.084401 0.232737
v -0.383423 0.085091 0.168962
v -0.392341 0.060776 0.146035
v -0.407926 -0.009884 0.095695
v -0.387316 -0.041616 0.159835
v -0.384848 -0.012085 0.165690
v -0.375715 0.031154 0.184802
v -0.350898 0.090331 0.228630
v -0.353336 0.123546 0.195227
v -0.344670 0.139819 0.128450
v -0.368601 0.136440 0.107083
v -0.384925 0.115519 0.141523
v -0.369487 0.002362 0.217991
v -0.348066 -0.036425 0.250113
v -0.352317 0.031089 0.244547
v -0.333603 0.060053 0.269723
v -0.326626 0.000676 0.278131
v -0.316752 -0.085782 0.289326
v -0.295699 -0.042549 0.310153
v -0.290444 -0.085782 0.315484
v -0.262204 -0.085782 0.339544
v -0.261245 -0.084581 0.340283
v -0.309676 0.024119 0.296887
v -0.316686 -0.085920 0.289397
v -0.312197 -0.117115 0.282200
v -0.275787 -0.130174 0.304984
v -0.325620 -0.131222 0.249404
v -0.295570 -0.140482 0.267170
v -0.312986 -0.149883 0.194801
v -0.267769 -0.149944 0.251646
v -0.324929 -0.110632 0.272387
v -0.255626 -0.085184 0.331989
v -0.292851 -0.036699 0.298696
v -0.311417 0.011603 0.280322
v -0.314430 0.042085 0.276937
v -0.345037 0.029650 0.237719
v -0.308298 -0.085838 0.281668
v -0.316905 -0.103408 0.269576
v -0.319390 -0.129694 0.235091
v -0.291836 -0.139989 0.220562
v -0.270633 -0.136437 0.272581
v -0.269608 -0.116448 0.308216
v -0.117840 0.082855 -0.412498
v -0.115097 0.085782 -0.413272
v -0.090623 0.058285 -0.419214
v -0.079060 0.085782 -0.421472
v -0.054235 0.024791 -0.425462
v -0.043940 0.084390 -0.426744
v -0.004138 0.047787 -0.428573
v -0.027211 -0.000190 -0.428136
v -0.015275 -0.058613 -0.428728
v -0.051890 -0.023973 -0.425850
v -0.042502 0.085782 -0.426889
v 0.015373 -0.029330 -0.428602
v 0.046115 -0.000164 -0.426514
v -0.080021 0.128670 -0.404744
v -0.041587 0.117680 -0.418456
v -0.024513 0.110510 -0.423339
v -0.006522 0.131280 -0.410049
v -0.039221 0.141151 -0.395371
v -0.007343 0.149941 -0.366807
v -0.041978 0.149325 -0.371704
v 0.027137 0.149981 -0.365357
v -0.113679 0.084401 -0.403284
v -0.042208 0.085091 -0.416869
v -0.017647 0.060776 -0.418265
v 0.035044 -0.009884 -0.417532
v -0.032324 -0.041616 -0.417751
v -0.038656 -0.012085 -0.417213
v -0.059655 0.031154 -0.414433
v -0.109007 0.090331 -0.404374
v -0.076485 0.123546 -0.396371
v -0.015655 0.139819 -0.367494
v 0.012062 0.136440 -0.383651
v -0.015648 0.115519 -0.409818
v -0.093144 0.002362 -0.418766
v -0.130313 -0.036425 -0.408320
v -0.123706 0.031089 -0.410643
v -0.153433 0.060053 -0.400624
v -0.163585 0.000676 -0.396587
v -0.177283 -0.085782 -0.390655
v -0.203597 -0.042549 -0.377069
v -0.210291 -0.085782 -0.373719
v -0.241900 -0.085782 -0.354296
v -0.242899 -0.084581 -0.353611
v -0.186661 0.024119 -0.386263
v -0.177372 -0.085920 -0.390615
v -0.171914 -0.117115 -0.384122
v -0.204834 -0.130174 -0.356534
v -0.136575 -0.131222 -0.386754
v -0.162758 -0.140482 -0.363664
v -0.088549 -0.149883 -0.357864
v -0.156584 -0.149944 -0.332426
v -0.158647 -0.110632 -0.393198
v -0.236747 -0.085184 -0.345705
v -0.193580 -0.036699 -0.370820
v -0.170369 0.011603 -0.382799
v -0.166219 0.042085 -0.384619
v -0.119462 0.029650 -0.401609
v -0.173388 -0.085840 -0.381956
v -0.158453 -0.103408 -0.384699
v -0.124888 -0.129694 -0.376405
v -0.119585 -0.139989 -0.345710
v -0.175610 -0.136437 -0.341620
v -0.209818 -0.116448 -0.351656
v 0.305090 -0.129999 -0.155451
v 0.300630 -0.129999 0.183612
v 0.129407 -0.129999 0.341002
v 0.015459 -0.129999 0.344667
v -0.320790 -0.129999 0.163451
v -0.325251 -0.129999 -0.135290
v -0.053565 -0.129999 -0.338195
v 0.109034 -0.129999 0.348016
v 0.085475 0.000000 -0.177491
v 0.000000 0.000000 -0.197000
v 0.057407 -0.043488 -0.189244
v 0.000000 -0.054492 -0.198326
v 0.000000 -0.089279 -0.202675
v 0.058105 -0.074696 -0.191545
v 0.000000 -0.110107 -0.211065
v 0.061361 -0.110550 -0.202280
v 0.000000 -0.121538 -0.224932
v 0.068271 -0.125059 -0.225058
v 0.000000 -0.129290 -0.275423
v 0.117125 -0.129341 -0.247639
v 0.036148 -0.129341 0.274569
v -0.116434 -0.129341 0.246179
v -0.045882 -0.125059 0.230666
v -0.100218 -0.125059 0.211894
v -0.074459 -0.110550 0.197833
v -0.105691 -0.110550 0.183062
v -0.100082 -0.074696 0.173347
v -0.126983 -0.074696 0.154729
v -0.125457 -0.043488 0.152870
v -0.148683 -0.043488 0.130392
v -0.154021 0.000000 0.122827
v -0.167938 -0.043488 0.104430
v -0.182706 -0.043488 0.075679
v -0.169980 -0.074696 0.105700
v -0.184928 -0.074696 0.076600
v -0.179506 -0.110550 0.111624
v -0.195291 -0.110550 0.080892
v -0.208501 -0.125059 0.107098
v -0.221693 -0.129341 -0.161694
v -0.119294 -0.129341 -0.247107
v -0.127019 -0.125059 -0.197000
v -0.099645 -0.110550 -0.186422
v -0.067946 -0.110550 -0.200164
v -0.064341 -0.074696 -0.189542
v -0.134099 -0.110550 0.163400
v -0.150492 -0.074696 0.131978
v -0.163011 -0.125059 0.168434
v -0.158925 -0.110550 0.139374
v -0.075598 -0.125059 -0.222704
v -0.063568 -0.043488 -0.187264
v -0.094357 -0.074696 -0.176529
v -0.093223 -0.043488 -0.174408
v -0.121852 -0.074696 -0.158801
v -0.120388 -0.043488 -0.156893
v -0.146093 -0.074696 -0.136831
v -0.144338 -0.043488 -0.135187
v -0.166431 -0.074696 -0.111205
v -0.164431 -0.043488 -0.109869
v -0.182323 -0.074696 -0.082609
v -0.180132 -0.043488 -0.081617
v -0.193344 -0.074696 -0.051806
v -0.191021 -0.043488 -0.051184
v -0.199736 -0.074696 0.013091
v -0.197336 -0.043488 0.012934
v -0.085475 0.000000 -0.177491
v -0.154021 0.000000 -0.122827
v -0.192061 0.000000 -0.043837
v -0.192061 0.000000 0.043837
v -0.085475 0.000000 0.177491
v -0.098880 -0.043488 0.171265
v -0.070508 -0.074696 0.187335
v -0.041239 -0.110550 0.207320
v 0.030698 -0.125059 0.233173
v 0.150527 -0.129341 0.229422
v 0.000000 0.000000 0.197000
v -0.038581 -0.043488 0.193960
v -0.069661 -0.043488 0.185084
v 0.025813 -0.043488 0.196068
v 0.085475 0.000000 0.177491
v 0.087467 -0.043488 0.177365
v 0.115191 -0.043488 0.160748
v 0.116591 -0.074696 0.162703
v 0.141538 -0.074696 0.141538
v 0.149470 -0.110550 0.149470
v 0.186422 -0.110550 0.099645
v 0.207415 -0.125059 0.110866
v 0.230666 -0.125059 0.045882
v 0.257927 -0.129341 0.092288
v 0.275604 -0.129341 -0.027145
v 0.154021 0.000000 0.122827
v 0.139837 -0.043488 0.139837
v 0.176529 -0.074696 0.094357
v 0.207320 -0.110550 0.041239
v 0.234053 -0.125059 -0.023052
v 0.234967 -0.129341 -0.140834
v 0.174408 -0.043488 0.093223
v 0.192061 0.000000 0.043837
v 0.193960 -0.043488 0.038581
v 0.196807 -0.043488 -0.019384
v 0.199201 -0.074696 -0.019620
v 0.184928 -0.074696 -0.076600
v 0.195291 -0.110550 -0.080892
v 0.163400 -0.110550 -0.134099
v 0.181801 -0.125059 -0.149200
v 0.130662 -0.125059 -0.195549
v 0.192061 0.000000 -0.043837
v 0.182706 -0.043488 -0.075679
v 0.154729 -0.074696 -0.126983
v 0.117437 -0.110550 -0.175758
v 0.154021 0.000000 -0.122827
v 0.152870 -0.043488 -0.125457
v 0.111205 -0.074696 -0.166431
v 0.109869 -0.043488 -0.164431
v 0.217283 -0.125059 -0.090001
v 0.210364 -0.110550 -0.020719
v 0.196318 -0.074696 0.039050
v 0.151646 -0.125059 0.178735
v 0.123125 -0.110550 0.171821
v 0.088530 -0.074696 0.179522
v 0.093492 -0.110550 0.189583
v 0.026127 -0.074696 0.198452
v 0.104020 -0.125059 0.210931
v 0.027591 -0.110550 0.209573
v -0.039050 -0.074696 0.196318
v -0.238776 -0.129341 0.135200
v -0.271923 -0.129341 -0.026782
v -0.234682 -0.125059 0.015382
v -0.220697 -0.125059 -0.078966
v -0.183601 -0.125059 -0.145716
v -0.210929 -0.110550 0.013825
v -0.204179 -0.110550 -0.054710
v -0.192540 -0.110550 -0.087239
v -0.175758 -0.110550 -0.117437
v -0.154280 -0.110550 -0.144499
v -0.128681 -0.110550 -0.167700
v 0.254581 0.129999 -0.254581
v 0.069977 0.126309 -0.230684
v 0.133928 0.126309 -0.200438
v 0.063466 0.117853 -0.209221
v 0.121467 0.117853 -0.181789
v 0.059646 0.099013 -0.196628
v 0.114156 0.099013 -0.170847
v 0.057746 0.062832 -0.190364
v 0.110520 0.062832 -0.165404
v 0.028161 0.129999 -0.351139
v 0.000000 0.129290 -0.275423
v 0.000000 0.121538 -0.224932
v 0.000000 0.110107 -0.211065
v 0.000000 0.089279 -0.202675
v 0.000000 0.054492 -0.198326
v 0.183787 0.062832 -0.076127
v 0.153775 0.062832 -0.126200
v 0.158835 0.099013 -0.130352
v 0.169007 0.117853 -0.138701
v 0.186345 0.126309 -0.152930
v 0.355599 0.129999 -0.056321
v 0.197972 0.062832 -0.019499
v 0.195107 0.062832 0.038809
v 0.175440 0.062832 0.093775
v 0.181213 0.099013 0.096861
v 0.145293 0.099013 0.145293
v 0.154599 0.117853 0.154599
v 0.127350 0.117853 0.177717
v 0.123517 0.126309 0.206076
v -0.102724 0.126309 0.217191
v -0.077014 0.117853 0.204622
v -0.109318 0.117853 0.189344
v -0.072379 0.099013 0.192306
v -0.102738 0.099013 0.177947
v -0.070073 0.062832 0.186180
v -0.099465 0.062832 0.172278
v -0.126200 0.062832 0.153775
v -0.149563 0.062832 0.131164
v -0.168932 0.062832 0.105048
v -0.174490 0.099013 0.108505
v -0.189835 0.099013 0.078632
v -0.201993 0.117853 0.083668
v -0.218167 0.117853 0.014299
v -0.240548 0.126309 0.015766
v -0.226214 0.126309 -0.080941
v -0.254581 0.129999 -0.254581
v -0.196309 0.129714 -0.216594
v -0.188191 0.126309 -0.149359
v -0.130194 0.126309 -0.201925
v -0.159574 0.117853 -0.149457
v -0.133097 0.117853 -0.173455
v -0.149969 0.099013 -0.140462
v -0.125086 0.099013 -0.163015
v -0.145192 0.062832 -0.135987
v -0.121101 0.062832 -0.157822
v 0.140665 0.062832 0.140665
v 0.119685 0.099013 0.167020
v 0.096700 0.117853 0.196088
v 0.031465 0.126309 0.239002
v -0.028161 0.129999 0.351139
v -0.091101 0.129714 0.275958
v 0.115872 0.062832 0.161699
v 0.087984 0.062832 0.178415
v 0.025966 0.062832 0.197228
v 0.026820 0.099013 0.203718
v -0.040086 0.099013 0.201527
v -0.042654 0.117853 0.214434
v -0.038809 0.062832 0.195107
v -0.183787 0.062832 0.076127
v -0.198504 0.062832 0.013011
v -0.192151 0.062832 -0.051487
v -0.181198 0.062832 -0.082100
v -0.187160 0.099013 -0.084801
v -0.170847 0.099013 -0.114156
v -0.181789 0.117853 -0.121467
v -0.165404 0.062832 -0.110520
v -0.063944 0.062832 -0.188373
v -0.093775 0.062832 -0.175440
v -0.096861 0.099013 -0.181213
v -0.103064 0.117853 -0.192819
v -0.066048 0.099013 -0.194571
v -0.070278 0.117853 -0.207032
v -0.077488 0.126309 -0.228271
v -0.355599 0.129999 -0.056321
v -0.213713 0.126309 0.109775
v -0.185666 0.117853 0.115454
v -0.154485 0.099013 0.135479
v -0.300630 0.129999 0.183612
v -0.231656 0.129714 0.171808
v -0.164379 0.117853 0.144156
v -0.130352 0.099013 0.158835
v -0.167086 0.126309 0.172645
v -0.138701 0.117853 0.169007
v 0.170458 0.126309 0.170458
v 0.192819 0.117853 0.103064
v 0.201527 0.099013 0.040086
v 0.289776 0.129714 0.014236
v 0.267525 0.129999 0.229177
v 0.189835 0.099013 -0.078632
v 0.204486 0.099013 -0.020140
v 0.201993 0.117853 -0.083668
v 0.217583 0.117853 -0.021430
v 0.214434 0.117853 0.042654
v 0.222714 0.126309 -0.092251
v 0.239904 0.126309 -0.023628
v 0.236432 0.126309 0.047029
v 0.212600 0.126309 0.113637
v 0.028538 0.117853 0.216765
v 0.090880 0.099013 0.184285
v -0.047029 0.126309 0.236432
v -0.205036 0.099013 0.013439
v -0.211186 0.117853 -0.056587
v -0.198474 0.099013 -0.053181
v -0.199147 0.117853 -0.090232
vt 2.802950 2.457407 0.000000
vt 2.517992 2.750113 0.000000
vt 0.000000 0.000000 0.000000
vt 1.177582 -2.749940 0.000000
vt 3.695763 0.000000 0.000000
vt 0.000000 0.000000 0.000000
vt 3.691991 3.349500 0.000000
vt 2.514005 6.099267 0.000000
vt 0.000000 0.000000 0.000000
vt 1.037157 -5.960041 0.000000
vt 3.551387 0.139133 0.000000
vt 0.000000 0.000000 0.000000
vt 5.019251 -2.299780 0.000000
vt 3.984112 3.660612 0.000000
vt 0.000000 0.000000 0.000000
vt 2.714801 2.498943 0.000000
vt -2.304150 4.799377 0.000000
vt 0.000000 0.000000 0.000000
vt 1.194810 5.842324 0.000000
vt -1.112766 10.640055 0.000000
vt 0.000000 0.000000 0.000000
vt -2.478464 2.378407 0.000000
vt -3.672784 -3.464018 0.000000
vt 0.000000 0.000000 0.000000
vt 3.551380 0.139292 0.000000
vt -0.144382 0.139292 0.000000
vt 0.000000 0.000000 0.000000
vt 3.064798 -2.928296 0.000000
vt 1.951116 7.711663 0.000000
vt 0.000000 0.000000 0.000000
vt 3.081009 -2.916894 0.000000
vt 5.029098 4.795535 0.000000
vt 0.000000 0.000000 0.000000
vt 3.695763 0.000000 0.000000
vt 0.464860 4.580999 0.000000
vt 0.000000 0.000000 0.000000
vt 3.565867 -3.404805 0.000000
vt 4.060045 1.173124 0.000000
vt 0.000000 0.000000 0.000000
vt 3.695763 -0.000000 0.000000
vt 0.033121 3.300479 0.000000
vt 0.000000 0.000000 0.000000
vt 1.712100 -2.558405 0.000000
vt 1.765598 0.741807 0.000000
vt 0.000000 0.000000 0.000000
vt 1.782089 -2.478124 0.000000
vt 3.495521 -1.622693 0.000000
vt 0.000000 0.000000 0.000000
vt -3.449104 -1.387392 0.000000
vt -0.102853 -3.299041 0.000000
vt 0.000000 0.000000 0.000000
vt -3.828149 2.744652 0.000000
vt -4.265791 -0.947182 0.000000
vt 0.000000 0.000000 0.000000
vt 2.369904 2.573519 0.000000
vt -1.901555 1.652233 0.000000
vt 0.000000 0.000000 0.000000
vt 5.325775 1.136447 0.000000
vt 3.392697 2.751684 0.000000
vt 0.000000 0.000000 0.000000
vt 3.933519 1.545190 0.000000
vt -0.066846 3.299967 0.000000
vt 0.000000 0.000000 0.000000
vt 3.866515 -2.690335 0.000000
vt 5.898350 0.099177 0.000000
vt 0.000000 0.000000 0.000000
vt -1.000258 -0.213307 0.000000
vt 0.999741 -0.213307 0.000000
vt 0.000000 0.000000 0.000000
vt -1.000216 -0.188352 0.000000
vt 0.000015 -0.399351 0.000000
vt 0.000000 0.000000 0.000000
vt 1.000208 -0.190593 0.000000
vt 1.999999 0.000000 0.000000
vt 0.000000 0.000000 0.000000
vt -0.999810 0.192671 0.000000
vt -0.999715 -0.215836 0.000000
vt 0.000000 0.000000 0.000000
vt 1.000059 0.098412 0.000000
vt -0.999941 0.098412 0.000000
vt 0.000000 0.000000 0.000000
vt 1.000059 0.098608 0.000000
vt 0.000001 0.195822 0.000000
vt 0.000000 0.000000 0.000000
vt -1.000060 0.099795 0.000000
vt -2.000001 0.000000 0.000000
vt 0.000000 0.000000 0.000000
vt 0.999936 -0.101024 0.000000
vt 0.999942 0.099596 0.000000
vt 0.000000 0.000000 0.000000
vt 1.112702 3.459793 0.000000
vt -0.887299 3.459793 0.000000
vt 0.000000 0.000000 0.000000
vt 0.998510 1.871661 0.000000
vt -0.087031 5.274464 0.000000
vt 0.000000 0.000000 0.000000
vt -1.017677 1.881195 0.000000
vt -1.998105 -0.000000 0.000000
vt 0.000000 0.000000 0.000000
vt 0.254374 6.944370 0.000000
vt -1.743731 6.944370 0.000000
vt 0.000000 0.000000 0.000000
vt 2.000000 0.000000 0.000000
vt -0.319884 6.773699 0.000000
vt 0.000000 0.000000 0.000000
vt 0.942906 -1.919763 0.000000
vt 1.013109 3.490256 0.000000
vt 0.000000 0.000000 0.000000
vt 1.012033 1.397537 0.000000
vt -0.987967 1.397537 0.000000
vt 0.000000 0.000000 0.000000
vt 1.056277 2.759791 0.000000
vt 0.043386 4.139371 0.000000
vt 0.000000 0.000000 0.000000
vt -1.035757 2.793475 0.000000
vt -1.999432 0.000000 0.000000
vt 0.000000 0.000000 0.000000
vt 2.092127 4.135690 0.000000
vt 0.092695 4.135690 0.000000
vt 0.000000 0.000000 0.000000
vt -0.121742 4.237108 0.000000
vt -1.999999 0.000000 0.000000
vt 0.000000 0.000000 0.000000
vt -0.989012 -1.413922 0.000000
vt -0.053101 -4.242413 0.000000
vt 0.000000 0.000000 0.000000
vt -1.036267 -2.434499 0.000000
vt 0.963732 -2.434499 0.000000
vt 0.000000 0.000000 0.000000
vt -1.068582 -2.508502 0.000000
vt -0.060795 -4.925097 0.000000
vt 0.000000 0.000000 0.000000
vt 1.040610 -2.552258 0.000000
vt 2.000001 -0.000000 0.000000
vt 0.000000 0.000000 0.000000
vt -0.992811 2.571228 0.000000
vt -0.930052 -2.477022 0.000000
vt 0.000000 0.000000 0.000000
vt -1.017465 -1.695753 0.000000
vt 0.982536 -1.695753 0.000000
vt 0.000000 0.000000 0.000000
vt -1.018049 -1.676757 0.000000
vt -0.001984 -3.352635 0.000000
vt 0.000000 0.000000 0.000000
vt 1.017531 -1.697851 0.000000
vt 1.999998 0.000000 0.000000
vt 0.000000 0.000000 0.000000
vt -0.983168 1.717978 0.000000
vt -0.981051 -1.717076 0.000000
vt 0.000000 0.000000 0.000000
vt -1.161768 -4.569345 0.000000
vt 0.838231 -4.569345 0.000000
vt 0.000000 0.000000 0.000000
vt -1.049741 -1.499330 0.000000
vt -0.001634 -6.025147 0.000000
vt 0.000000 0.000000 0.000000
vt 1.020156 -4.017317 0.000000
vt 2.013087 -2.479774 0.000000
vt 0.000000 0.000000 0.000000
vt -2.124603 -3.601969 0.000000
vt -0.081485 -6.057059 0.000000
vt 0.000000 0.000000 0.000000
vt 0.101813 -3.726260 0.000000
vt 1.999998 0.000000 0.000000
vt 0.000000 0.000000 0.000000
vt 1.009162 0.946963 0.000000
vt 0.072022 4.984452 0.000000
vt 0.000000 0.000000 0.000000
vt 0.902447 4.627549 0.000000
vt -0.113696 3.688080 0.000000
vt 0.000000 0.000000 0.000000
vt -1.020586 -0.572740 0.000000
vt 0.979414 -0.572740 0.000000
vt 0.000000 0.000000 0.000000
vt -2.488304 -3.497685 0.000000
vt -1.549385 -4.134641 0.000000
vt 0.000000 0.000000 0.000000
vt -2.772889 -3.815866 0.000000
vt 0.419073 -0.945878 0.000000
vt 0.000000 0.000000 0.000000
vt -4.425475 -0.700600 0.000000
vt -4.047779 -1.663748 0.000000
vt 0.000000 0.000000 0.000000
vt -4.233475 -2.591341 0.000000
vt 0.206484 -1.989312 0.000000
vt 0.000000 0.000000 0.000000
vt 4.069552 2.841848 0.000000
vt -0.877220 0.564824 0.000000
vt 0.000000 0.000000 0.000000
vt 2.760286 3.824993 0.000000
vt 1.899814 4.415017 0.000000
vt 0.000000 0.000000 0.000000
vt 0.788272 4.741339 0.000000
vt -1.026199 -0.562620 0.000000
vt 0.000000 0.000000 0.000000
vt -2.662349 0.960245 0.000000
vt -2.599201 -1.038758 0.000000
vt 0.000000 0.000000 0.000000
vt -1.579342 0.985300 0.000000
vt -4.181478 -0.046084 0.000000
vt 0.000000 0.000000 0.000000
vt -3.451045 -0.003959 0.000000
vt -4.284353 -1.016721 0.000000
vt 0.000000 0.000000 0.000000
vt 0.000907 2.000000 0.000000
vt -4.283507 0.983536 0.000000
vt 0.000000 0.000000 0.000000
vt 2.708221 -0.000842 0.000000
vt -1.571972 0.997016 0.000000
vt 0.000000 0.000000 0.000000
vt 0.832549 1.013386 0.000000
vt -2.665400 0.951744 0.000000
vt 0.000000 0.000000 0.000000
vt 4.548787 -1.332309 0.000000
vt 2.400191 0.667753 0.000000
vt 0.000000 0.000000 0.000000
vt -0.035922 -1.999678 0.000000
vt 2.370362 -1.354228 0.000000
vt 0.000000 0.000000 0.000000
vt -5.584366 1.901376 0.000000
vt -3.227005 0.524639 0.000000
vt 0.000000 0.000000 0.000000
vt -0.443322 1.766613 0.000000
vt -3.661134 2.344970 0.000000
vt 0.000000 0.000000 0.000000
vt -1.939802 2.356715 0.000000
vt -1.594293 0.568398 0.000000
vt 0.000000 0.000000 0.000000
vt 1.043801 3.203297 0.000000
vt -0.519442 3.852233 0.000000
vt 0.000000 0.000000 0.000000
vt -0.531521 3.032195 0.000000
vt -2.000000 -0.000000 0.000000
vt 0.000000 0.000000 0.000000
vt -3.676297 2.321126 0.000000
vt -1.671948 0.176528 0.000000
vt 0.000000 0.000000 0.000000
vt -0.988328 3.759352 0.000000
vt -2.657493 3.960496 0.000000
vt 0.000000 0.000000 0.000000
vt -3.162194 -2.872834 0.000000
vt 0.698606 -6.751640 0.000000
vt 0.000000 0.000000 0.000000
vt -3.136975 -2.896424 0.000000
vt -2.436625 -9.647883 0.000000
vt 0.000000 0.000000 0.000000
vt -1.091971 5.937815 0.000000
vt -3.527918 -3.710239 0.000000
vt 0.000000 0.000000 0.000000
vt -1.490131 8.646254 0.000000
vt -5.017920 4.935892 0.000000
vt 0.000000 0.000000 0.000000
vt -4.451689 4.322775 0.000000
vt -2.961170 -4.323413 0.000000
vt 0.000000 0.000000 0.000000
vt -0.748499 4.323230 0.000000
vt -3.709937 0.000000 0.000000
vt 0.000000 0.000000 0.000000
vt -4.455645 4.323712 0.000000
vt -3.709937 0.000000 0.000000
vt 0.000000 0.000000 0.000000
vt -4.574924 4.205426 0.000000
vt -0.121042 -0.120102 0.000000
vt 0.000000 0.000000 0.000000
vt 1.091858 -5.937836 0.000000
vt 3.619802 -3.593555 0.000000
vt 0.000000 0.000000 0.000000
vt -3.709937 0.000000 0.000000
vt -3.700232 -0.013799 0.000000
vt 0.000000 0.000000 0.000000
vt 3.888483 3.241566 0.000000
vt 0.188252 3.227297 0.000000
vt 0.000000 0.000000 0.000000
vt -0.482200 4.767101 0.000000
vt -4.264621 1.402382 0.000000
vt 0.000000 0.000000 0.000000
vt 7.464317 0.139051 0.000000
vt 3.323042 1.872114 0.000000
vt 0.000000 0.000000 0.000000
vt 4.119623 1.517734 0.000000
vt -3.344394 1.363462 0.000000
vt 0.000000 0.000000 0.000000
vt 4.785459 -5.778313 0.000000
vt 5.469173 -2.231971 0.000000
vt 0.000000 0.000000 0.000000
vt 3.039245 1.340703 0.000000
vt -1.862631 7.020591 0.000000
vt 0.000000 0.000000 0.000000
vt 0.173958 3.228099 0.000000
vt -1.598172 0.670876 0.000000
vt 0.000000 0.000000 0.000000
vt 3.423544 1.681297 0.000000
vt 1.872021 2.453957 0.000000
vt 0.000000 0.000000 0.000000
vt -3.039064 -1.341112 0.000000
vt 2.135566 -3.835905 0.000000
vt 0.000000 0.000000 0.000000
vt 0.434722 -4.771665 0.000000
vt 3.709937 0.000000 0.000000
vt 0.000000 0.000000 0.000000
vt -1.999999 0.000000 0.000000
vt -2.202794 -5.343435 0.000000
vt 0.000000 0.000000 0.000000
vt -0.134887 5.471081 0.000000
vt -1.998183 0.000000 0.000000
vt 0.000000 0.000000 0.000000
vt 2.241056 6.869522 0.000000
vt 0.242873 6.869522 0.000000
vt 0.000000 0.000000 0.000000
vt -0.332470 7.030791 0.000000
vt -2.000000 0.000000 0.000000
vt 0.000000 0.000000 0.000000
vt -1.000042 -0.083922 0.000000
vt 0.999956 -0.083922 0.000000
vt 0.000000 0.000000 0.000000
vt -1.000040 -0.083619 0.000000
vt -0.000002 -0.166553 0.000000
vt 0.000000 0.000000 0.000000
vt 1.000043 -0.084601 0.000000
vt 2.000001 0.000000 0.000000
vt 0.000000 0.000000 0.000000
vt -0.999957 0.085608 0.000000
vt -0.999958 -0.084908 0.000000
vt 0.000000 0.000000 0.000000
vt -1.373965 -6.951549 0.000000
vt 0.626036 -6.951549 0.000000
vt 0.000000 0.000000 0.000000
vt -0.957948 0.843257 0.000000
vt 0.084724 -6.058104 0.000000
vt 0.000000 0.000000 0.000000
vt -0.105651 -6.204253 0.000000
vt 0.909720 -5.364507 0.000000
vt 0.000000 0.000000 0.000000
vt -1.999999 0.000000 0.000000
vt -0.761791 -5.298336 0.000000
vt 0.000000 0.000000 0.000000
vt 0.130217 6.056574 0.000000
vt -0.978134 0.819758 0.000000
vt 0.000000 0.000000 0.000000
vt 0.573651 7.062771 0.000000
vt -0.422048 6.199791 0.000000
vt 0.000000 0.000000 0.000000
vt -1.015862 -1.588412 0.000000
vt 0.984137 -1.588412 0.000000
vt 0.000000 0.000000 0.000000
vt -1.017753 -1.794991 0.000000
vt -0.000140 -3.362168 0.000000
vt 0.000000 0.000000 0.000000
vt 1.020675 -1.816243 0.000000
vt 2.000000 0.000000 0.000000
vt 0.000000 0.000000 0.000000
vt -0.976048 1.840610 0.000000
vt -0.986185 -1.607005 0.000000
vt 0.000000 0.000000 0.000000
vt -1.037445 -2.521387 0.000000
vt 0.962554 -2.521387 0.000000
vt 0.000000 0.000000 0.000000
vt -1.033950 -2.491319 0.000000
vt 0.004765 -4.982297 0.000000
vt 0.000000 0.000000 0.000000
vt 1.037337 -2.519723 0.000000
vt 2.000000 0.000000 0.000000
vt 0.000000 0.000000 0.000000
vt -0.959188 2.550497 0.000000
vt -0.964588 -2.550148 0.000000
vt 0.000000 0.000000 0.000000
vt -2.000000 0.000000 0.000000
vt -2.121587 -4.161603 0.000000
vt 0.000000 0.000000 0.000000
vt 0.915250 4.467172 0.000000
vt -1.010621 0.211459 0.000000
vt 0.000000 0.000000 0.000000
vt -0.133569 4.267557 0.000000
vt -0.985893 -0.212047 0.000000
vt 0.000000 0.000000 0.000000
vt 0.063256 4.271843 0.000000
vt -0.922213 4.057834 0.000000
vt 0.000000 0.000000 0.000000
vt 1.999999 0.000000 0.000000
vt 0.896617 4.012362 0.000000
vt 0.000000 0.000000 0.000000
vt -0.114307 -4.162803 0.000000
vt 1.011226 -0.208546 0.000000
vt 0.000000 0.000000 0.000000
vt -0.000019 -0.013265 0.000000
vt 0.906239 -0.007991 0.000000
vt 0.000000 0.000000 0.000000
vt -1.093732 0.010475 0.000000
vt -1.999993 0.005575 0.000000
vt 0.000000 0.000000 0.000000
vt 0.000021 0.016870 0.000000
vt -1.093738 0.009872 0.000000
vt 0.000000 0.000000 0.000000
vt 0.906244 -0.007425 0.000000
vt 2.000000 0.000000 0.000000
vt 0.000000 0.000000 0.000000
vt 1.323572 2.288172 0.000000
vt -0.676421 2.293793 0.000000
vt 0.000000 0.000000 0.000000
vt 2.600126 1.855584 0.000000
vt 2.377887 4.236684 0.000000
vt 0.000000 0.000000 0.000000
vt 3.172724 2.966064 0.000000
vt 0.374989 1.424466 0.000000
vt 0.000000 0.000000 0.000000
vt 4.159596 0.024898 0.000000
vt 4.631765 1.420167 0.000000
vt 0.000000 0.000000 0.000000
vt 4.078552 2.020906 0.000000
vt -0.081058 1.998357 0.000000
vt 0.000000 0.000000 0.000000
vt -3.988719 -2.192890 0.000000
vt 1.559708 -0.165944 0.000000
vt 0.000000 0.000000 0.000000
vt -3.144280 -2.996201 0.000000
vt -1.585466 -3.170341 0.000000
vt 0.000000 0.000000 0.000000
vt -1.133296 -3.358631 0.000000
vt 0.695492 -0.872287 0.000000
vt 0.000000 0.000000 0.000000
vt -1.594679 -2.108216 0.000000
vt -0.897342 -2.979029 0.000000
vt 0.000000 0.000000 0.000000
vt 3.332549 -0.991203 0.000000
vt 3.318959 1.008751 0.000000
vt 0.000000 0.000000 0.000000
vt 3.923722 -1.004039 0.000000
vt 7.242831 0.004218 0.000000
vt 0.000000 0.000000 0.000000
vt 3.930914 0.996398 0.000000
vt 0.007077 1.999987 0.000000
vt 0.000000 0.000000 0.000000
vt -3.332683 0.990752 0.000000
vt -7.263474 -0.006126 0.000000
vt 0.000000 0.000000 0.000000
vt 2.112786 -1.351165 0.000000
vt 2.178439 0.647757 0.000000
vt 0.000000 0.000000 0.000000
vt 2.131029 -2.098023 0.000000
vt 4.300779 -1.421730 0.000000
vt 0.000000 0.000000 0.000000
vt 3.433715 -2.216813 0.000000
vt 1.438737 0.010977 0.000000
vt 0.000000 0.000000 0.000000
vt 1.035172 -3.819248 0.000000
vt 2.473897 -3.806920 0.000000
vt 0.000000 0.000000 0.000000
vt 2.027008 -3.956956 0.000000
vt 1.999998 0.000000 0.000000
vt 0.000000 0.000000 0.000000
vt -2.837793 3.422455 0.000000
vt 0.153830 -1.531939 0.000000
vt 0.000000 0.000000 0.000000
vt -3.425055 2.230170 0.000000
vt -3.266294 0.698735 0.000000
vt 0.000000 0.000000 0.000000
vt -3.280815 0.627025 0.000000
vt 2.112052 -1.352312 0.000000
vt 0.000000 0.000000 0.000000
vt 1.164328 7.631453 0.000000
vt -0.042040 0.002466 0.000000
vt 0.000000 0.000000 0.000000
vt 0.380183 4.165573 0.000000
vt 0.338142 4.168039 0.000000
vt 0.000000 0.000000 0.000000
vt -3.425880 14.598215 0.000000
vt -3.806935 10.432722 0.000000
vt 0.000000 0.000000 0.000000
vt 3.777163 -2.644416 0.000000
vt 0.043151 7.814627 0.000000
vt 0.000000 0.000000 0.000000
vt -1.914215 4.676855 0.000000
vt -5.687843 7.326313 0.000000
vt 0.000000 0.000000 0.000000
vt 0.994535 4.634374 0.000000
vt -4.510555 12.098984 0.000000
vt 0.000000 0.000000 0.000000
vt 13.115038 1.303184 0.000000
vt 0.238737 2.268273 0.000000
vt 0.000000 0.000000 0.000000
vt 0.509689 1.231221 0.000000
vt -12.612301 0.000000 0.000000
vt 0.000000 0.000000 0.000000
vt 8.254005 2.435927 0.000000
vt -4.358296 2.435927 0.000000
vt 0.000000 0.000000 0.000000
vt 2.070179 2.345653 0.000000
vt -6.209932 0.000000 0.000000
vt 0.000000 0.000000 0.000000
vt -0.058782 -2.707583 0.000000
vt 1.147643 4.921395 0.000000
vt 0.000000 0.000000 0.000000
vt 0.455013 -9.263875 0.000000
vt 1.570576 -4.335110 0.000000
vt 0.000000 0.000000 0.000000
vt -4.537498 -6.362498 0.000000
vt -2.973721 -10.700065 0.000000
vt 0.000000 0.000000 0.000000
vt -0.264913 -4.855751 0.000000
vt 4.049201 1.660283 0.000000
vt 0.000000 0.000000 0.000000
vt -3.048517 -10.678996 0.000000
vt 2.755573 3.146960 0.000000
vt 0.000000 0.000000 0.000000
vt -2.723334 -3.173379 0.000000
vt 0.032565 -0.026705 0.000000
vt 0.000000 0.000000 0.000000
vt -5.460073 -5.463000 0.000000
vt -5.427508 -5.489705 0.000000
vt 0.000000 0.000000 0.000000
vt -1.639033 -2.155929 0.000000
vt 3.821179 3.306931 0.000000
vt 0.000000 0.000000 0.000000
vt -5.011740 -7.804417 0.000000
vt -1.240269 -4.440905 0.000000
vt 0.000000 0.000000 0.000000
vt -7.398056 -2.517744 0.000000
vt -8.660080 -6.952516 0.000000
vt 0.000000 0.000000 0.000000
vt -3.063024 -3.777086 0.000000
vt 4.253251 -1.030745 0.000000
vt 0.000000 0.000000 0.000000
vt -8.742895 -6.848083 0.000000
vt 4.078992 0.926477 0.000000
vt 0.000000 0.000000 0.000000
vt -4.068430 -0.966827 0.000000
vt 0.010651 -0.040742 0.000000
vt 0.000000 0.000000 0.000000
vt -7.628386 -1.210167 0.000000
vt -7.617739 -1.250910 0.000000
vt 0.000000 0.000000 0.000000
vt -2.593231 -0.780784 0.000000
vt 5.035165 0.429323 0.000000
vt 0.000000 0.000000 0.000000
vt -8.682735 -3.261372 0.000000
vt -3.648698 -2.819025 0.000000
vt 0.000000 0.000000 0.000000
vt -7.438079 2.396925 0.000000
vt -11.098130 -0.407344 0.000000
vt 0.000000 0.000000 0.000000
vt -4.780864 -0.889840 0.000000
vt 2.569971 -3.542290 0.000000
vt 0.000000 0.000000 0.000000
vt -11.098481 -0.397673 0.000000
vt 3.844010 -1.649281 0.000000
vt 0.000000 0.000000 0.000000
vt -3.859708 1.609205 0.000000
vt -0.015332 -0.039223 0.000000
vt 0.000000 0.000000 0.000000
vt -6.882702 3.505022 0.000000
vt -6.898039 3.465801 0.000000
vt 0.000000 0.000000 0.000000
vt -2.556897 0.892604 0.000000
vt 4.325878 -2.612274 0.000000
vt 0.000000 0.000000 0.000000
vt -8.900822 2.608025 0.000000
vt -4.610427 -0.062126 0.000000
vt 0.000000 0.000000 0.000000
vt -4.532215 6.366264 0.000000
vt -9.142646 6.304480 0.000000
vt 0.000000 0.000000 0.000000
vt -4.301064 2.269215 0.000000
vt -0.183121 -4.372535 0.000000
vt 0.000000 0.000000 0.000000
vt -9.211036 6.204132 0.000000
vt 2.139533 -3.594291 0.000000
vt 0.000000 0.000000 0.000000
vt -2.176471 3.570693 0.000000
vt -0.035461 -0.022719 0.000000
vt 0.000000 0.000000 0.000000
vt -3.508022 6.881174 0.000000
vt -3.543484 6.858457 0.000000
vt 0.000000 0.000000 0.000000
vt -1.543916 2.225038 0.000000
vt 1.964252 -4.656061 0.000000
vt 0.000000 0.000000 0.000000
vt -5.687843 7.326313 0.000000
vt -3.773628 2.649458 0.000000
vt 0.000000 0.000000 0.000000
vt 0.043151 7.814627 0.000000
vt -3.734012 10.459044 0.000000
vt 0.000000 0.000000 0.000000
vt -2.352241 4.256223 0.000000
vt -2.550974 -3.555996 0.000000
vt 0.000000 0.000000 0.000000
vt -3.806935 10.432722 0.000000
vt -0.381055 -4.165493 0.000000
vt 0.000000 0.000000 0.000000
vt 0.338142 4.168039 0.000000
vt -0.042040 0.002466 0.000000
vt 0.000000 0.000000 0.000000
vt 1.206368 7.628987 0.000000
vt 1.164328 7.631453 0.000000
vt 0.000000 0.000000 0.000000
vt 0.058782 2.707583 0.000000
vt -1.147643 -4.921395 0.000000
vt 0.000000 0.000000 0.000000
vt -0.455013 9.263875 0.000000
vt -1.570576 4.335110 0.000000
vt 0.000000 0.000000 0.000000
vt 4.537498 6.362498 0.000000
vt 2.973721 10.700065 0.000000
vt 0.000000 0.000000 0.000000
vt 0.264913 4.855751 0.000000
vt -4.049201 -1.660283 0.000000
vt 0.000000 0.000000 0.000000
vt 3.048517 10.678996 0.000000
vt -2.755573 -3.146960 0.000000
vt 0.000000 0.000000 0.000000
vt 2.723334 3.173379 0.000000
vt -0.032565 0.026705 0.000000
vt 0.000000 0.000000 0.000000
vt 5.460073 5.463000 0.000000
vt 5.427508 5.489705 0.000000
vt 0.000000 0.000000 0.000000
vt 1.639033 2.155929 0.000000
vt -3.821179 -3.306931 0.000000
vt 0.000000 0.000000 0.000000
vt 5.011740 7.804417 0.000000
vt 1.240269 4.440905 0.000000
vt 0.000000 0.000000 0.000000
vt 7.398056 2.517744 0.000000
vt 8.660080 6.952516 0.000000
vt 0.000000 0.000000 0.000000
vt 3.063024 3.777086 0.000000
vt -4.253251 1.030745 0.000000
vt 0.000000 0.000000 0.000000
vt 8.742895 6.848083 0.000000
vt -4.078992 -0.926477 0.000000
vt 0.000000 0.000000 0.000000
vt 4.068430 0.966827 0.000000
vt -0.010651 0.040742 0.000000
vt 0.000000 0.000000 0.000000
vt 2.593219 0.780821 0.000000
vt 2.582572 0.821564 0.000000
vt 0.000000 0.000000 0.000000
vt 10.050418 0.940002 0.000000
vt 12.633003 1.761527 0.000000
vt 0.000000 0.000000 0.000000
vt 8.680671 3.266861 0.000000
vt -1.366882 2.296714 0.000000
vt 0.000000 0.000000 0.000000
vt 7.428288 -2.427099 0.000000
vt 6.083234 -0.117533 0.000000
vt 0.000000 0.000000 0.000000
vt 4.780864 0.889840 0.000000
vt -2.569971 3.542290 0.000000
vt 0.000000 0.000000 0.000000
vt 6.083313 -0.113377 0.000000
vt -3.843627 1.650172 0.000000
vt 0.000000 0.000000 0.000000
vt 3.859708 -1.609205 0.000000
vt 0.015332 0.039223 0.000000
vt 0.000000 0.000000 0.000000
vt 2.556883 -0.892644 0.000000
vt 2.572220 -0.853423 0.000000
vt 0.000000 0.000000 0.000000
vt 12.181449 -8.777133 0.000000
vt 14.753682 -9.630516 0.000000
vt 0.000000 0.000000 0.000000
vt 8.908463 -2.581806 0.000000
vt -3.197163 6.299613 0.000000
vt 0.000000 0.000000 0.000000
vt 4.617319 -6.304812 0.000000
vt 1.357605 -0.037338 0.000000
vt 0.000000 0.000000 0.000000
vt 4.301064 -2.269215 0.000000
vt 0.183121 4.372535 0.000000
vt 0.000000 0.000000 0.000000
vt 2.173664 -3.572402 0.000000
vt 3.531275 -3.609512 0.000000
vt 0.000000 0.000000 0.000000
vt 3.508178 -6.881094 0.000000
vt 7.041616 -10.488490 0.000000
vt 0.000000 0.000000 0.000000
vt 1.543916 -2.225038 0.000000
vt -1.964252 4.656061 0.000000
vt 0.000000 0.000000 0.000000
vt -0.026708 2.280646 0.000000
vt -4.733172 1.056845 0.000000
vt 0.000000 0.000000 0.000000
vt 1.661533 2.329119 0.000000
vt -3.123061 3.121271 0.000000
vt 0.000000 0.000000 0.000000
vt -4.453048 2.258063 0.000000
vt -6.209932 -0.000000 0.000000
vt 0.000000 0.000000 0.000000
vt -12.612302 0.000000 0.000000
vt -8.254006 -2.435927 0.000000
vt 0.000000 0.000000 0.000000
vt 2.070180 2.345652 0.000000
vt -6.209933 -0.000000 0.000000
vt 0.000000 0.000000 0.000000
vt -4.041930 2.255547 0.000000
vt -6.209933 -0.000000 0.000000
vt 0.000000 0.000000 0.000000
vt 3.853186 -2.564692 0.000000
vt 0.778551 1.081457 0.000000
vt 0.000000 0.000000 0.000000
vt 12.612302 0.000000 0.000000
vt 13.121990 1.231222 0.000000
vt 0.000000 0.000000 0.000000
vt -0.238739 -2.268273 0.000000
vt 12.876300 -0.965088 0.000000
vt 0.000000 0.000000 0.000000
vt -0.545928 9.258962 0.000000
vt -3.360136 -3.343051 0.000000
vt 0.000000 0.000000 0.000000
vt 0.198733 7.812219 0.000000
vt -2.352241 4.256223 0.000000
vt 0.000000 0.000000 0.000000
vt -0.026709 2.280646 0.000000
vt -4.733171 1.056845 0.000000
vt 0.000000 0.000000 0.000000
vt -4.784593 0.792152 0.000000
vt -1.661534 -2.329118 0.000000
vt 0.000000 0.000000 0.000000
vt -4.453049 2.258062 0.000000
vt -6.209932 0.000000 0.000000
vt 0.000000 0.000000 0.000000
vt -2.168003 -2.255548 0.000000
vt 4.041930 -2.255548 0.000000
vt 0.000000 0.000000 0.000000
vt -0.778551 -1.081456 0.000000
vt 3.074637 -3.646148 0.000000
vt 0.000000 0.000000 0.000000
vt -0.026708 2.280646 0.000000
vt -4.733172 1.056845 0.000000
vt 0.000000 0.000000 0.000000
vt 1.661536 2.329119 0.000000
vt -3.123057 3.121271 0.000000
vt 0.000000 0.000000 0.000000
vt -4.453049 2.258063 0.000000
vt -6.209935 -0.000000 0.000000
vt 0.000000 0.000000 0.000000
vt -12.612301 0.000000 0.000000
vt -8.254005 -2.435929 0.000000
vt 0.000000 0.000000 0.000000
vt 2.070181 2.345652 0.000000
vt -6.209932 0.000000 0.000000
vt 0.000000 0.000000 0.000000
vt -4.041930 2.255547 0.000000
vt -6.209933 0.000000 0.000000
vt 0.000000 0.000000 0.000000
vt 3.853188 -2.564690 0.000000
vt 0.778549 1.081456 0.000000
vt 0.000000 0.000000 0.000000
vt 12.612301 0.000000 0.000000
vt 13.121990 1.231220 0.000000
vt 0.000000 0.000000 0.000000
vt -0.238737 -2.268273 0.000000
vt 12.876301 -0.965088 0.000000
vt 0.000000 0.000000 0.000000
vt -8.852202 2.768565 0.000000
vt 1.936365 -4.326317 0.000000
vt 0.000000 0.000000 0.000000
vt -0.026709 2.280645 0.000000
vt -4.733172 1.056845 0.000000
vt 0.000000 0.000000 0.000000
vt 1.661533 2.329119 0.000000
vt -3.123060 3.121271 0.000000
vt 0.000000 0.000000 0.000000
vt -4.453049 2.258062 0.000000
vt -6.209933 -0.000000 0.000000
vt 0.000000 0.000000 0.000000
vt -12.612302 -0.000000 0.000000
vt -8.254006 -2.435928 0.000000
vt 0.000000 0.000000 0.000000
vt 2.070180 2.345652 0.000000
vt -6.209934 0.000000 0.000000
vt 0.000000 0.000000 0.000000
vt -4.041931 2.255547 0.000000
vt -6.209933 -0.000000 0.000000
vt 0.000000 0.000000 0.000000
vt 3.853189 -2.564690 0.000000
vt 0.778548 1.081456 0.000000
vt 0.000000 0.000000 0.000000
vt 12.612302 0.000000 0.000000
vt 13.121990 1.231220 0.000000
vt 0.000000 0.000000 0.000000
vt -0.238738 -2.268272 0.000000
vt 12.876301 -0.965088 0.000000
vt 0.000000 0.000000 0.000000
vt -8.597594 -3.479629 0.000000
vt 4.242395 -2.113907 0.000000
vt 0.000000 0.000000 0.000000
vt -0.026708 2.280646 0.000000
vt -4.733172 1.056845 0.000000
vt 0.000000 0.000000 0.000000
vt 1.661533 2.329118 0.000000
vt -3.123060 3.121270 0.000000
vt 0.000000 0.000000 0.000000
vt -4.453050 2.258062 0.000000
vt -6.209933 0.000000 0.000000
vt 0.000000 0.000000 0.000000
vt -12.612303 0.000000 0.000000
vt -8.254006 -2.435928 0.000000
vt 0.000000 0.000000 0.000000
vt 2.070180 2.345653 0.000000
vt -6.209934 0.000000 0.000000
vt 0.000000 0.000000 0.000000
vt -4.041930 2.255548 0.000000
vt -6.209932 -0.000000 0.000000
vt 0.000000 0.000000 0.000000
vt 3.853186 -2.564692 0.000000
vt 0.778548 1.081457 0.000000
vt 0.000000 0.000000 0.000000
vt 12.612303 0.000000 0.000000
vt 13.121990 1.231221 0.000000
vt 0.000000 0.000000 0.000000
vt -0.238738 -2.268273 0.000000
vt 12.876301 -0.965088 0.000000
vt 0.000000 0.000000 0.000000
vt -4.689451 -8.002219 0.000000
vt 4.651080 0.913217 0.000000
vt 0.000000 0.000000 0.000000
vt -0.026708 2.280646 0.000000
vt -4.733172 1.056845 0.000000
vt 0.000000 0.000000 0.000000
vt 1.661533 2.329119 0.000000
vt -3.123061 3.121271 0.000000
vt 0.000000 0.000000 0.000000
vt -4.453048 2.258063 0.000000
vt -6.209932 -0.000000 0.000000
vt 0.000000 0.000000 0.000000
vt -12.612302 0.000000 0.000000
vt -8.254006 -2.435927 0.000000
vt 0.000000 0.000000 0.000000
vt 2.070180 2.345652 0.000000
vt -6.209933 -0.000000 0.000000
vt 0.000000 0.000000 0.000000
vt -4.041930 2.255547 0.000000
vt -6.209933 -0.000000 0.000000
vt 0.000000 0.000000 0.000000
vt 3.853186 -2.564692 0.000000
vt 0.778551 1.081457 0.000000
vt 0.000000 0.000000 0.000000
vt 12.612302 -0.000000 0.000000
vt 13.121990 1.231222 0.000000
vt 0.000000 0.000000 0.000000
vt -0.026709 2.280646 0.000000
vt -4.733171 1.056845 0.000000
vt 0.000000 0.000000 0.000000
vt 1.661534 2.329118 0.000000
vt -3.123059 3.121270 0.000000
vt 0.000000 0.000000 0.000000
vt -4.453049 2.258062 0.000000
vt -6.209932 0.000000 0.000000
vt 0.000000 0.000000 0.000000
vt -12.612301 0.000000 0.000000
vt -8.254005 -2.435927 0.000000
vt 0.000000 0.000000 0.000000
vt 2.070179 2.345653 0.000000
vt -6.209932 0.000000 0.000000
vt 0.000000 0.000000 0.000000
vt -4.041930 2.255548 0.000000
vt -6.209932 0.000000 0.000000
vt 0.000000 0.000000 0.000000
vt 3.853187 -2.564691 0.000000
vt 0.778551 1.081456 0.000000
vt 0.000000 0.000000 0.000000
vt 12.612301 0.000000 0.000000
vt 13.121990 1.231221 0.000000
vt 0.000000 0.000000 0.000000
vt -0.238737 -2.268273 0.000000
vt 12.876301 -0.965088 0.000000
vt 0.000000 0.000000 0.000000
vt 5.505090 -7.464610 0.000000
vt 0.994535 4.634374 0.000000
vt 0.000000 0.000000 0.000000
vt -0.026708 2.280646 0.000000
vt -4.733172 1.056845 0.000000
vt 0.000000 0.000000 0.000000
vt 1.661536 2.329119 0.000000
vt -3.123057 3.121271 0.000000
vt 0.000000 0.000000 0.000000
vt -4.453049 2.258063 0.000000
vt -6.209935 -0.000000 0.000000
vt 0.000000 0.000000 0.000000
vt -12.612301 0.000000 0.000000
vt -8.254005 -2.435929 0.000000
vt 0.000000 0.000000 0.000000
vt 2.070181 2.345652 0.000000
vt -6.209932 0.000000 0.000000
vt 0.000000 0.000000 0.000000
vt -4.041930 2.255547 0.000000
vt -6.209933 0.000000 0.000000
vt 0.000000 0.000000 0.000000
vt 3.853188 -2.564690 0.000000
vt 0.778549 1.081456 0.000000
vt 0.000000 0.000000 0.000000
vt 12.612301 0.000000 0.000000
vt 13.121990 1.231220 0.000000
vt 0.000000 0.000000 0.000000
vt -0.238737 -2.268273 0.000000
vt 12.876301 -0.965088 0.000000
vt 0.000000 0.000000 0.000000
vt 8.852202 -2.768565 0.000000
vt -1.936365 4.326317 0.000000
vt 0.000000 0.000000 0.000000
vt -0.026709 2.280645 0.000000
vt -4.733172 1.056845 0.000000
vt 0.000000 0.000000 0.000000
vt 1.661533 2.329119 0.000000
vt -3.123060 3.121271 0.000000
vt 0.000000 0.000000 0.000000
vt -4.453049 2.258062 0.000000
vt -6.209933 0.000000 0.000000
vt 0.000000 0.000000 0.000000
vt -12.612302 0.000000 0.000000
vt -8.254006 -2.435928 0.000000
vt 0.000000 0.000000 0.000000
vt 2.070180 2.345652 0.000000
vt -6.209934 0.000000 0.000000
vt 0.000000 0.000000 0.000000
vt -4.041931 2.255547 0.000000
vt -6.209933 -0.000000 0.000000
vt 0.000000 0.000000 0.000000
vt 3.853189 -2.564690 0.000000
vt 0.778548 1.081456 0.000000
vt 0.000000 0.000000 0.000000
vt 12.612302 -0.000000 0.000000
vt 13.121990 1.231220 0.000000
vt 0.000000 0.000000 0.000000
vt -0.238738 -2.268272 0.000000
vt 12.876301 -0.965088 0.000000
vt 0.000000 0.000000 0.000000
vt 8.597594 3.479629 0.000000
vt -4.242395 2.113907 0.000000
vt 0.000000 0.000000 0.000000
vt -0.026708 2.280646 0.000000
vt -4.733172 1.056845 0.000000
vt 0.000000 0.000000 0.000000
vt 1.661533 2.329118 0.000000
vt -3.123060 3.121270 0.000000
vt 0.000000 0.000000 0.000000
vt -4.453050 2.258062 0.000000
vt -6.209933 0.000000 0.000000
vt 0.000000 0.000000 0.000000
vt -12.612303 0.000000 0.000000
vt -8.254006 -2.435928 0.000000
vt 0.000000 0.000000 0.000000
vt 2.070180 2.345653 0.000000
vt -6.209934 0.000000 0.000000
vt 0.000000 0.000000 0.000000
vt -4.041930 2.255548 0.000000
vt -6.209932 -0.000000 0.000000
vt 0.000000 0.000000 0.000000
vt 3.853186 -2.564692 0.000000
vt 0.778548 1.081457 0.000000
vt 0.000000 0.000000 0.000000
vt 12.612303 0.000000 0.000000
vt 13.121990 1.231221 0.000000
vt 0.000000 0.000000 0.000000
vt -0.238738 -2.268273 0.000000
vt 12.876301 -0.965088 0.000000
vt 0.000000 0.000000 0.000000
vt 4.689451 8.002219 0.000000
vt -4.651080 -0.913217 0.000000
vt 0.000000 0.000000 0.000000
vt -3.360136 -3.343051 0.000000
vt -2.814207 -12.602013 0.000000
vt 0.000000 0.000000 0.000000
vt 13.115039 1.303184 0.000000
vt 0.238739 2.268273 0.000000
vt 0.000000 0.000000 0.000000
vt 9.833997 -19.985654 0.000000
vt 8.207064 -11.300338 0.000000
vt 0.000000 0.000000 0.000000
vt -5.500374 2.391818 0.000000
vt 2.605103 -8.981606 0.000000
vt 0.000000 0.000000 0.000000
vt 0.722823 -1.593694 0.000000
vt 6.227671 -3.975198 0.000000
vt 0.000000 0.000000 0.000000
vt -4.528276 0.112739 0.000000
vt 1.558060 -4.075649 0.000000
vt 0.000000 0.000000 0.000000
vt -4.234353 -1.202970 0.000000
vt -0.006261 -2.280793 0.000000
vt 0.000000 0.000000 0.000000
vt -3.201526 -3.219168 0.000000
vt 1.107740 -2.320777 0.000000
vt 0.000000 0.000000 0.000000
vt -6.200937 0.000000 0.000000
vt -4.979261 -2.262875 0.000000
vt 0.000000 0.000000 0.000000
vt -7.720080 2.445368 0.000000
vt -12.612301 0.000000 0.000000
vt 0.000000 0.000000 0.000000
vt -6.200936 0.000000 0.000000
vt 1.556331 -2.324709 0.000000
vt 0.000000 0.000000 0.000000
vt -6.210170 0.009735 0.000000
vt -4.559906 -2.249262 0.000000
vt 0.000000 0.000000 0.000000
vt -6.200937 0.000000 0.000000
vt 0.009233 -0.009523 0.000000
vt 0.000000 0.000000 0.000000
vt -1.970930 6.969509 0.000000
vt -0.344001 -1.715808 0.000000
vt 0.000000 0.000000 0.000000
vt -3.791331 -21.949022 0.000000
vt -0.002472 -13.966157 0.000000
vt 0.000000 0.000000 0.000000
vt -3.090802 5.140220 0.000000
vt -3.091709 -8.825938 0.000000
vt 0.000000 0.000000 0.000000
vt -0.340713 -1.716464 0.000000
vt 2.746810 -6.858654 0.000000
vt 0.000000 0.000000 0.000000
vt -3.684217 2.635254 0.000000
vt -0.998455 -4.247535 0.000000
vt 0.000000 0.000000 0.000000
vt -4.234352 -1.202969 0.000000
vt -0.006260 -2.280793 0.000000
vt 0.000000 0.000000 0.000000
vt -3.201526 -3.219168 0.000000
vt 1.107739 -2.320777 0.000000
vt 0.000000 0.000000 0.000000
vt -6.200936 0.000000 0.000000
vt -4.979262 -2.262875 0.000000
vt 0.000000 0.000000 0.000000
vt -7.720082 2.445368 0.000000
vt -12.612302 0.000000 0.000000
vt 0.000000 0.000000 0.000000
vt -6.200937 0.000000 0.000000
vt 1.556332 -2.324709 0.000000
vt 0.000000 0.000000 0.000000
vt -6.210170 0.009735 0.000000
vt -4.559906 -2.249262 0.000000
vt 0.000000 0.000000 0.000000
vt -6.200937 0.000000 0.000000
vt 0.009234 -0.009523 0.000000
vt 0.000000 0.000000 0.000000
vt 2.502032 6.796943 0.000000
vt -1.286825 -1.185922 0.000000
vt 0.000000 0.000000 0.000000
vt -15.968536 -15.528678 0.000000
vt -8.211079 -11.297423 0.000000
vt 0.000000 0.000000 0.000000
vt 0.467058 5.979697 0.000000
vt -7.640797 -5.392035 0.000000
vt 0.000000 0.000000 0.000000
vt -1.280122 -1.193153 0.000000
vt -1.782525 -7.169985 0.000000
vt 0.000000 0.000000 0.000000
vt -1.676249 4.208111 0.000000
vt -3.135182 -3.034650 0.000000
vt 0.000000 0.000000 0.000000
vt -4.234352 -1.202970 0.000000
vt -0.006260 -2.280793 0.000000
vt 0.000000 0.000000 0.000000
vt -3.201527 -3.219167 0.000000
vt 1.107738 -2.320776 0.000000
vt 0.000000 0.000000 0.000000
vt -6.200937 0.000000 0.000000
vt -4.979264 -2.262874 0.000000
vt 0.000000 0.000000 0.000000
vt -7.720081 2.445368 0.000000
vt -12.612303 0.000000 0.000000
vt 0.000000 0.000000 0.000000
vt -6.200934 0.000000 0.000000
vt 1.556334 -2.324708 0.000000
vt 0.000000 0.000000 0.000000
vt -6.210172 0.009735 0.000000
vt -4.559907 -2.249262 0.000000
vt 0.000000 0.000000 0.000000
vt -6.200937 -0.000000 0.000000
vt 0.009235 -0.009523 0.000000
vt 0.000000 0.000000 0.000000
vt 6.019323 4.028197 0.000000
vt -1.738133 -0.203061 0.000000
vt 0.000000 0.000000 0.000000
vt -16.900714 -3.974439 0.000000
vt -13.283345 -4.313497 0.000000
vt 0.000000 0.000000 0.000000
vt 3.908389 4.549657 0.000000
vt -9.350391 0.161234 0.000000
vt 0.000000 0.000000 0.000000
vt -1.737859 -0.205390 0.000000
vt -5.676854 -4.728575 0.000000
vt 0.000000 0.000000 0.000000
vt 1.080863 4.398834 0.000000
vt -4.314905 -0.648124 0.000000
vt 0.000000 0.000000 0.000000
vt -4.234352 -1.202970 0.000000
vt -0.006260 -2.280793 0.000000
vt 0.000000 0.000000 0.000000
vt -3.201527 -3.219168 0.000000
vt 1.107738 -2.320777 0.000000
vt 0.000000 0.000000 0.000000
vt -6.200936 0.000000 0.000000
vt -4.979262 -2.262875 0.000000
vt 0.000000 0.000000 0.000000
vt -7.720081 2.445368 0.000000
vt -12.612302 0.000000 0.000000
vt 0.000000 0.000000 0.000000
vt -6.200937 0.000000 0.000000
vt 1.556331 -2.324709 0.000000
vt 0.000000 0.000000 0.000000
vt -6.210170 0.009735 0.000000
vt -4.559906 -2.249262 0.000000
vt 0.000000 0.000000 0.000000
vt -6.200936 0.000000 0.000000
vt 0.009234 -0.009523 0.000000
vt 0.000000 0.000000 0.000000
vt 7.237444 -0.279327 0.000000
vt 3.620087 0.059871 0.000000
vt 0.000000 0.000000 0.000000
vt 6.671138 -1.654919 0.000000
vt 10.291226 -1.595073 0.000000
vt 0.000000 0.000000 0.000000
vt -8.007749 3.727467 0.000000
vt -8.135526 3.522237 0.000000
vt 0.000000 0.000000 0.000000
vt 0.741412 2.156933 0.000000
vt -7.347092 5.785852 0.000000
vt 0.000000 0.000000 0.000000
vt -6.656685 1.712128 0.000000
vt -7.374349 -0.452822 0.000000
vt 0.000000 0.000000 0.000000
vt 3.623603 2.717999 0.000000
vt -3.748692 2.232884 0.000000
vt 0.000000 0.000000 0.000000
vt -4.234352 -1.202970 0.000000
vt -0.006261 -2.280793 0.000000
vt 0.000000 0.000000 0.000000
vt -3.201526 -3.219167 0.000000
vt 1.107739 -2.320776 0.000000
vt 0.000000 0.000000 0.000000
vt -6.200936 -0.000000 0.000000
vt -4.979261 -2.262874 0.000000
vt 0.000000 0.000000 0.000000
vt -7.720080 2.445368 0.000000
vt -12.612301 -0.000000 0.000000
vt 0.000000 0.000000 0.000000
vt -6.200936 0.000000 0.000000
vt 1.556332 -2.324708 0.000000
vt 0.000000 0.000000 0.000000
vt -6.210172 0.009735 0.000000
vt -4.559908 -2.249262 0.000000
vt 0.000000 0.000000 0.000000
vt -6.200939 0.000000 0.000000
vt 0.009234 -0.009523 0.000000
vt 0.000000 0.000000 0.000000
vt 5.689875 -4.481510 0.000000
vt 5.817687 -4.276301 0.000000
vt 0.000000 0.000000 0.000000
vt 2.157643 -2.688037 0.000000
vt 7.976393 -6.962893 0.000000
vt 0.000000 0.000000 0.000000
vt -7.574819 13.747814 0.000000
vt -6.779525 10.202701 0.000000
vt 0.000000 0.000000 0.000000
vt 4.088107 -1.288191 0.000000
vt -2.576755 8.989780 0.000000
vt 0.000000 0.000000 0.000000
vt -2.115240 2.721530 0.000000
vt -6.201292 4.016225 0.000000
vt 0.000000 0.000000 0.000000
vt 4.528276 -0.112739 0.000000
vt -1.558060 4.075649 0.000000
vt 0.000000 0.000000 0.000000
vt -4.234353 -1.202970 0.000000
vt -0.006261 -2.280793 0.000000
vt 0.000000 0.000000 0.000000
vt -3.201526 -3.219168 0.000000
vt 1.107740 -2.320777 0.000000
vt 0.000000 0.000000 0.000000
vt -6.200937 0.000000 0.000000
vt -4.979261 -2.262875 0.000000
vt 0.000000 0.000000 0.000000
vt -7.720080 2.445368 0.000000
vt -12.612301 0.000000 0.000000
vt 0.000000 0.000000 0.000000
vt -6.200936 0.000000 0.000000
vt 1.556331 -2.324709 0.000000
vt 0.000000 0.000000 0.000000
vt -6.210170 0.009735 0.000000
vt -4.559906 -2.249262 0.000000
vt 0.000000 0.000000 0.000000
vt -6.200937 0.000000 0.000000
vt 0.009233 -0.009523 0.000000
vt 0.000000 0.000000 0.000000
vt 1.970053 -6.969757 0.000000
vt 1.175226 -3.424539 0.000000
vt 0.000000 0.000000 0.000000
vt -0.581049 -15.623923 0.000000
vt 0.594544 -19.048336 0.000000
vt 0.000000 0.000000 0.000000
vt 3.293366 8.779319 0.000000
vt 3.058699 8.837432 0.000000
vt 0.000000 0.000000 0.000000
vt 0.570130 15.624326 0.000000
vt -2.752925 6.856201 0.000000
vt 0.000000 0.000000 0.000000
vt 3.684217 -2.635254 0.000000
vt 0.998455 4.247535 0.000000
vt 0.000000 0.000000 0.000000
vt -4.234352 -1.202969 0.000000
vt -0.006260 -2.280793 0.000000
vt 0.000000 0.000000 0.000000
vt -3.201526 -3.219168 0.000000
vt 1.107739 -2.320777 0.000000
vt 0.000000 0.000000 0.000000
vt -6.200936 0.000000 0.000000
vt -4.979262 -2.262875 0.000000
vt 0.000000 0.000000 0.000000
vt -7.720082 2.445368 0.000000
vt -12.612302 0.000000 0.000000
vt 0.000000 0.000000 0.000000
vt -6.200937 0.000000 0.000000
vt 1.556332 -2.324709 0.000000
vt 0.000000 0.000000 0.000000
vt -6.210170 0.009735 0.000000
vt -4.559906 -2.249262 0.000000
vt 0.000000 0.000000 0.000000
vt -6.200937 0.000000 0.000000
vt 0.009234 -0.009523 0.000000
vt 0.000000 0.000000 0.000000
vt -2.500937 -6.797346 0.000000
vt -2.266252 -6.855388 0.000000
vt 0.000000 0.000000 0.000000
vt -0.144030 0.067822 0.000000
vt -2.410858 -6.787376 0.000000
vt 0.000000 0.000000 0.000000
vt -3.634708 -5.833674 0.000000
vt -3.490679 -5.901498 0.000000
vt 0.000000 0.000000 0.000000
vt 13.619935 10.881399 0.000000
vt 5.862490 6.650121 0.000000
vt 0.000000 0.000000 0.000000
vt 1.864475 -1.313696 0.000000
vt 7.605762 5.441341 0.000000
vt 0.000000 0.000000 0.000000
vt 3.541700 5.890603 0.000000
vt 1.671825 7.196602 0.000000
vt 0.000000 0.000000 0.000000
vt 1.676249 -4.208111 0.000000
vt 3.135182 3.034650 0.000000
vt 0.000000 0.000000 0.000000
vt -4.234352 -1.202970 0.000000
vt -0.006260 -2.280793 0.000000
vt 0.000000 0.000000 0.000000
vt -3.201527 -3.219167 0.000000
vt 1.107738 -2.320776 0.000000
vt 0.000000 0.000000 0.000000
vt -6.200937 0.000000 0.000000
vt -4.979264 -2.262874 0.000000
vt 0.000000 0.000000 0.000000
vt -7.720081 2.445368 0.000000
vt -12.612303 0.000000 0.000000
vt 0.000000 0.000000 0.000000
vt -6.200934 0.000000 0.000000
vt 1.556334 -2.324708 0.000000
vt 0.000000 0.000000 0.000000
vt -6.210172 0.009735 0.000000
vt -4.559907 -2.249262 0.000000
vt 0.000000 0.000000 0.000000
vt -6.200937 -0.000000 0.000000
vt 0.009235 -0.009523 0.000000
vt 0.000000 0.000000 0.000000
vt -6.019323 -4.028197 0.000000
vt 1.738133 0.203061 0.000000
vt 0.000000 0.000000 0.000000
vt 22.046348 3.176844 0.000000
vt 13.283368 4.313424 0.000000
vt 0.000000 0.000000 0.000000
vt -3.908389 -4.549657 0.000000
vt 9.350391 -0.161234 0.000000
vt 0.000000 0.000000 0.000000
vt 1.737859 0.205390 0.000000
vt 5.676854 4.728575 0.000000
vt 0.000000 0.000000 0.000000
vt -1.080863 -4.398834 0.000000
vt 4.314905 0.648124 0.000000
vt 0.000000 0.000000 0.000000
vt -4.234352 -1.202970 0.000000
vt -0.006260 -2.280793 0.000000
vt 0.000000 0.000000 0.000000
vt -3.201527 -3.219168 0.000000
vt 1.107738 -2.320777 0.000000
vt 0.000000 0.000000 0.000000
vt -6.200936 0.000000 0.000000
vt -4.979262 -2.262875 0.000000
vt 0.000000 0.000000 0.000000
vt -7.720081 2.445368 0.000000
vt -12.612302 -0.000000 0.000000
vt 0.000000 0.000000 0.000000
vt -6.200937 0.000000 0.000000
vt 1.556331 -2.324709 0.000000
vt 0.000000 0.000000 0.000000
vt -6.210170 0.009735 0.000000
vt -4.559906 -2.249262 0.000000
vt 0.000000 0.000000 0.000000
vt -6.200936 0.000000 0.000000
vt 0.009234 -0.009523 0.000000
vt 0.000000 0.000000 0.000000
vt -7.237448 0.279207 0.000000
vt 1.525531 -0.857374 0.000000
vt 0.000000 0.000000 0.000000
vt 19.703142 -10.388455 0.000000
vt 13.281827 -4.318172 0.000000
vt 0.000000 0.000000 0.000000
vt -5.851421 -1.317484 0.000000
vt 7.405861 -5.710435 0.000000
vt 0.000000 0.000000 0.000000
vt 1.521184 -0.865063 0.000000
vt 7.375029 0.441611 0.000000
vt 0.000000 0.000000 0.000000
vt -3.623603 -2.717999 0.000000
vt 3.748692 -2.232884 0.000000
vt 0.000000 0.000000 0.000000
vt -4.234352 -1.202970 0.000000
vt -0.006261 -2.280793 0.000000
vt 0.000000 0.000000 0.000000
vt -3.201526 -3.219167 0.000000
vt 1.107739 -2.320776 0.000000
vt 0.000000 0.000000 0.000000
vt -6.200936 -0.000000 0.000000
vt -4.979261 -2.262874 0.000000
vt 0.000000 0.000000 0.000000
vt -7.720080 2.445368 0.000000
vt -12.612301 -0.000000 0.000000
vt 0.000000 0.000000 0.000000
vt -6.200936 0.000000 0.000000
vt 1.556332 -2.324708 0.000000
vt 0.000000 0.000000 0.000000
vt -6.210172 0.009735 0.000000
vt -4.559908 -2.249262 0.000000
vt 0.000000 0.000000 0.000000
vt -6.200939 0.000000 0.000000
vt 0.009234 -0.009523 0.000000
vt 0.000000 0.000000 0.000000
vt -5.691089 4.479969 0.000000
vt 0.730223 -1.590317 0.000000
vt 0.000000 0.000000 0.000000
vt 7.084507 -6.104556 0.000000
vt 11.921830 -5.839227 0.000000
vt 0.000000 0.000000 0.000000
vt 0.246925 -2.267396 0.000000
vt 13.486450 -1.297048 0.000000
vt 0.000000 0.000000 0.000000
vt -12.612301 0.000000 0.000000
vt 0.876752 -1.269703 0.000000
vt 0.000000 0.000000 0.000000
vt -4.422536 -2.508608 0.000000
vt -3.299187 -3.566401 0.000000
vt 0.000000 0.000000 0.000000
vt 9.350097 -0.177487 0.000000
vt 12.904561 3.114305 0.000000
vt 0.000000 0.000000 0.000000
vt 0.246926 -2.267396 0.000000
vt 13.486451 -1.297048 0.000000
vt 0.000000 0.000000 0.000000
vt -12.612302 -0.000000 0.000000
vt 0.876751 -1.269703 0.000000
vt 0.000000 0.000000 0.000000
vt -4.422533 -2.508609 0.000000
vt -3.299185 -3.566402 0.000000
vt 0.000000 0.000000 0.000000
vt 7.424394 5.686316 0.000000
vt 8.153963 10.475661 0.000000
vt 0.000000 0.000000 0.000000
vt 0.246926 -2.267396 0.000000
vt 13.486450 -1.297048 0.000000
vt 0.000000 0.000000 0.000000
vt -12.612303 0.000000 0.000000
vt 0.876749 -1.269703 0.000000
vt 0.000000 0.000000 0.000000
vt -4.422534 -2.508609 0.000000
vt -3.299187 -3.566402 0.000000
vt 0.000000 0.000000 0.000000
vt 2.980890 8.863980 0.000000
vt 0.910294 13.243790 0.000000
vt 0.000000 0.000000 0.000000
vt 0.246926 -2.267395 0.000000
vt 13.486451 -1.297048 0.000000
vt 0.000000 0.000000 0.000000
vt -12.612302 0.000000 0.000000
vt 0.876751 -1.269702 0.000000
vt 0.000000 0.000000 0.000000
vt -4.422533 -2.508608 0.000000
vt -3.299185 -3.566401 0.000000
vt 0.000000 0.000000 0.000000
vt -2.230469 9.081895 0.000000
vt -6.324914 11.671421 0.000000
vt 0.000000 0.000000 0.000000
vt 0.246925 -2.267396 0.000000
vt 13.486450 -1.297048 0.000000
vt 0.000000 0.000000 0.000000
vt -12.612301 0.000000 0.000000
vt 0.876751 -1.269703 0.000000
vt 0.000000 0.000000 0.000000
vt -4.422534 -2.508608 0.000000
vt -3.299186 -3.566401 0.000000
vt 0.000000 0.000000 0.000000
vt -7.084507 6.104556 0.000000
vt -11.921830 5.839227 0.000000
vt 0.000000 0.000000 0.000000
vt 0.246925 -2.267396 0.000000
vt 13.486450 -1.297048 0.000000
vt 0.000000 0.000000 0.000000
vt -12.612301 0.000000 0.000000
vt 0.876752 -1.269703 0.000000
vt 0.000000 0.000000 0.000000
vt -4.422536 -2.508608 0.000000
vt -3.299187 -3.566401 0.000000
vt 0.000000 0.000000 0.000000
vt -9.350097 0.177487 0.000000
vt -12.904561 -3.114305 0.000000
vt 0.000000 0.000000 0.000000
vt 0.246926 -2.267396 0.000000
vt 13.486451 -1.297048 0.000000
vt 0.000000 0.000000 0.000000
vt -12.612302 0.000000 0.000000
vt 0.876751 -1.269703 0.000000
vt 0.000000 0.000000 0.000000
vt -4.422533 -2.508609 0.000000
vt -3.299185 -3.566402 0.000000
vt 0.000000 0.000000 0.000000
vt -7.424394 -5.686316 0.000000
vt -8.153963 -10.475661 0.000000
vt 0.000000 0.000000 0.000000
vt 0.246926 -2.267396 0.000000
vt 13.486450 -1.297048 0.000000
vt 0.000000 0.000000 0.000000
vt -12.612303 0.000000 0.000000
vt 0.876749 -1.269703 0.000000
vt 0.000000 0.000000 0.000000
vt -4.422534 -2.508609 0.000000
vt -3.299187 -3.566402 0.000000
vt 0.000000 0.000000 0.000000
vt -2.980890 -8.863980 0.000000
vt -0.910294 -13.243790 0.000000
vt 0.000000 0.000000 0.000000
vt 0.246926 -2.267395 0.000000
vt 13.486451 -1.297048 0.000000
vt 0.000000 0.000000 0.000000
vt -12.612302 0.000000 0.000000
vt 0.876751 -1.269702 0.000000
vt 0.000000 0.000000 0.000000
vt -4.422533 -2.508608 0.000000
vt -3.299185 -3.566401 0.000000
vt 0.000000 0.000000 0.000000
vt 2.230469 -9.081895 0.000000
vt 6.324914 -11.671421 0.000000
vt 0.000000 0.000000 0.000000
vt 0.246925 -2.267396 0.000000
vt 13.486450 -1.297048 0.000000
vt 0.000000 0.000000 0.000000
vt -12.612301 0.000000 0.000000
vt 0.876751 -1.269703 0.000000
vt 0.000000 0.000000 0.000000
vt -4.422534 -2.508608 0.000000
vt -3.299186 -3.566401 0.000000
vt 0.000000 0.000000 0.000000
vt 6.200937 0.000000 0.000000
vt 1.416932 4.935850 0.000000
vt 0.000000 0.000000 0.000000
vt 1.416870 4.935868 0.000000
vt -2.263851 8.814749 0.000000
vt 0.000000 0.000000 0.000000
vt 6.200936 -0.000000 0.000000
vt 3.938111 8.815012 0.000000
vt 0.000000 0.000000 0.000000
vt -1.935516 -12.731937 0.000000
vt 2.004107 -3.917600 0.000000
vt 0.000000 0.000000 0.000000
vt 0.051018 -6.180824 0.000000
vt 1.986528 6.551114 0.000000
vt 0.000000 0.000000 0.000000
vt 2.362593 -2.378723 0.000000
vt 4.345666 4.173437 0.000000
vt 0.000000 0.000000 0.000000
vt 3.013560 2.874100 0.000000
vt -2.000516 3.919435 0.000000
vt 0.000000 0.000000 0.000000
vt -4.429643 -4.131933 0.000000
vt 0.584526 -5.176826 0.000000
vt 0.000000 0.000000 0.000000
vt -3.577237 2.280175 0.000000
vt -2.990725 -2.896427 0.000000
vt 0.000000 0.000000 0.000000
vt -5.938952 -0.292921 0.000000
vt -2.363001 -2.575113 0.000000
vt 0.000000 0.000000 0.000000
vt -1.085619 6.166428 0.000000
vt -3.451049 3.593545 0.000000
vt 0.000000 0.000000 0.000000
vt -6.209933 0.000000 0.000000
vt -5.125767 -6.166683 0.000000
vt 0.000000 0.000000 0.000000
vt 2.244553 8.595325 0.000000
vt -2.880997 2.428461 0.000000
vt 0.000000 0.000000 0.000000
vt -2.550270 3.799861 0.000000
vt -4.794613 -4.795519 0.000000
vt 0.000000 0.000000 0.000000
vt -2.409821 -2.344554 0.000000
vt 1.833896 -6.667738 0.000000
vt 0.000000 0.000000 0.000000
vt -2.881163 2.428264 0.000000
vt -1.044134 -4.238612 0.000000
vt 0.000000 0.000000 0.000000
vt -2.937111 2.917130 0.000000
vt -3.978288 -1.322209 0.000000
vt 0.000000 0.000000 0.000000
vt -0.385227 5.525168 0.000000
vt -4.363594 4.203195 0.000000
vt 0.000000 0.000000 0.000000
vt -2.921892 2.928321 0.000000
vt -2.537216 -2.596885 0.000000
vt 0.000000 0.000000 0.000000
vt -3.550865 2.719252 0.000000
vt -6.085801 0.120142 0.000000
vt 0.000000 0.000000 0.000000
vt -3.501641 -3.463925 0.000000
vt 0.051025 -6.180824 0.000000
vt 0.000000 0.000000 0.000000
vt -1.986531 -6.551114 0.000000
vt -1.935512 -12.731938 0.000000
vt 0.000000 0.000000 0.000000
vt -6.085797 0.120345 0.000000
vt -6.200936 0.000000 0.000000
vt 0.000000 0.000000 0.000000
vt -2.004106 3.917600 0.000000
vt -3.939624 -8.814337 0.000000
vt 0.000000 0.000000 0.000000
vt -2.262823 8.815012 0.000000
vt -6.200937 0.000000 0.000000
vt 0.000000 0.000000 0.000000
vt -3.680721 3.878881 0.000000
vt -1.416870 -4.935868 0.000000
vt 0.000000 0.000000 0.000000
vt -4.784004 4.935850 0.000000
vt -6.200937 -0.000000 0.000000
vt 0.000000 0.000000 0.000000
vt 3.013560 2.874100 0.000000
vt -2.000516 3.919435 0.000000
vt 0.000000 0.000000 0.000000
vt -4.429641 -4.131933 0.000000
vt 0.584527 -5.176826 0.000000
vt 0.000000 0.000000 0.000000
vt -3.577238 2.280175 0.000000
vt -2.990725 -2.896427 0.000000
vt 0.000000 0.000000 0.000000
vt -5.938953 -0.292921 0.000000
vt -2.363001 -2.575113 0.000000
vt 0.000000 0.000000 0.000000
vt -1.085620 6.166428 0.000000
vt -3.451049 3.593545 0.000000
vt 0.000000 0.000000 0.000000
vt -6.209932 -0.000000 0.000000
vt -5.125766 -6.166683 0.000000
vt 0.000000 0.000000 0.000000
vt 2.244553 8.595325 0.000000
vt -2.880996 2.428461 0.000000
vt 0.000000 0.000000 0.000000
vt -2.550271 3.799861 0.000000
vt -4.794613 -4.795519 0.000000
vt 0.000000 0.000000 0.000000
vt -2.409823 -2.344554 0.000000
vt 1.833896 -6.667738 0.000000
vt 0.000000 0.000000 0.000000
vt -2.881162 2.428264 0.000000
vt -1.044133 -4.238612 0.000000
vt 0.000000 0.000000 0.000000
vt -2.937111 2.917130 0.000000
vt -3.978287 -1.322209 0.000000
vt 0.000000 0.000000 0.000000
vt -0.385227 5.525168 0.000000
vt -4.363593 4.203195 0.000000
vt 0.000000 0.000000 0.000000
vt -2.921892 2.928321 0.000000
vt -2.537216 -2.596885 0.000000
vt 0.000000 0.000000 0.000000
vt -3.550866 2.719252 0.000000
vt -6.085802 0.120142 0.000000
vt 0.000000 0.000000 0.000000
vt -3.501641 -3.463925 0.000000
vt 0.051026 -6.180824 0.000000
vt 0.000000 0.000000 0.000000
vt -1.986530 -6.551114 0.000000
vt -1.935511 -12.731938 0.000000
vt 0.000000 0.000000 0.000000
vt -6.085798 0.120345 0.000000
vt -6.200937 0.000000 0.000000
vt 0.000000 0.000000 0.000000
vt -2.004106 3.917600 0.000000
vt -3.939623 -8.814337 0.000000
vt 0.000000 0.000000 0.000000
vt -2.262822 8.815012 0.000000
vt -6.200934 0.000000 0.000000
vt 0.000000 0.000000 0.000000
vt -3.680722 3.878881 0.000000
vt -1.416872 -4.935868 0.000000
vt 0.000000 0.000000 0.000000
vt -4.784003 4.935850 0.000000
vt -6.200937 0.000000 0.000000
vt 0.000000 0.000000 0.000000
vt 3.013559 2.874100 0.000000
vt -2.000516 3.919435 0.000000
vt 0.000000 0.000000 0.000000
vt -4.429642 -4.131933 0.000000
vt 0.584525 -5.176826 0.000000
vt 0.000000 0.000000 0.000000
vt -3.577235 2.280175 0.000000
vt -2.990724 -2.896427 0.000000
vt 0.000000 0.000000 0.000000
vt -5.938952 -0.292921 0.000000
vt -2.363003 -2.575113 0.000000
vt 0.000000 0.000000 0.000000
vt -1.085618 6.166428 0.000000
vt -3.451050 3.593546 0.000000
vt 0.000000 0.000000 0.000000
vt -6.209932 0.000000 0.000000
vt -5.125767 -6.166683 0.000000
vt 0.000000 0.000000 0.000000
vt 2.244553 8.595325 0.000000
vt -2.880997 2.428461 0.000000
vt 0.000000 0.000000 0.000000
vt -2.550270 3.799861 0.000000
vt -4.794613 -4.795519 0.000000
vt 0.000000 0.000000 0.000000
vt -2.409821 -2.344555 0.000000
vt 1.833897 -6.667738 0.000000
vt 0.000000 0.000000 0.000000
vt -2.881163 2.428264 0.000000
vt -1.044133 -4.238612 0.000000
vt 0.000000 0.000000 0.000000
vt -2.937112 2.917130 0.000000
vt -3.978288 -1.322209 0.000000
vt 0.000000 0.000000 0.000000
vt -0.385226 5.525168 0.000000
vt -4.363593 4.203195 0.000000
vt 0.000000 0.000000 0.000000
vt -2.921892 2.928321 0.000000
vt -2.537217 -2.596885 0.000000
vt 0.000000 0.000000 0.000000
vt -3.550864 2.719253 0.000000
vt -6.085801 0.120142 0.000000
vt 0.000000 0.000000 0.000000
vt -3.501641 -3.463925 0.000000
vt 0.051024 -6.180824 0.000000
vt 0.000000 0.000000 0.000000
vt -1.986530 -6.551114 0.000000
vt -1.935512 -12.731938 0.000000
vt 0.000000 0.000000 0.000000
vt -6.085797 0.120345 0.000000
vt -6.200936 0.000000 0.000000
vt 0.000000 0.000000 0.000000
vt -2.004106 3.917600 0.000000
vt -3.939624 -8.814337 0.000000
vt 0.000000 0.000000 0.000000
vt -2.262824 8.815012 0.000000
vt -6.200937 0.000000 0.000000
vt 0.000000 0.000000 0.000000
vt -3.680720 3.878881 0.000000
vt -1.416869 -4.935868 0.000000
vt 0.000000 0.000000 0.000000
vt -4.784005 4.935850 0.000000
vt -6.200936 0.000000 0.000000
vt 0.000000 0.000000 0.000000
vt 3.013560 2.874100 0.000000
vt -2.000516 3.919435 0.000000
vt 0.000000 0.000000 0.000000
vt -4.429641 -4.131933 0.000000
vt 0.584526 -5.176826 0.000000
vt 0.000000 0.000000 0.000000
vt -3.577237 2.280175 0.000000
vt -2.990724 -2.896427 0.000000
vt 0.000000 0.000000 0.000000
vt -5.938952 -0.292921 0.000000
vt -2.363002 -2.575113 0.000000
vt 0.000000 0.000000 0.000000
vt -1.085619 6.166428 0.000000
vt -3.451050 3.593545 0.000000
vt 0.000000 0.000000 0.000000
vt -6.209934 -0.000000 0.000000
vt -5.125768 -6.166683 0.000000
vt 0.000000 0.000000 0.000000
vt 2.244555 8.595325 0.000000
vt -2.880996 2.428461 0.000000
vt 0.000000 0.000000 0.000000
vt -2.550268 3.799861 0.000000
vt -4.794613 -4.795519 0.000000
vt 0.000000 0.000000 0.000000
vt -2.409821 -2.344555 0.000000
vt 1.833896 -6.667738 0.000000
vt 0.000000 0.000000 0.000000
vt -2.881162 2.428264 0.000000
vt -1.044134 -4.238612 0.000000
vt 0.000000 0.000000 0.000000
vt -2.937112 2.917130 0.000000
vt -3.978289 -1.322209 0.000000
vt 0.000000 0.000000 0.000000
vt -0.385226 5.525168 0.000000
vt -4.363594 4.203195 0.000000
vt 0.000000 0.000000 0.000000
vt -2.921892 2.928321 0.000000
vt -2.537216 -2.596885 0.000000
vt 0.000000 0.000000 0.000000
vt -3.550865 2.719253 0.000000
vt -6.085801 0.120142 0.000000
vt 0.000000 0.000000 0.000000
vt -3.501641 -3.463925 0.000000
vt 0.051025 -6.180824 0.000000
vt 0.000000 0.000000 0.000000
vt -1.986530 -6.551114 0.000000
vt -1.935512 -12.731938 0.000000
vt 0.000000 0.000000 0.000000
vt -6.085797 0.120345 0.000000
vt -6.200936 0.000000 0.000000
vt 0.000000 0.000000 0.000000
vt -2.004107 3.917600 0.000000
vt -3.939624 -8.814337 0.000000
vt 0.000000 0.000000 0.000000
vt -2.262823 8.815012 0.000000
vt -6.200936 -0.000000 0.000000
vt 0.000000 0.000000 0.000000
vt -3.680721 3.878881 0.000000
vt -1.416871 -4.935868 0.000000
vt 0.000000 0.000000 0.000000
vt -4.784006 4.935850 0.000000
vt -6.200939 0.000000 0.000000
vt 0.000000 0.000000 0.000000
vt 3.013560 2.874100 0.000000
vt -2.000516 3.919435 0.000000
vt 0.000000 0.000000 0.000000
vt -4.429643 -4.131933 0.000000
vt 0.584526 -5.176826 0.000000
vt 0.000000 0.000000 0.000000
vt -3.577236 2.280175 0.000000
vt -2.990724 -2.896427 0.000000
vt 0.000000 0.000000 0.000000
vt -5.938951 -0.292921 0.000000
vt -2.363002 -2.575113 0.000000
vt 0.000000 0.000000 0.000000
vt -1.085620 6.166428 0.000000
vt -3.451050 3.593545 0.000000
vt 0.000000 0.000000 0.000000
vt -6.209934 0.000000 0.000000
vt -5.125768 -6.166683 0.000000
vt 0.000000 0.000000 0.000000
vt 2.244556 8.595325 0.000000
vt -2.880995 2.428461 0.000000
vt 0.000000 0.000000 0.000000
vt -2.550270 3.799861 0.000000
vt -4.794615 -4.795519 0.000000
vt 0.000000 0.000000 0.000000
vt -2.409821 -2.344555 0.000000
vt 1.833897 -6.667738 0.000000
vt 0.000000 0.000000 0.000000
vt -2.881161 2.428264 0.000000
vt -1.044131 -4.238612 0.000000
vt 0.000000 0.000000 0.000000
vt -2.937111 2.917130 0.000000
vt -3.978285 -1.322209 0.000000
vt 0.000000 0.000000 0.000000
vt -0.385229 5.525168 0.000000
vt -4.363592 4.203195 0.000000
vt 0.000000 0.000000 0.000000
vt -2.921893 2.928321 0.000000
vt -2.537215 -2.596885 0.000000
vt 0.000000 0.000000 0.000000
vt -3.550866 2.719252 0.000000
vt -6.085801 0.120142 0.000000
vt 0.000000 0.000000 0.000000
vt -3.501642 -3.463925 0.000000
vt 0.051025 -6.180824 0.000000
vt 0.000000 0.000000 0.000000
vt -1.986528 -6.551114 0.000000
vt -1.935510 -12.731938 0.000000
vt 0.000000 0.000000 0.000000
vt -6.085797 0.120345 0.000000
vt -6.200937 0.000000 0.000000
vt 0.000000 0.000000 0.000000
vt -2.004107 3.917600 0.000000
vt -3.939623 -8.814337 0.000000
vt 0.000000 0.000000 0.000000
vt -2.262824 8.815012 0.000000
vt -6.200936 0.000000 0.000000
vt 0.000000 0.000000 0.000000
vt -3.680721 3.878881 0.000000
vt -1.416870 -4.935868 0.000000
vt 0.000000 0.000000 0.000000
vt -4.784005 4.935850 0.000000
vt -6.200937 -0.000000 0.000000
vt 0.000000 0.000000 0.000000
vt 3.013560 2.874100 0.000000
vt -2.000516 3.919435 0.000000
vt 0.000000 0.000000 0.000000
vt -4.429643 -4.131933 0.000000
vt 0.584526 -5.176826 0.000000
vt 0.000000 0.000000 0.000000
vt -3.577237 2.280175 0.000000
vt -2.990725 -2.896427 0.000000
vt 0.000000 0.000000 0.000000
vt -5.938952 -0.292921 0.000000
vt -2.363001 -2.575113 0.000000
vt 0.000000 0.000000 0.000000
vt -1.085619 6.166428 0.000000
vt -3.451049 3.593545 0.000000
vt 0.000000 0.000000 0.000000
vt -6.209933 0.000000 0.000000
vt -5.125767 -6.166683 0.000000
vt 0.000000 0.000000 0.000000
vt 2.244553 8.595325 0.000000
vt -2.880997 2.428461 0.000000
vt 0.000000 0.000000 0.000000
vt -2.550270 3.799861 0.000000
vt -4.794613 -4.795519 0.000000
vt 0.000000 0.000000 0.000000
vt -2.409821 -2.344554 0.000000
vt 1.833896 -6.667738 0.000000
vt 0.000000 0.000000 0.000000
vt -2.881163 2.428264 0.000000
vt -1.044134 -4.238612 0.000000
vt 0.000000 0.000000 0.000000
vt -2.937111 2.917130 0.000000
vt -3.978288 -1.322209 0.000000
vt 0.000000 0.000000 0.000000
vt -0.385227 5.525168 0.000000
vt -4.363594 4.203195 0.000000
vt 0.000000 0.000000 0.000000
vt -2.921892 2.928321 0.000000
vt -2.537216 -2.596885 0.000000
vt 0.000000 0.000000 0.000000
vt -3.550865 2.719252 0.000000
vt -6.085801 0.120142 0.000000
vt 0.000000 0.000000 0.000000
vt -3.501641 -3.463925 0.000000
vt 0.051025 -6.180824 0.000000
vt 0.000000 0.000000 0.000000
vt -1.986531 -6.551114 0.000000
vt -1.935512 -12.731938 0.000000
vt 0.000000 0.000000 0.000000
vt -6.085797 0.120345 0.000000
vt -6.200936 0.000000 0.000000
vt 0.000000 0.000000 0.000000
vt -2.004106 3.917600 0.000000
vt -3.939624 -8.814337 0.000000
vt 0.000000 0.000000 0.000000
vt -2.262823 8.815012 0.000000
vt -6.200937 0.000000 0.000000
vt 0.000000 0.000000 0.000000
vt -3.680721 3.878881 0.000000
vt -1.416870 -4.935868 0.000000
vt 0.000000 0.000000 0.000000
vt -4.784004 4.935850 0.000000
vt -6.200937 -0.000000 0.000000
vt 0.000000 0.000000 0.000000
vt 3.013560 2.874100 0.000000
vt -2.000516 3.919435 0.000000
vt 0.000000 0.000000 0.000000
vt -4.429641 -4.131933 0.000000
vt 0.584527 -5.176826 0.000000
vt 0.000000 0.000000 0.000000
vt -3.577238 2.280175 0.000000
vt -2.990725 -2.896427 0.000000
vt 0.000000 0.000000 0.000000
vt -5.938953 -0.292921 0.000000
vt -2.363001 -2.575113 0.000000
vt 0.000000 0.000000 0.000000
vt -1.085620 6.166428 0.000000
vt -3.451049 3.593545 0.000000
vt 0.000000 0.000000 0.000000
vt -6.209932 -0.000000 0.000000
vt -5.125766 -6.166683 0.000000
vt 0.000000 0.000000 0.000000
vt 2.244553 8.595325 0.000000
vt -2.880996 2.428461 0.000000
vt 0.000000 0.000000 0.000000
vt -2.550271 3.799861 0.000000
vt -4.794613 -4.795519 0.000000
vt 0.000000 0.000000 0.000000
vt -2.409823 -2.344554 0.000000
vt 1.833896 -6.667738 0.000000
vt 0.000000 0.000000 0.000000
vt -2.881162 2.428264 0.000000
vt -1.044133 -4.238612 0.000000
vt 0.000000 0.000000 0.000000
vt -2.937111 2.917130 0.000000
vt -3.978287 -1.322209 0.000000
vt 0.000000 0.000000 0.000000
vt -0.385227 5.525168 0.000000
vt -4.363593 4.203195 0.000000
vt 0.000000 0.000000 0.000000
vt -2.921892 2.928321 0.000000
vt -2.537216 -2.596885 0.000000
vt 0.000000 0.000000 0.000000
vt 1.189310 3.606048 0.000000
vt 0.048541 0.159322 0.000000
vt 0.000000 0.000000 0.000000
vt -3.550799 2.719340 0.000000
vt -6.200937 0.000000 0.000000
vt 0.000000 0.000000 0.000000
vt 6.200934 0.000000 0.000000
vt 3.938112 8.815012 0.000000
vt 0.000000 0.000000 0.000000
vt -1.935517 -12.731937 0.000000
vt 2.004106 -3.917600 0.000000
vt 0.000000 0.000000 0.000000
vt 0.051019 -6.180824 0.000000
vt 1.986530 6.551114 0.000000
vt 0.000000 0.000000 0.000000
vt 2.362595 -2.378723 0.000000
vt 4.345670 4.173437 0.000000
vt 0.000000 0.000000 0.000000
vt 6.200937 0.000000 0.000000
vt 1.416934 4.935850 0.000000
vt 0.000000 0.000000 0.000000
vt 1.416872 4.935868 0.000000
vt -2.263849 8.814749 0.000000
vt 0.000000 0.000000 0.000000
vt 3.013559 2.874100 0.000000
vt -2.000516 3.919435 0.000000
vt 0.000000 0.000000 0.000000
vt -4.429642 -4.131933 0.000000
vt 0.584525 -5.176826 0.000000
vt 0.000000 0.000000 0.000000
vt -3.577235 2.280175 0.000000
vt -2.990724 -2.896427 0.000000
vt 0.000000 0.000000 0.000000
vt -5.938952 -0.292921 0.000000
vt -2.363003 -2.575113 0.000000
vt 0.000000 0.000000 0.000000
vt -1.085618 6.166428 0.000000
vt -3.451050 3.593546 0.000000
vt 0.000000 0.000000 0.000000
vt -6.209932 0.000000 0.000000
vt -5.125767 -6.166683 0.000000
vt 0.000000 0.000000 0.000000
vt 2.244553 8.595325 0.000000
vt -2.880997 2.428461 0.000000
vt 0.000000 0.000000 0.000000
vt -2.550270 3.799861 0.000000
vt -4.794613 -4.795519 0.000000
vt 0.000000 0.000000 0.000000
vt -2.409821 -2.344555 0.000000
vt 1.833897 -6.667738 0.000000
vt 0.000000 0.000000 0.000000
vt -2.881163 2.428264 0.000000
vt -1.044133 -4.238612 0.000000
vt 0.000000 0.000000 0.000000
vt -2.937112 2.917130 0.000000
vt -3.978288 -1.322209 0.000000
vt 0.000000 0.000000 0.000000
vt -0.385226 5.525168 0.000000
vt -4.363593 4.203195 0.000000
vt 0.000000 0.000000 0.000000
vt -2.921892 2.928321 0.000000
vt -2.537217 -2.596885 0.000000
vt 0.000000 0.000000 0.000000
vt 1.190047 3.605806 0.000000
vt 0.048575 0.159312 0.000000
vt 0.000000 0.000000 0.000000
vt -3.550797 2.719340 0.000000
vt -6.200936 0.000000 0.000000
vt 0.000000 0.000000 0.000000
vt 6.200937 0.000000 0.000000
vt 3.938113 8.815012 0.000000
vt 0.000000 0.000000 0.000000
vt -1.935518 -12.731937 0.000000
vt 2.004106 -3.917600 0.000000
vt 0.000000 0.000000 0.000000
vt 0.051017 -6.180824 0.000000
vt 1.986530 6.551114 0.000000
vt 0.000000 0.000000 0.000000
vt 2.362594 -2.378723 0.000000
vt 4.345669 4.173437 0.000000
vt 0.000000 0.000000 0.000000
vt 6.200936 0.000000 0.000000
vt 1.416931 4.935850 0.000000
vt 0.000000 0.000000 0.000000
vt 1.416869 4.935868 0.000000
vt -2.263851 8.814749 0.000000
vt 0.000000 0.000000 0.000000
vt 3.013560 2.874100 0.000000
vt -2.000516 3.919435 0.000000
vt 0.000000 0.000000 0.000000
vt -4.429641 -4.131933 0.000000
vt 0.584526 -5.176826 0.000000
vt 0.000000 0.000000 0.000000
vt -3.577237 2.280175 0.000000
vt -2.990724 -2.896427 0.000000
vt 0.000000 0.000000 0.000000
vt -5.938952 -0.292921 0.000000
vt -2.363002 -2.575113 0.000000
vt 0.000000 0.000000 0.000000
vt -1.085619 6.166428 0.000000
vt -3.451050 3.593545 0.000000
vt 0.000000 0.000000 0.000000
vt -6.209934 -0.000000 0.000000
vt -5.125768 -6.166683 0.000000
vt 0.000000 0.000000 0.000000
vt 2.244555 8.595325 0.000000
vt -2.880996 2.428461 0.000000
vt 0.000000 0.000000 0.000000
vt -2.550268 3.799861 0.000000
vt -4.794613 -4.795519 0.000000
vt 0.000000 0.000000 0.000000
vt -2.409821 -2.344555 0.000000
vt 1.833896 -6.667738 0.000000
vt 0.000000 0.000000 0.000000
vt -2.881162 2.428264 0.000000
vt -1.044134 -4.238612 0.000000
vt 0.000000 0.000000 0.000000
vt -2.937112 2.917130 0.000000
vt -3.978289 -1.322209 0.000000
vt 0.000000 0.000000 0.000000
vt -0.385226 5.525168 0.000000
vt -4.363594 4.203195 0.000000
vt 0.000000 0.000000 0.000000
vt -2.921892 2.928321 0.000000
vt -2.537216 -2.596885 0.000000
vt 0.000000 0.000000 0.000000
vt 1.188939 3.606171 0.000000
vt 0.048524 0.159328 0.000000
vt 0.000000 0.000000 0.000000
vt -3.550798 2.719341 0.000000
vt -6.200936 -0.000000 0.000000
vt 0.000000 0.000000 0.000000
vt 6.200936 0.000000 0.000000
vt 3.938113 8.815012 0.000000
vt 0.000000 0.000000 0.000000
vt -1.935518 -12.731937 0.000000
vt 2.004107 -3.917600 0.000000
vt 0.000000 0.000000 0.000000
vt 0.051018 -6.180824 0.000000
vt 1.986530 6.551114 0.000000
vt 0.000000 0.000000 0.000000
vt 2.362593 -2.378723 0.000000
vt 4.345669 4.173437 0.000000
vt 0.000000 0.000000 0.000000
vt 6.200939 -0.000000 0.000000
vt 1.416933 4.935850 0.000000
vt 0.000000 0.000000 0.000000
vt 1.416871 4.935868 0.000000
vt -2.263850 8.814749 0.000000
vt 0.000000 0.000000 0.000000
vt 3.013560 2.874100 0.000000
vt -2.000516 3.919435 0.000000
vt 0.000000 0.000000 0.000000
vt -4.429643 -4.131933 0.000000
vt 0.584526 -5.176826 0.000000
vt 0.000000 0.000000 0.000000
vt -3.577236 2.280175 0.000000
vt -2.990724 -2.896427 0.000000
vt 0.000000 0.000000 0.000000
vt -5.938951 -0.292921 0.000000
vt -2.363002 -2.575113 0.000000
vt 0.000000 0.000000 0.000000
vt -1.085620 6.166428 0.000000
vt -3.451050 3.593545 0.000000
vt 0.000000 0.000000 0.000000
vt -6.209934 0.000000 0.000000
vt -5.125768 -6.166683 0.000000
vt 0.000000 0.000000 0.000000
vt 2.244556 8.595325 0.000000
vt -2.880995 2.428461 0.000000
vt 0.000000 0.000000 0.000000
vt -2.550270 3.799861 0.000000
vt -4.794615 -4.795519 0.000000
vt 0.000000 0.000000 0.000000
vt -2.409821 -2.344555 0.000000
vt 1.833897 -6.667738 0.000000
vt 0.000000 0.000000 0.000000
vt -2.881161 2.428264 0.000000
vt -1.044131 -4.238612 0.000000
vt 0.000000 0.000000 0.000000
vt -2.937111 2.917130 0.000000
vt -3.978285 -1.322209 0.000000
vt 0.000000 0.000000 0.000000
vt -0.385229 5.525168 0.000000
vt -4.363592 4.203195 0.000000
vt 0.000000 0.000000 0.000000
vt -2.921893 2.928321 0.000000
vt -2.537215 -2.596885 0.000000
vt 0.000000 0.000000 0.000000
vt 1.189001 3.606151 0.000000
vt 0.048528 0.159327 0.000000
vt 0.000000 0.000000 0.000000
vt -3.550799 2.719340 0.000000
vt -6.200937 0.000000 0.000000
vt 0.000000 0.000000 0.000000
vt -6.209932 0.000000 0.000000
vt -5.938932 -0.293326 0.000000
vt 0.000000 0.000000 0.000000
vt -0.051025 6.180824 0.000000
vt -3.552667 2.716899 0.000000
vt 0.000000 0.000000 0.000000
vt -6.209932 -0.000000 0.000000
vt -3.660231 -3.800243 0.000000
vt 0.000000 0.000000 0.000000
vt -0.137745 0.139186 0.000000
vt -3.797221 -3.661784 0.000000
vt 0.000000 0.000000 0.000000
vt 5.938931 0.293326 0.000000
vt -0.271001 0.293326 0.000000
vt 0.000000 0.000000 0.000000
vt -0.051025 6.180824 0.000000
vt -3.552666 2.716899 0.000000
vt 0.000000 0.000000 0.000000
vt -6.209933 0.000000 0.000000
vt -3.660234 -3.800243 0.000000
vt 0.000000 0.000000 0.000000
vt -0.137743 0.139186 0.000000
vt -3.797223 -3.661783 0.000000
vt 0.000000 0.000000 0.000000
vt 5.938932 0.293326 0.000000
vt -0.271000 0.293326 0.000000
vt 0.000000 0.000000 0.000000
vt -0.051024 6.180824 0.000000
vt -3.552665 2.716899 0.000000
vt 0.000000 0.000000 0.000000
vt -6.209933 0.000000 0.000000
vt -3.660232 -3.800243 0.000000
vt 0.000000 0.000000 0.000000
vt -0.137746 0.139186 0.000000
vt -3.797224 -3.661783 0.000000
vt 0.000000 0.000000 0.000000
vt 5.938932 0.293326 0.000000
vt -0.271002 0.293326 0.000000
vt 0.000000 0.000000 0.000000
vt -0.051026 6.180824 0.000000
vt -3.552667 2.716899 0.000000
vt 0.000000 0.000000 0.000000
vt -6.209932 0.000000 0.000000
vt -3.660230 -3.800243 0.000000
vt 0.000000 0.000000 0.000000
vt -0.137746 0.139186 0.000000
vt -3.797222 -3.661784 0.000000
vt 0.000000 0.000000 0.000000
vt 5.938933 0.293326 0.000000
vt -0.271000 0.293326 0.000000
vt 0.000000 0.000000 0.000000
vt 1.983076 6.552160 0.000000
vt -2.362593 2.378723 0.000000
vt 0.000000 0.000000 0.000000
vt -6.209933 -0.000000 0.000000
vt -3.660231 -3.800243 0.000000
vt 0.000000 0.000000 0.000000
vt -0.137745 0.139186 0.000000
vt -3.797223 -3.661783 0.000000
vt 0.000000 0.000000 0.000000
vt 5.938932 0.293326 0.000000
vt -0.271000 0.293326 0.000000
vt 0.000000 0.000000 0.000000
vt 1.983074 6.552160 0.000000
vt -2.362593 2.378723 0.000000
vt 0.000000 0.000000 0.000000
vt -6.209932 -0.000000 0.000000
vt -3.660231 -3.800243 0.000000
vt 0.000000 0.000000 0.000000
vt -0.137745 0.139186 0.000000
vt -3.797221 -3.661784 0.000000
vt 0.000000 0.000000 0.000000
vt 5.938931 0.293326 0.000000
vt -0.271001 0.293326 0.000000
vt 0.000000 0.000000 0.000000
vt 1.983076 6.552160 0.000000
vt -2.362593 2.378723 0.000000
vt 0.000000 0.000000 0.000000
vt -6.209933 0.000000 0.000000
vt -3.660234 -3.800243 0.000000
vt 0.000000 0.000000 0.000000
vt -0.137743 0.139186 0.000000
vt -3.797223 -3.661783 0.000000
vt 0.000000 0.000000 0.000000
vt 5.938932 0.293326 0.000000
vt -0.271000 0.293326 0.000000
vt 0.000000 0.000000 0.000000
vt 1.983075 6.552160 0.000000
vt -2.362594 2.378723 0.000000
vt 0.000000 0.000000 0.000000
vt -6.209933 0.000000 0.000000
vt -3.660232 -3.800243 0.000000
vt 0.000000 0.000000 0.000000
vt -0.137746 0.139186 0.000000
vt -3.797224 -3.661783 0.000000
vt 0.000000 0.000000 0.000000
vt 5.938932 0.293326 0.000000
vt -0.271002 0.293326 0.000000
vt 0.000000 0.000000 0.000000
vt 1.983075 6.552160 0.000000
vt -2.362595 2.378723 0.000000
vt 0.000000 0.000000 0.000000
vt -6.209932 0.000000 0.000000
vt -3.660230 -3.800243 0.000000
vt 0.000000 0.000000 0.000000
vt -0.137746 0.139186 0.000000
vt -3.797222 -3.661784 0.000000
vt 0.000000 0.000000 0.000000
vt 5.938933 0.293326 0.000000
vt -0.271000 0.293326 0.000000
vt 0.000000 0.000000 0.000000
vt 1.983076 6.552160 0.000000
vt -2.362593 2.378723 0.000000
vt 0.000000 0.000000 0.000000
vt -6.209933 -0.000000 0.000000
vt -3.660231 -3.800243 0.000000
vt 0.000000 0.000000 0.000000
vt -0.137745 0.139186 0.000000
vt -3.797223 -3.661783 0.000000
vt 0.000000 0.000000 0.000000
vt 2.802952 2.457407 0.000000
vt 2.517994 2.750113 0.000000
vt 0.000000 0.000000 0.000000
vt 1.177583 -2.749940 0.000000
vt 3.695766 0.000000 0.000000
vt 0.000000 0.000000 0.000000
vt 3.691989 3.349500 0.000000
vt 2.514001 6.099267 0.000000
vt 0.000000 0.000000 0.000000
vt 1.037157 -5.960041 0.000000
vt 3.551384 0.139133 0.000000
vt 0.000000 0.000000 0.000000
vt 5.019252 -2.299780 0.000000
vt 3.984113 3.660612 0.000000
vt 0.000000 0.000000 0.000000
vt 2.714802 2.498943 0.000000
vt -2.304150 4.799377 0.000000
vt 0.000000 0.000000 0.000000
vt 1.194809 5.842324 0.000000
vt -1.112768 10.640055 0.000000
vt 0.000000 0.000000 0.000000
vt -2.478464 2.378407 0.000000
vt -3.672783 -3.464018 0.000000
vt 0.000000 0.000000 0.000000
vt 3.551378 0.139291 0.000000
vt -0.144383 0.139291 0.000000
vt 0.000000 0.000000 0.000000
vt 3.064799 -2.928296 0.000000
vt 1.951116 7.711663 0.000000
vt 0.000000 0.000000 0.000000
vt 3.081009 -2.916894 0.000000
vt 5.029098 4.795535 0.000000
vt 0.000000 0.000000 0.000000
vt 3.695766 0.000000 0.000000
vt 0.464861 4.580999 0.000000
vt 0.000000 0.000000 0.000000
vt 3.565866 -3.404805 0.000000
vt 4.060044 1.173124 0.000000
vt 0.000000 0.000000 0.000000
vt 3.695761 0.000000 0.000000
vt 0.033120 3.300479 0.000000
vt 0.000000 0.000000 0.000000
vt 1.712099 -2.558404 0.000000
vt 1.765598 0.741807 0.000000
vt 0.000000 0.000000 0.000000
vt 1.782089 -2.478125 0.000000
vt 3.495521 -1.622693 0.000000
vt 0.000000 0.000000 0.000000
vt -3.449105 -1.387391 0.000000
vt -0.102853 -3.299041 0.000000
vt 0.000000 0.000000 0.000000
vt -1.311700 4.524083 0.000000
vt -3.938315 1.893100 0.000000
vt 0.000000 0.000000 0.000000
vt 3.439947 0.637344 0.000000
vt -0.530245 2.462645 0.000000
vt 0.000000 0.000000 0.000000
vt 5.050131 -2.037538 0.000000
vt 4.351513 0.382734 0.000000
vt 0.000000 0.000000 0.000000
vt 3.933518 1.545190 0.000000
vt -0.066845 3.299967 0.000000
vt 0.000000 0.000000 0.000000
vt 1.466691 -4.476237 0.000000
vt 4.768641 -3.472814 0.000000
vt 0.000000 0.000000 0.000000
vt -1.000257 -0.213307 0.000000
vt 0.999743 -0.213307 0.000000
vt 0.000000 0.000000 0.000000
vt -1.000219 -0.188353 0.000000
vt 0.000014 -0.399352 0.000000
vt 0.000000 0.000000 0.000000
vt 1.000206 -0.190593 0.000000
vt 2.000000 0.000000 0.000000
vt 0.000000 0.000000 0.000000
vt -0.999808 0.192671 0.000000
vt -0.999715 -0.215836 0.000000
vt 0.000000 0.000000 0.000000
vt 1.000059 0.098411 0.000000
vt -0.999943 0.098411 0.000000
vt 0.000000 0.000000 0.000000
vt 1.000059 0.098607 0.000000
vt -0.000001 0.195821 0.000000
vt 0.000000 0.000000 0.000000
vt -1.000058 0.099795 0.000000
vt -1.999999 0.000000 0.000000
vt 0.000000 0.000000 0.000000
vt 0.999935 -0.101024 0.000000
vt 0.999941 0.099597 0.000000
vt 0.000000 0.000000 0.000000
vt 1.112700 3.459795 0.000000
vt -0.887299 3.459795 0.000000
vt 0.000000 0.000000 0.000000
vt 0.998507 1.871661 0.000000
vt -0.087036 5.274465 0.000000
vt 0.000000 0.000000 0.000000
vt -1.017673 1.881195 0.000000
vt -1.998101 -0.000000 0.000000
vt 0.000000 0.000000 0.000000
vt 0.254372 6.944370 0.000000
vt -1.743729 6.944370 0.000000
vt 0.000000 0.000000 0.000000
vt 2.000000 0.000000 0.000000
vt -0.319889 6.773698 0.000000
vt 0.000000 0.000000 0.000000
vt 0.942901 -1.919763 0.000000
vt 1.013111 3.490256 0.000000
vt 0.000000 0.000000 0.000000
vt 1.012035 1.397536 0.000000
vt -0.987965 1.397536 0.000000
vt 0.000000 0.000000 0.000000
vt 1.056278 2.759792 0.000000
vt 0.043389 4.139371 0.000000
vt 0.000000 0.000000 0.000000
vt -1.035753 2.793475 0.000000
vt -1.999427 -0.000000 0.000000
vt 0.000000 0.000000 0.000000
vt 2.092127 4.135689 0.000000
vt 0.092700 4.135689 0.000000
vt 0.000000 0.000000 0.000000
vt -0.121746 4.237109 0.000000
vt -1.999997 0.000000 0.000000
vt 0.000000 0.000000 0.000000
vt -0.989014 -1.413922 0.000000
vt -0.053107 -4.242413 0.000000
vt 0.000000 0.000000 0.000000
vt -1.036268 -2.434499 0.000000
vt 0.963729 -2.434499 0.000000
vt 0.000000 0.000000 0.000000
vt -1.068578 -2.508502 0.000000
vt -0.060791 -4.925096 0.000000
vt 0.000000 0.000000 0.000000
vt 1.040612 -2.552256 0.000000
vt 2.000001 0.000000 0.000000
vt 0.000000 0.000000 0.000000
vt -0.992811 2.571228 0.000000
vt -0.930055 -2.477021 0.000000
vt 0.000000 0.000000 0.000000
vt -1.017467 -1.695752 0.000000
vt 0.982535 -1.695752 0.000000
vt 0.000000 0.000000 0.000000
vt -1.018051 -1.676758 0.000000
vt -0.001989 -3.352636 0.000000
vt 0.000000 0.000000 0.000000
vt 1.017532 -1.697852 0.000000
vt 2.000000 0.000000 0.000000
vt 0.000000 0.000000 0.000000
vt -0.983170 1.717978 0.000000
vt -0.981051 -1.717076 0.000000
vt 0.000000 0.000000 0.000000
vt -1.161769 -4.569346 0.000000
vt 0.838231 -4.569346 0.000000
vt 0.000000 0.000000 0.000000
vt -1.049734 -1.499331 0.000000
vt -0.001627 -6.025149 0.000000
vt 0.000000 0.000000 0.000000
vt 1.020159 -4.017315 0.000000
vt 2.013083 -2.479774 0.000000
vt 0.000000 0.000000 0.000000
vt -2.124608 -3.601969 0.000000
vt -0.081494 -6.057059 0.000000
vt 0.000000 0.000000 0.000000
vt 0.101813 -3.726262 0.000000
vt 2.000000 0.000000 0.000000
vt 0.000000 0.000000 0.000000
vt 1.009162 0.946963 0.000000
vt 0.072018 4.984451 0.000000
vt 0.000000 0.000000 0.000000
vt 0.902449 4.627550 0.000000
vt -0.113693 3.688081 0.000000
vt 0.000000 0.000000 0.000000
vt -1.020584 -0.572740 0.000000
vt 0.979417 -0.572740 0.000000
vt 0.000000 0.000000 0.000000
vt -2.488307 -3.497683 0.000000
vt -1.549385 -4.134639 0.000000
vt 0.000000 0.000000 0.000000
vt -2.772890 -3.815868 0.000000
vt 0.419071 -0.945879 0.000000
vt 0.000000 0.000000 0.000000
vt -4.425474 -0.700601 0.000000
vt -4.047779 -1.663749 0.000000
vt 0.000000 0.000000 0.000000
vt -4.233473 -2.591341 0.000000
vt 0.206484 -1.989312 0.000000
vt 0.000000 0.000000 0.000000
vt 4.069552 2.841847 0.000000
vt -0.877219 0.564824 0.000000
vt 0.000000 0.000000 0.000000
vt 2.760290 3.824992 0.000000
vt 1.899819 4.415016 0.000000
vt 0.000000 0.000000 0.000000
vt 0.788272 4.741341 0.000000
vt -1.026197 -0.562620 0.000000
vt 0.000000 0.000000 0.000000
vt -2.662348 0.960245 0.000000
vt -2.599200 -1.038758 0.000000
vt 0.000000 0.000000 0.000000
vt -1.579343 0.985300 0.000000
vt -4.181478 -0.046084 0.000000
vt 0.000000 0.000000 0.000000
vt -3.451045 -0.003959 0.000000
vt -4.284353 -1.016721 0.000000
vt 0.000000 0.000000 0.000000
vt 0.000905 2.000000 0.000000
vt -4.283509 0.983536 0.000000
vt 0.000000 0.000000 0.000000
vt 2.708222 -0.000842 0.000000
vt -1.571973 0.997017 0.000000
vt 0.000000 0.000000 0.000000
vt 0.832550 1.013386 0.000000
vt -2.665399 0.951743 0.000000
vt 0.000000 0.000000 0.000000
vt 4.548788 -1.332309 0.000000
vt 2.400189 0.667752 0.000000
vt 0.000000 0.000000 0.000000
vt -0.035921 -1.999678 0.000000
vt 2.370362 -1.354228 0.000000
vt 0.000000 0.000000 0.000000
vt -5.584365 1.901377 0.000000
vt -3.227006 0.524640 0.000000
vt 0.000000 0.000000 0.000000
vt -0.443321 1.766615 0.000000
vt -3.661134 2.344972 0.000000
vt 0.000000 0.000000 0.000000
vt -1.939801 2.356718 0.000000
vt -1.594293 0.568398 0.000000
vt 0.000000 0.000000 0.000000
vt 1.043806 3.203298 0.000000
vt -0.519437 3.852234 0.000000
vt 0.000000 0.000000 0.000000
vt -0.531518 3.032195 0.000000
vt -2.000002 0.000000 0.000000
vt 0.000000 0.000000 0.000000
vt -3.676300 2.321122 0.000000
vt -1.671946 0.176528 0.000000
vt 0.000000 0.000000 0.000000
vt -0.988329 3.759352 0.000000
vt -2.657493 3.960496 0.000000
vt 0.000000 0.000000 0.000000
vt -3.162195 -2.872834 0.000000
vt 0.698603 -6.751640 0.000000
vt 0.000000 0.000000 0.000000
vt -3.136972 -2.896424 0.000000
vt -2.436624 -9.647883 0.000000
vt 0.000000 0.000000 0.000000
vt -1.091972 5.937815 0.000000
vt -3.527919 -3.710239 0.000000
vt 0.000000 0.000000 0.000000
vt -1.490132 8.646254 0.000000
vt -5.017921 4.935892 0.000000
vt 0.000000 0.000000 0.000000
vt -4.451689 4.322775 0.000000
vt -2.961170 -4.323413 0.000000
vt 0.000000 0.000000 0.000000
vt -0.748499 4.323230 0.000000
vt -3.709937 0.000000 0.000000
vt 0.000000 0.000000 0.000000
vt -4.455645 4.323712 0.000000
vt -3.709936 0.000000 0.000000
vt 0.000000 0.000000 0.000000
vt -4.574923 4.205426 0.000000
vt -0.121041 -0.120102 0.000000
vt 0.000000 0.000000 0.000000
vt 1.091859 -5.937836 0.000000
vt 3.619804 -3.593555 0.000000
vt 0.000000 0.000000 0.000000
vt -3.709937 -0.000000 0.000000
vt -3.700234 -0.013799 0.000000
vt 0.000000 0.000000 0.000000
vt 3.888484 3.241565 0.000000
vt 0.188252 3.227297 0.000000
vt 0.000000 0.000000 0.000000
vt -0.482200 4.767102 0.000000
vt -4.264622 1.402382 0.000000
vt 0.000000 0.000000 0.000000
vt 7.464317 0.139051 0.000000
vt 3.323041 1.872115 0.000000
vt 0.000000 0.000000 0.000000
vt 4.119623 1.517733 0.000000
vt -3.344395 1.363461 0.000000
vt 0.000000 0.000000 0.000000
vt 7.257988 -1.900299 0.000000
vt 5.743938 1.378673 0.000000
vt 0.000000 0.000000 0.000000
vt 1.699763 2.853997 0.000000
vt -5.586751 4.641799 0.000000
vt 0.000000 0.000000 0.000000
vt 0.173956 3.228099 0.000000
vt -1.598171 0.670876 0.000000
vt 0.000000 0.000000 0.000000
vt 3.423544 1.681297 0.000000
vt 1.872023 2.453957 0.000000
vt 0.000000 0.000000 0.000000
vt -1.777472 -2.806258 0.000000
vt 3.909863 -1.996941 0.000000
vt 0.000000 0.000000 0.000000
vt 0.434722 -4.771666 0.000000
vt 3.709936 0.000000 0.000000
vt 0.000000 0.000000 0.000000
vt -1.999999 -0.000000 0.000000
vt -2.202795 -5.343435 0.000000
vt 0.000000 0.000000 0.000000
vt -0.134881 5.471080 0.000000
vt -1.998180 0.000000 0.000000
vt 0.000000 0.000000 0.000000
vt 2.241058 6.869523 0.000000
vt 0.242878 6.869523 0.000000
vt 0.000000 0.000000 0.000000
vt -0.332472 7.030791 0.000000
vt -2.000001 -0.000000 0.000000
vt 0.000000 0.000000 0.000000
vt -1.000044 -0.083921 0.000000
vt 0.999956 -0.083921 0.000000
vt 0.000000 0.000000 0.000000
vt -1.000040 -0.083619 0.000000
vt -0.000001 -0.166553 0.000000
vt 0.000000 0.000000 0.000000
vt 1.000043 -0.084602 0.000000
vt 2.000000 0.000000 0.000000
vt 0.000000 0.000000 0.000000
vt -0.999958 0.085608 0.000000
vt -0.999960 -0.084908 0.000000
vt 0.000000 0.000000 0.000000
vt -1.373963 -6.951549 0.000000
vt 0.626037 -6.951549 0.000000
vt 0.000000 0.000000 0.000000
vt -0.957952 0.843257 0.000000
vt 0.084738 -6.058102 0.000000
vt 0.000000 0.000000 0.000000
vt -0.105657 -6.204253 0.000000
vt 0.909715 -5.364507 0.000000
vt 0.000000 0.000000 0.000000
vt -2.000001 -0.000000 0.000000
vt -0.761793 -5.298336 0.000000
vt 0.000000 0.000000 0.000000
vt 0.130205 6.056576 0.000000
vt -0.978137 0.819758 0.000000
vt 0.000000 0.000000 0.000000
vt 0.573658 7.062771 0.000000
vt -0.422043 6.199791 0.000000
vt 0.000000 0.000000 0.000000
vt -1.015863 -1.588412 0.000000
vt 0.984137 -1.588412 0.000000
vt 0.000000 0.000000 0.000000
vt -1.017752 -1.794992 0.000000
vt -0.000139 -3.362168 0.000000
vt 0.000000 0.000000 0.000000
vt 1.020678 -1.816244 0.000000
vt 2.000000 -0.000000 0.000000
vt 0.000000 0.000000 0.000000
vt -0.976053 1.840610 0.000000
vt -0.986186 -1.607006 0.000000
vt 0.000000 0.000000 0.000000
vt -1.037449 -2.521387 0.000000
vt 0.962552 -2.521387 0.000000
vt 0.000000 0.000000 0.000000
vt -1.033950 -2.491320 0.000000
vt 0.004762 -4.982298 0.000000
vt 0.000000 0.000000 0.000000
vt 1.037340 -2.519724 0.000000
vt 2.000001 0.000000 0.000000
vt 0.000000 0.000000 0.000000
vt -0.959191 2.550497 0.000000
vt -0.964590 -2.550148 0.000000
vt 0.000000 0.000000 0.000000
vt -2.000001 -0.000000 0.000000
vt -2.121587 -4.161602 0.000000
vt 0.000000 0.000000 0.000000
vt 0.915244 4.467172 0.000000
vt -1.010625 0.211459 0.000000
vt 0.000000 0.000000 0.000000
vt -0.133561 4.267555 0.000000
vt -0.985890 -0.212047 0.000000
vt 0.000000 0.000000 0.000000
vt 0.063259 4.271844 0.000000
vt -0.922207 4.057835 0.000000
vt 0.000000 0.000000 0.000000
vt 1.999999 -0.000000 0.000000
vt 0.896618 4.012361 0.000000
vt 0.000000 0.000000 0.000000
vt -0.114300 -4.162803 0.000000
vt 1.011230 -0.208546 0.000000
vt 0.000000 0.000000 0.000000
vt -0.000020 -0.013265 0.000000
vt 0.859367 -0.007920 0.000000
vt 0.000000 0.000000 0.000000
vt -1.140602 0.010575 0.000000
vt -1.999992 0.005593 0.000000
vt 0.000000 0.000000 0.000000
vt 0.000023 0.016869 0.000000
vt -1.140608 0.009933 0.000000
vt 0.000000 0.000000 0.000000
vt 0.859372 -0.007381 0.000000
vt 2.000001 0.000000 0.000000
vt 0.000000 0.000000 0.000000
vt 1.323570 2.288173 0.000000
vt -0.676422 2.293793 0.000000
vt 0.000000 0.000000 0.000000
vt 2.600125 1.855585 0.000000
vt 2.377886 4.236686 0.000000
vt 0.000000 0.000000 0.000000
vt 3.172721 2.966065 0.000000
vt 0.374986 1.424466 0.000000
vt 0.000000 0.000000 0.000000
vt 4.159596 0.024898 0.000000
vt 4.631763 1.420167 0.000000
vt 0.000000 0.000000 0.000000
vt 4.078554 2.020906 0.000000
vt -0.081055 1.998356 0.000000
vt 0.000000 0.000000 0.000000
vt -3.988722 -2.192889 0.000000
vt 1.559706 -0.165943 0.000000
vt 0.000000 0.000000 0.000000
vt -3.144277 -2.996201 0.000000
vt -1.585465 -3.170341 0.000000
vt 0.000000 0.000000 0.000000
vt -1.133296 -3.358630 0.000000
vt 0.695493 -0.872287 0.000000
vt 0.000000 0.000000 0.000000
vt -1.594679 -2.108215 0.000000
vt -0.897341 -2.979027 0.000000
vt 0.000000 0.000000 0.000000
vt 3.332547 -0.991203 0.000000
vt 3.318957 1.008751 0.000000
vt 0.000000 0.000000 0.000000
vt 3.923723 -1.004039 0.000000
vt 7.242830 0.004218 0.000000
vt 0.000000 0.000000 0.000000
vt 3.930915 0.996398 0.000000
vt 0.007077 1.999987 0.000000
vt 0.000000 0.000000 0.000000
vt -3.332681 0.990753 0.000000
vt -7.263474 -0.006126 0.000000
vt 0.000000 0.000000 0.000000
vt 2.112784 -1.351165 0.000000
vt 2.178437 0.647757 0.000000
vt 0.000000 0.000000 0.000000
vt 2.131029 -2.098023 0.000000
vt 4.300777 -1.421730 0.000000
vt 0.000000 0.000000 0.000000
vt 3.433716 -2.216813 0.000000
vt 1.438738 0.010977 0.000000
vt 0.000000 0.000000 0.000000
vt 1.035171 -3.819248 0.000000
vt 2.473898 -3.806920 0.000000
vt 0.000000 0.000000 0.000000
vt 2.027010 -3.956956 0.000000
vt 2.000000 0.000000 0.000000
vt 0.000000 0.000000 0.000000
vt -2.837795 3.422454 0.000000
vt 0.153831 -1.531938 0.000000
vt 0.000000 0.000000 0.000000
vt -3.425056 2.230170 0.000000
vt -3.266294 0.698734 0.000000
vt 0.000000 0.000000 0.000000
vt -3.280815 0.627025 0.000000
vt 2.112050 -1.352312 0.000000
vt 0.000000 0.000000 0.000000
vt 2.802952 2.457407 0.000000
vt 2.517993 2.750113 0.000000
vt 0.000000 0.000000 0.000000
vt 1.177582 -2.749940 0.000000
vt 3.695763 0.000000 0.000000
vt 0.000000 0.000000 0.000000
vt 3.691990 3.349500 0.000000
vt 2.514004 6.099267 0.000000
vt 0.000000 0.000000 0.000000
vt 1.037156 -5.960041 0.000000
vt 3.551385 0.139133 0.000000
vt 0.000000 0.000000 0.000000
vt 5.019251 -2.299780 0.000000
vt 3.984113 3.660612 0.000000
vt 0.000000 0.000000 0.000000
vt 2.714802 2.498943 0.000000
vt -2.304149 4.799377 0.000000
vt 0.000000 0.000000 0.000000
vt 1.194809 5.842324 0.000000
vt -1.112767 10.640055 0.000000
vt 0.000000 0.000000 0.000000
vt -2.478464 2.378407 0.000000
vt -3.672783 -3.464018 0.000000
vt 0.000000 0.000000 0.000000
vt 3.551379 0.139292 0.000000
vt -0.144385 0.139292 0.000000
vt 0.000000 0.000000 0.000000
vt 3.064801 -2.928296 0.000000
vt 1.951118 7.711663 0.000000
vt 0.000000 0.000000 0.000000
vt 3.081007 -2.916894 0.000000
vt 5.029098 4.795535 0.000000
vt 0.000000 0.000000 0.000000
vt 3.695763 0.000000 0.000000
vt 0.464859 4.580999 0.000000
vt 0.000000 0.000000 0.000000
vt 3.565867 -3.404805 0.000000
vt 4.060044 1.173124 0.000000
vt 0.000000 0.000000 0.000000
vt 3.695764 -0.000000 0.000000
vt 0.033122 3.300478 0.000000
vt 0.000000 0.000000 0.000000
vt 1.712098 -2.558404 0.000000
vt 1.765598 0.741807 0.000000
vt 0.000000 0.000000 0.000000
vt 1.782091 -2.478124 0.000000
vt 3.495523 -1.622693 0.000000
vt 0.000000 0.000000 0.000000
vt -3.449106 -1.387392 0.000000
vt -0.102853 -3.299042 0.000000
vt 0.000000 0.000000 0.000000
vt 1.805772 4.350523 0.000000
vt -1.889199 3.940187 0.000000
vt 0.000000 0.000000 0.000000
vt 3.106347 -1.609368 0.000000
vt 1.093756 2.269243 0.000000
vt 0.000000 0.000000 0.000000
vt 2.781174 -4.681926 0.000000
vt 3.692774 -2.333576 0.000000
vt 0.000000 0.000000 0.000000
vt 3.933518 1.545191 0.000000
vt -0.066845 3.299968 0.000000
vt 0.000000 0.000000 0.000000
vt -1.674536 -4.402703 0.000000
vt 1.523806 -5.698978 0.000000
vt 0.000000 0.000000 0.000000
vt -1.000258 -0.213307 0.000000
vt 0.999742 -0.213307 0.000000
vt 0.000000 0.000000 0.000000
vt -1.000218 -0.188353 0.000000
vt 0.000013 -0.399351 0.000000
vt 0.000000 0.000000 0.000000
vt 1.000208 -0.190594 0.000000
vt 2.000001 0.000000 0.000000
vt 0.000000 0.000000 0.000000
vt -0.999810 0.192671 0.000000
vt -0.999715 -0.215836 0.000000
vt 0.000000 0.000000 0.000000
vt 1.000057 0.098413 0.000000
vt -0.999941 0.098413 0.000000
vt 0.000000 0.000000 0.000000
vt 1.000057 0.098608 0.000000
vt -0.000002 0.195823 0.000000
vt 0.000000 0.000000 0.000000
vt -1.000060 0.099795 0.000000
vt -1.999999 0.000000 0.000000
vt 0.000000 0.000000 0.000000
vt 0.999937 -0.101025 0.000000
vt 0.999940 0.099597 0.000000
vt 0.000000 0.000000 0.000000
vt 1.112703 3.459795 0.000000
vt -0.887297 3.459795 0.000000
vt 0.000000 0.000000 0.000000
vt 0.998508 1.871661 0.000000
vt -0.087033 5.274466 0.000000
vt 0.000000 0.000000 0.000000
vt -1.017673 1.881195 0.000000
vt -1.998102 -0.000000 0.000000
vt 0.000000 0.000000 0.000000
vt 0.254373 6.944370 0.000000
vt -1.743729 6.944370 0.000000
vt 0.000000 0.000000 0.000000
vt 2.000001 0.000000 0.000000
vt -0.319887 6.773698 0.000000
vt 0.000000 0.000000 0.000000
vt 0.942902 -1.919763 0.000000
vt 1.013114 3.490256 0.000000
vt 0.000000 0.000000 0.000000
vt 1.012036 1.397537 0.000000
vt -0.987965 1.397537 0.000000
vt 0.000000 0.000000 0.000000
vt 1.056274 2.759792 0.000000
vt 0.043384 4.139371 0.000000
vt 0.000000 0.000000 0.000000
vt -1.035752 2.793474 0.000000
vt -1.999425 0.000000 0.000000
vt 0.000000 0.000000 0.000000
vt 2.092130 4.135689 0.000000
vt 0.092704 4.135689 0.000000
vt 0.000000 0.000000 0.000000
vt -0.121748 4.237110 0.000000
vt -2.000000 0.000000 0.000000
vt 0.000000 0.000000 0.000000
vt -0.989016 -1.413921 0.000000
vt -0.053109 -4.242412 0.000000
vt 0.000000 0.000000 0.000000
vt -1.036269 -2.434499 0.000000
vt 0.963731 -2.434499 0.000000
vt 0.000000 0.000000 0.000000
vt -1.068581 -2.508502 0.000000
vt -0.060795 -4.925096 0.000000
vt 0.000000 0.000000 0.000000
vt 1.040609 -2.552257 0.000000
vt 1.999999 -0.000000 0.000000
vt 0.000000 0.000000 0.000000
vt -0.992811 2.571228 0.000000
vt -0.930054 -2.477022 0.000000
vt 0.000000 0.000000 0.000000
vt -1.017464 -1.695754 0.000000
vt 0.982535 -1.695754 0.000000
vt 0.000000 0.000000 0.000000
vt -1.018051 -1.676758 0.000000
vt -0.001987 -3.352636 0.000000
vt 0.000000 0.000000 0.000000
vt 1.017530 -1.697851 0.000000
vt 2.000001 0.000000 0.000000
vt 0.000000 0.000000 0.000000
vt -0.983166 1.717978 0.000000
vt -0.981051 -1.717077 0.000000
vt 0.000000 0.000000 0.000000
vt -1.161766 -4.569346 0.000000
vt 0.838235 -4.569346 0.000000
vt 0.000000 0.000000 0.000000
vt -1.049742 -1.499331 0.000000
vt -0.001634 -6.025149 0.000000
vt 0.000000 0.000000 0.000000
vt 1.020152 -4.017316 0.000000
vt 2.013085 -2.479774 0.000000
vt 0.000000 0.000000 0.000000
vt -2.124606 -3.601968 0.000000
vt -0.081490 -6.057058 0.000000
vt 0.000000 0.000000 0.000000
vt 0.101815 -3.726261 0.000000
vt 1.999999 0.000000 0.000000
vt 0.000000 0.000000 0.000000
vt 1.009162 0.946963 0.000000
vt 0.072023 4.984451 0.000000
vt 0.000000 0.000000 0.000000
vt 0.902448 4.627549 0.000000
vt -0.113695 3.688081 0.000000
vt 0.000000 0.000000 0.000000
vt -1.020584 -0.572740 0.000000
vt 0.979417 -0.572740 0.000000
vt 0.000000 0.000000 0.000000
vt -2.488307 -3.497683 0.000000
vt -1.549384 -4.134639 0.000000
vt 0.000000 0.000000 0.000000
vt -2.772891 -3.815867 0.000000
vt 0.419072 -0.945879 0.000000
vt 0.000000 0.000000 0.000000
vt -4.425473 -0.700601 0.000000
vt -4.047778 -1.663749 0.000000
vt 0.000000 0.000000 0.000000
vt -4.233471 -2.591342 0.000000
vt 0.206485 -1.989313 0.000000
vt 0.000000 0.000000 0.000000
vt 4.069548 2.841849 0.000000
vt -0.877221 0.564824 0.000000
vt 0.000000 0.000000 0.000000
vt 2.760289 3.824993 0.000000
vt 1.899816 4.415017 0.000000
vt 0.000000 0.000000 0.000000
vt 0.788271 4.741340 0.000000
vt -1.026198 -0.562620 0.000000
vt 0.000000 0.000000 0.000000
vt -2.662351 0.960245 0.000000
vt -2.599203 -1.038758 0.000000
vt 0.000000 0.000000 0.000000
vt -1.579340 0.985300 0.000000
vt -4.181478 -0.046084 0.000000
vt 0.000000 0.000000 0.000000
vt -3.451043 -0.003959 0.000000
vt -4.284350 -1.016721 0.000000
vt 0.000000 0.000000 0.000000
vt 0.000905 2.000000 0.000000
vt -4.283506 0.983536 0.000000
vt 0.000000 0.000000 0.000000
vt 2.708222 -0.000842 0.000000
vt -1.571971 0.997016 0.000000
vt 0.000000 0.000000 0.000000
vt 0.832548 1.013386 0.000000
vt -2.665402 0.951744 0.000000
vt 0.000000 0.000000 0.000000
vt 4.548789 -1.332309 0.000000
vt 2.400190 0.667752 0.000000
vt 0.000000 0.000000 0.000000
vt -0.035924 -1.999678 0.000000
vt 2.370359 -1.354228 0.000000
vt 0.000000 0.000000 0.000000
vt -5.584362 1.901378 0.000000
vt -3.227006 0.524640 0.000000
vt 0.000000 0.000000 0.000000
vt -0.443322 1.766614 0.000000
vt -3.661134 2.344971 0.000000
vt 0.000000 0.000000 0.000000
vt -1.939802 2.356717 0.000000
vt -1.594293 0.568398 0.000000
vt 0.000000 0.000000 0.000000
vt 1.043803 3.203297 0.000000
vt -0.519440 3.852233 0.000000
vt 0.000000 0.000000 0.000000
vt -0.531517 3.032194 0.000000
vt -1.999999 0.000000 0.000000
vt 0.000000 0.000000 0.000000
vt -3.676300 2.321123 0.000000
vt -1.671946 0.176528 0.000000
vt 0.000000 0.000000 0.000000
vt -0.988328 3.759352 0.000000
vt -2.657491 3.960495 0.000000
vt 0.000000 0.000000 0.000000
vt -3.162195 -2.872834 0.000000
vt 0.698604 -6.751640 0.000000
vt 0.000000 0.000000 0.000000
vt -3.136973 -2.896424 0.000000
vt -2.436625 -9.647883 0.000000
vt 0.000000 0.000000 0.000000
vt -1.091972 5.937815 0.000000
vt -3.527919 -3.710239 0.000000
vt 0.000000 0.000000 0.000000
vt -1.490131 8.646254 0.000000
vt -5.017921 4.935892 0.000000
vt 0.000000 0.000000 0.000000
vt -4.451688 4.322775 0.000000
vt -2.961170 -4.323413 0.000000
vt 0.000000 0.000000 0.000000
vt -0.748499 4.323230 0.000000
vt -3.709937 0.000000 0.000000
vt 0.000000 0.000000 0.000000
vt -4.455645 4.323712 0.000000
vt -3.709936 0.000000 0.000000
vt 0.000000 0.000000 0.000000
vt -4.574924 4.205426 0.000000
vt -0.121042 -0.120102 0.000000
vt 0.000000 0.000000 0.000000
vt 1.091859 -5.937836 0.000000
vt 3.619803 -3.593555 0.000000
vt 0.000000 0.000000 0.000000
vt -3.709937 0.000000 0.000000
vt -3.700233 -0.013799 0.000000
vt 0.000000 0.000000 0.000000
vt 3.888483 3.241565 0.000000
vt 0.188252 3.227296 0.000000
vt 0.000000 0.000000 0.000000
vt -0.482200 4.767101 0.000000
vt -4.264621 1.402382 0.000000
vt 0.000000 0.000000 0.000000
vt 7.464316 0.139051 0.000000
vt 3.323042 1.872116 0.000000
vt 0.000000 0.000000 0.000000
vt 4.119623 1.517733 0.000000
vt -3.344394 1.363462 0.000000
vt 0.000000 0.000000 0.000000
vt 6.794092 3.182741 0.000000
vt 3.532702 4.734299 0.000000
vt 0.000000 0.000000 0.000000
vt -0.366477 3.301545 0.000000
vt -7.255937 0.330876 0.000000
vt 0.000000 0.000000 0.000000
vt 0.173957 3.228098 0.000000
vt -1.598173 0.670876 0.000000
vt 0.000000 0.000000 0.000000
vt 3.423546 1.681297 0.000000
vt 1.872022 2.453958 0.000000
vt 0.000000 0.000000 0.000000
vt 0.188507 -3.316470 0.000000
vt 4.341542 0.652548 0.000000
vt 0.000000 0.000000 0.000000
vt 0.434722 -4.771665 0.000000
vt 3.709936 0.000000 0.000000
vt 0.000000 0.000000 0.000000
vt -2.000003 -0.000000 0.000000
vt -2.202795 -5.343435 0.000000
vt 0.000000 0.000000 0.000000
vt -0.134882 5.471080 0.000000
vt -1.998181 -0.000000 0.000000
vt 0.000000 0.000000 0.000000
vt 2.241058 6.869522 0.000000
vt 0.242877 6.869522 0.000000
vt 0.000000 0.000000 0.000000
vt -0.332472 7.030791 0.000000
vt -1.999999 0.000000 0.000000
vt 0.000000 0.000000 0.000000
vt -1.000040 -0.083922 0.000000
vt 0.999959 -0.083922 0.000000
vt 0.000000 0.000000 0.000000
vt -1.000041 -0.083619 0.000000
vt 0.000000 -0.166553 0.000000
vt 0.000000 0.000000 0.000000
vt 1.000041 -0.084601 0.000000
vt 1.999999 0.000000 0.000000
vt 0.000000 0.000000 0.000000
vt -0.999955 0.085608 0.000000
vt -0.999957 -0.084908 0.000000
vt 0.000000 0.000000 0.000000
vt -1.373965 -6.951548 0.000000
vt 0.626035 -6.951548 0.000000
vt 0.000000 0.000000 0.000000
vt -0.957951 0.843257 0.000000
vt 0.084721 -6.058103 0.000000
vt 0.000000 0.000000 0.000000
vt -0.105654 -6.204252 0.000000
vt 0.909719 -5.364507 0.000000
vt 0.000000 0.000000 0.000000
vt -2.000000 0.000000 0.000000
vt -0.761794 -5.298336 0.000000
vt 0.000000 0.000000 0.000000
vt 0.130218 6.056574 0.000000
vt -0.978136 0.819758 0.000000
vt 0.000000 0.000000 0.000000
vt 0.573649 7.062771 0.000000
vt -0.422052 6.199791 0.000000
vt 0.000000 0.000000 0.000000
vt -1.015863 -1.588412 0.000000
vt 0.984137 -1.588412 0.000000
vt 0.000000 0.000000 0.000000
vt -1.017750 -1.794991 0.000000
vt -0.000138 -3.362168 0.000000
vt 0.000000 0.000000 0.000000
vt 1.020679 -1.816243 0.000000
vt 2.000000 0.000000 0.000000
vt 0.000000 0.000000 0.000000
vt -0.976054 1.840610 0.000000
vt -0.986186 -1.607005 0.000000
vt 0.000000 0.000000 0.000000
vt -1.037451 -2.521387 0.000000
vt 0.962549 -2.521387 0.000000
vt 0.000000 0.000000 0.000000
vt -1.033949 -2.491319 0.000000
vt 0.004761 -4.982298 0.000000
vt 0.000000 0.000000 0.000000
vt 1.037338 -2.519723 0.000000
vt 1.999999 -0.000000 0.000000
vt 0.000000 0.000000 0.000000
vt -0.959188 2.550497 0.000000
vt -0.964593 -2.550148 0.000000
vt 0.000000 0.000000 0.000000
vt -1.999999 -0.000000 0.000000
vt -2.121584 -4.161603 0.000000
vt 0.000000 0.000000 0.000000
vt 0.915246 4.467171 0.000000
vt -1.010623 0.211459 0.000000
vt 0.000000 0.000000 0.000000
vt -0.133574 4.267555 0.000000
vt -0.985894 -0.212047 0.000000
vt 0.000000 0.000000 0.000000
vt 0.063256 4.271844 0.000000
vt -0.922214 4.057835 0.000000
vt 0.000000 0.000000 0.000000
vt 2.000003 0.000000 0.000000
vt 0.896621 4.012362 0.000000
vt 0.000000 0.000000 0.000000
vt -0.114309 -4.162803 0.000000
vt 1.011228 -0.208546 0.000000
vt 0.000000 0.000000 0.000000
vt -0.000020 -0.013265 0.000000
vt 0.906242 -0.007991 0.000000
vt 0.000000 0.000000 0.000000
vt -1.093728 0.010475 0.000000
vt -1.999993 0.005575 0.000000
vt 0.000000 0.000000 0.000000
vt 0.000021 0.016870 0.000000
vt -1.093734 0.009872 0.000000
vt 0.000000 0.000000 0.000000
vt 0.906247 -0.007425 0.000000
vt 1.999999 0.000000 0.000000
vt 0.000000 0.000000 0.000000
vt 1.323573 2.288173 0.000000
vt -0.676420 2.293793 0.000000
vt 0.000000 0.000000 0.000000
vt 2.600125 1.855584 0.000000
vt 2.377887 4.236684 0.000000
vt 0.000000 0.000000 0.000000
vt 3.172722 2.966064 0.000000
vt 0.374988 1.424466 0.000000
vt 0.000000 0.000000 0.000000
vt 4.159597 0.024898 0.000000
vt 4.631765 1.420167 0.000000
vt 0.000000 0.000000 0.000000
vt 4.078554 2.020906 0.000000
vt -0.081056 1.998356 0.000000
vt 0.000000 0.000000 0.000000
vt -3.988721 -2.192890 0.000000
vt 1.559707 -0.165943 0.000000
vt 0.000000 0.000000 0.000000
vt -3.144277 -2.996201 0.000000
vt -1.585464 -3.170341 0.000000
vt 0.000000 0.000000 0.000000
vt -1.133293 -3.358632 0.000000
vt 0.695495 -0.872287 0.000000
vt 0.000000 0.000000 0.000000
vt -1.594679 -2.108216 0.000000
vt -0.897339 -2.979029 0.000000
vt 0.000000 0.000000 0.000000
vt 3.332548 -0.991203 0.000000
vt 3.318959 1.008751 0.000000
vt 0.000000 0.000000 0.000000
vt 3.923722 -1.004039 0.000000
vt 7.242831 0.004218 0.000000
vt 0.000000 0.000000 0.000000
vt 3.930914 0.996398 0.000000
vt 0.007077 1.999987 0.000000
vt 0.000000 0.000000 0.000000
vt -3.332682 0.990753 0.000000
vt -7.263474 -0.006126 0.000000
vt 0.000000 0.000000 0.000000
vt 2.112786 -1.351165 0.000000
vt 2.178439 0.647757 0.000000
vt 0.000000 0.000000 0.000000
vt 2.131030 -2.098023 0.000000
vt 4.300779 -1.421730 0.000000
vt 0.000000 0.000000 0.000000
vt 3.433716 -2.216812 0.000000
vt 1.438737 0.010977 0.000000
vt 0.000000 0.000000 0.000000
vt 1.035171 -3.819248 0.000000
vt 2.473897 -3.806920 0.000000
vt 0.000000 0.000000 0.000000
vt 2.027008 -3.956956 0.000000
vt 1.999999 0.000000 0.000000
vt 0.000000 0.000000 0.000000
vt -2.837792 3.422455 0.000000
vt 0.153829 -1.531939 0.000000
vt 0.000000 0.000000 0.000000
vt -3.425056 2.230170 0.000000
vt -3.266296 0.698735 0.000000
vt 0.000000 0.000000 0.000000
vt -3.280816 0.627025 0.000000
vt 2.112052 -1.352312 0.000000
vt 0.000000 0.000000 0.000000
vt 2.802952 2.457407 0.000000
vt 2.517993 2.750112 0.000000
vt 0.000000 0.000000 0.000000
vt 1.177581 -2.749940 0.000000
vt 3.695761 -0.000000 0.000000
vt 0.000000 0.000000 0.000000
vt 3.691990 3.349500 0.000000
vt 2.514005 6.099267 0.000000
vt 0.000000 0.000000 0.000000
vt 1.037156 -5.960041 0.000000
vt 3.551387 0.139133 0.000000
vt 0.000000 0.000000 0.000000
vt 5.019250 -2.299780 0.000000
vt 3.984112 3.660612 0.000000
vt 0.000000 0.000000 0.000000
vt 2.714802 2.498943 0.000000
vt -2.304148 4.799377 0.000000
vt 0.000000 0.000000 0.000000
vt 1.194807 5.842324 0.000000
vt -1.112767 10.640055 0.000000
vt 0.000000 0.000000 0.000000
vt -2.478466 2.378407 0.000000
vt -3.672784 -3.464018 0.000000
vt 0.000000 0.000000 0.000000
vt 3.551380 0.139292 0.000000
vt -0.144383 0.139292 0.000000
vt 0.000000 0.000000 0.000000
vt 3.064799 -2.928296 0.000000
vt 1.951116 7.711663 0.000000
vt 0.000000 0.000000 0.000000
vt 3.081009 -2.916894 0.000000
vt 5.029098 4.795535 0.000000
vt 0.000000 0.000000 0.000000
vt 3.695761 0.000000 0.000000
vt 0.464860 4.580999 0.000000
vt 0.000000 0.000000 0.000000
vt 3.565868 -3.404805 0.000000
vt 4.060045 1.173124 0.000000
vt 0.000000 0.000000 0.000000
vt 3.695763 0.000000 0.000000
vt 0.033121 3.300479 0.000000
vt 0.000000 0.000000 0.000000
vt 1.712099 -2.558404 0.000000
vt 1.765599 0.741807 0.000000
vt 0.000000 0.000000 0.000000
vt 1.782088 -2.478126 0.000000
vt 3.495520 -1.622693 0.000000
vt 0.000000 0.000000 0.000000
vt -3.449106 -1.387392 0.000000
vt -0.102856 -3.299041 0.000000
vt 0.000000 0.000000 0.000000
vt 3.989919 2.503682 0.000000
vt 0.738762 4.306782 0.000000
vt 0.000000 0.000000 0.000000
vt 1.555487 -3.133674 0.000000
vt 2.223114 1.184707 0.000000
vt 0.000000 0.000000 0.000000
vt -0.777823 -5.389839 0.000000
vt 1.406807 -4.135583 0.000000
vt 0.000000 0.000000 0.000000
vt 3.933519 1.545190 0.000000
vt -0.066845 3.299967 0.000000
vt 0.000000 0.000000 0.000000
vt -3.968470 -2.537542 0.000000
vt -2.172636 -5.484526 0.000000
vt 0.000000 0.000000 0.000000
vt -1.000257 -0.213306 0.000000
vt 0.999743 -0.213306 0.000000
vt 0.000000 0.000000 0.000000
vt -1.000219 -0.188353 0.000000
vt 0.000013 -0.399352 0.000000
vt 0.000000 0.000000 0.000000
vt 1.000205 -0.190595 0.000000
vt 1.999999 0.000000 0.000000
vt 0.000000 0.000000 0.000000
vt -0.999807 0.192671 0.000000
vt -0.999714 -0.215836 0.000000
vt 0.000000 0.000000 0.000000
vt 1.000058 0.098413 0.000000
vt -0.999940 0.098413 0.000000
vt 0.000000 0.000000 0.000000
vt 1.000058 0.098608 0.000000
vt 0.000000 0.195823 0.000000
vt 0.000000 0.000000 0.000000
vt -1.000062 0.099795 0.000000
vt -2.000002 -0.000000 0.000000
vt 0.000000 0.000000 0.000000
vt 0.999938 -0.101024 0.000000
vt 0.999941 0.099597 0.000000
vt 0.000000 0.000000 0.000000
vt 1.112704 3.459794 0.000000
vt -0.887298 3.459794 0.000000
vt 0.000000 0.000000 0.000000
vt 0.998507 1.871661 0.000000
vt -0.087035 5.274465 0.000000
vt 0.000000 0.000000 0.000000
vt -1.017675 1.881195 0.000000
vt -1.998102 0.000000 0.000000
vt 0.000000 0.000000 0.000000
vt 0.254371 6.944370 0.000000
vt -1.743731 6.944370 0.000000
vt 0.000000 0.000000 0.000000
vt 2.000001 -0.000000 0.000000
vt -0.319889 6.773698 0.000000
vt 0.000000 0.000000 0.000000
vt 0.942904 -1.919763 0.000000
vt 1.013114 3.490256 0.000000
vt 0.000000 0.000000 0.000000
vt 1.012038 1.397536 0.000000
vt -0.987964 1.397536 0.000000
vt 0.000000 0.000000 0.000000
vt 1.056272 2.759791 0.000000
vt 0.043385 4.139370 0.000000
vt 0.000000 0.000000 0.000000
vt -1.035758 2.793475 0.000000
vt -1.999427 0.000000 0.000000
vt 0.000000 0.000000 0.000000
vt 2.092130 4.135689 0.000000
vt 0.092703 4.135689 0.000000
vt 0.000000 0.000000 0.000000
vt -0.121746 4.237108 0.000000
vt -2.000002 0.000000 0.000000
vt 0.000000 0.000000 0.000000
vt -0.989017 -1.413922 0.000000
vt -0.053104 -4.242413 0.000000
vt 0.000000 0.000000 0.000000
vt -1.036270 -2.434498 0.000000
vt 0.963733 -2.434498 0.000000
vt 0.000000 0.000000 0.000000
vt -1.068583 -2.508502 0.000000
vt -0.060796 -4.925096 0.000000
vt 0.000000 0.000000 0.000000
vt 1.040609 -2.552258 0.000000
vt 2.000000 0.000000 0.000000
vt 0.000000 0.000000 0.000000
vt -0.992812 2.571228 0.000000
vt -0.930054 -2.477022 0.000000
vt 0.000000 0.000000 0.000000
vt -1.017463 -1.695753 0.000000
vt 0.982537 -1.695753 0.000000
vt 0.000000 0.000000 0.000000
vt -1.018052 -1.676758 0.000000
vt -0.001987 -3.352637 0.000000
vt 0.000000 0.000000 0.000000
vt 1.017532 -1.697852 0.000000
vt 2.000001 0.000000 0.000000
vt 0.000000 0.000000 0.000000
vt -0.983170 1.717979 0.000000
vt -0.981048 -1.717077 0.000000
vt 0.000000 0.000000 0.000000
vt -1.161770 -4.569346 0.000000
vt 0.838232 -4.569346 0.000000
vt 0.000000 0.000000 0.000000
vt -1.049741 -1.499331 0.000000
vt -0.001635 -6.025149 0.000000
vt 0.000000 0.000000 0.000000
vt 1.020152 -4.017316 0.000000
vt 2.013084 -2.479774 0.000000
vt 0.000000 0.000000 0.000000
vt -2.124607 -3.601968 0.000000
vt -0.081492 -6.057058 0.000000
vt 0.000000 0.000000 0.000000
vt 0.101813 -3.726261 0.000000
vt 1.999999 0.000000 0.000000
vt 0.000000 0.000000 0.000000
vt 1.009161 0.946963 0.000000
vt 0.072022 4.984451 0.000000
vt 0.000000 0.000000 0.000000
vt 0.902450 4.627550 0.000000
vt -0.113692 3.688081 0.000000
vt 0.000000 0.000000 0.000000
vt -1.020583 -0.572739 0.000000
vt 0.979416 -0.572739 0.000000
vt 0.000000 0.000000 0.000000
vt -2.488305 -3.497682 0.000000
vt -1.549383 -4.134637 0.000000
vt 0.000000 0.000000 0.000000
vt -2.772889 -3.815867 0.000000
vt 0.419071 -0.945878 0.000000
vt 0.000000 0.000000 0.000000
vt -4.425475 -0.700601 0.000000
vt -4.047782 -1.663749 0.000000
vt 0.000000 0.000000 0.000000
vt -4.233473 -2.591341 0.000000
vt 0.206486 -1.989313 0.000000
vt 0.000000 0.000000 0.000000
vt 4.069551 2.841848 0.000000
vt -0.877220 0.564824 0.000000
vt 0.000000 0.000000 0.000000
vt 2.760288 3.824992 0.000000
vt 1.899816 4.415016 0.000000
vt 0.000000 0.000000 0.000000
vt 0.788271 4.741339 0.000000
vt -1.026196 -0.562620 0.000000
vt 0.000000 0.000000 0.000000
vt -2.662349 0.960245 0.000000
vt -2.599200 -1.038758 0.000000
vt 0.000000 0.000000 0.000000
vt -1.579341 0.985300 0.000000
vt -4.181477 -0.046084 0.000000
vt 0.000000 0.000000 0.000000
vt -3.451046 -0.003959 0.000000
vt -4.284353 -1.016721 0.000000
vt 0.000000 0.000000 0.000000
vt 0.000906 2.000000 0.000000
vt -4.283508 0.983536 0.000000
vt 0.000000 0.000000 0.000000
vt 2.708223 -0.000842 0.000000
vt -1.571971 0.997017 0.000000
vt 0.000000 0.000000 0.000000
vt 0.832549 1.013386 0.000000
vt -2.665400 0.951743 0.000000
vt 0.000000 0.000000 0.000000
vt 4.548788 -1.332309 0.000000
vt 2.400191 0.667753 0.000000
vt 0.000000 0.000000 0.000000
vt -0.035922 -1.999678 0.000000
vt 2.370362 -1.354228 0.000000
vt 0.000000 0.000000 0.000000
vt -5.584365 1.901378 0.000000
vt -3.227005 0.524640 0.000000
vt 0.000000 0.000000 0.000000
vt -0.443323 1.766614 0.000000
vt -3.661135 2.344971 0.000000
vt 0.000000 0.000000 0.000000
vt -1.939801 2.356717 0.000000
vt -1.594291 0.568398 0.000000
vt 0.000000 0.000000 0.000000
vt 1.043803 3.203297 0.000000
vt -0.519437 3.852233 0.000000
vt 0.000000 0.000000 0.000000
vt -0.531518 3.032195 0.000000
vt -1.999998 0.000000 0.000000
vt 0.000000 0.000000 0.000000
vt -3.676299 2.321125 0.000000
vt -1.671949 0.176528 0.000000
vt 0.000000 0.000000 0.000000
vt -0.988324 3.759352 0.000000
vt -2.657490 3.960496 0.000000
vt 0.000000 0.000000 0.000000
vt -3.162196 -2.872834 0.000000
vt 0.698605 -6.751640 0.000000
vt 0.000000 0.000000 0.000000
vt -3.136973 -2.896424 0.000000
vt -2.436623 -9.647883 0.000000
vt 0.000000 0.000000 0.000000
vt -1.091973 5.937815 0.000000
vt -3.527918 -3.710239 0.000000
vt 0.000000 0.000000 0.000000
vt -1.490132 8.646255 0.000000
vt -5.017921 4.935892 0.000000
vt 0.000000 0.000000 0.000000
vt -4.451690 4.322775 0.000000
vt -2.961171 -4.323413 0.000000
vt 0.000000 0.000000 0.000000
vt -0.748497 4.323230 0.000000
vt -3.709935 0.000000 0.000000
vt 0.000000 0.000000 0.000000
vt -4.455644 4.323712 0.000000
vt -3.709937 0.000000 0.000000
vt 0.000000 0.000000 0.000000
vt -4.574922 4.205426 0.000000
vt -0.121042 -0.120102 0.000000
vt 0.000000 0.000000 0.000000
vt 1.091860 -5.937836 0.000000
vt 3.619803 -3.593555 0.000000
vt 0.000000 0.000000 0.000000
vt -3.709935 0.000000 0.000000
vt -3.700233 -0.013799 0.000000
vt 0.000000 0.000000 0.000000
vt 3.888482 3.241566 0.000000
vt 0.188251 3.227297 0.000000
vt 0.000000 0.000000 0.000000
vt -0.482201 4.767102 0.000000
vt -4.264621 1.402382 0.000000
vt 0.000000 0.000000 0.000000
vt 7.464316 0.139051 0.000000
vt 3.323041 1.872113 0.000000
vt 0.000000 0.000000 0.000000
vt 4.119623 1.517733 0.000000
vt -3.344394 1.363461 0.000000
vt 0.000000 0.000000 0.000000
vt 3.357056 6.709673 0.000000
vt -0.163767 5.904809 0.000000
vt 0.000000 0.000000 0.000000
vt -2.290499 2.405852 0.000000
vt -5.975368 -4.129534 0.000000
vt 0.000000 0.000000 0.000000
vt 0.173957 3.228099 0.000000
vt -1.598172 0.670876 0.000000
vt 0.000000 0.000000 0.000000
vt 3.423544 1.681296 0.000000
vt 1.872020 2.453956 0.000000
vt 0.000000 0.000000 0.000000
vt 2.192297 -2.495665 0.000000
vt 3.016971 3.189466 0.000000
vt 0.000000 0.000000 0.000000
vt 0.434723 -4.771666 0.000000
vt 3.709937 0.000000 0.000000
vt 0.000000 0.000000 0.000000
vt -1.999999 -0.000000 0.000000
vt -2.202796 -5.343435 0.000000
vt 0.000000 0.000000 0.000000
vt -0.134885 5.471081 0.000000
vt -1.998184 0.000000 0.000000
vt 0.000000 0.000000 0.000000
vt 2.241064 6.869520 0.000000
vt 0.242880 6.869520 0.000000
vt 0.000000 0.000000 0.000000
vt -0.332474 7.030791 0.000000
vt -2.000002 0.000000 0.000000
vt 0.000000 0.000000 0.000000
vt -1.000041 -0.083922 0.000000
vt 0.999959 -0.083922 0.000000
vt 0.000000 0.000000 0.000000
vt -1.000044 -0.083618 0.000000
vt -0.000002 -0.166552 0.000000
vt 0.000000 0.000000 0.000000
vt 1.000041 -0.084600 0.000000
vt 2.000002 0.000000 0.000000
vt 0.000000 0.000000 0.000000
vt -0.999955 0.085608 0.000000
vt -0.999958 -0.084908 0.000000
vt 0.000000 0.000000 0.000000
vt -1.373964 -6.951547 0.000000
vt 0.626038 -6.951547 0.000000
vt 0.000000 0.000000 0.000000
vt -0.957953 0.843257 0.000000
vt 0.084720 -6.058103 0.000000
vt 0.000000 0.000000 0.000000
vt -0.105648 -6.204254 0.000000
vt 0.909721 -5.364508 0.000000
vt 0.000000 0.000000 0.000000
vt -2.000002 -0.000000 0.000000
vt -0.761796 -5.298338 0.000000
vt 0.000000 0.000000 0.000000
vt 0.130221 6.056575 0.000000
vt -0.978138 0.819758 0.000000
vt 0.000000 0.000000 0.000000
vt 0.573649 7.062770 0.000000
vt -0.422049 6.199790 0.000000
vt 0.000000 0.000000 0.000000
vt -1.015866 -1.588411 0.000000
vt 0.984136 -1.588411 0.000000
vt 0.000000 0.000000 0.000000
vt -1.017750 -1.794991 0.000000
vt -0.000139 -3.362168 0.000000
vt 0.000000 0.000000 0.000000
vt 1.020678 -1.816244 0.000000
vt 1.999998 0.000000 0.000000
vt 0.000000 0.000000 0.000000
vt -0.976053 1.840610 0.000000
vt -0.986188 -1.607005 0.000000
vt 0.000000 0.000000 0.000000
vt -1.037447 -2.521387 0.000000
vt 0.962551 -2.521387 0.000000
vt 0.000000 0.000000 0.000000
vt -1.033950 -2.491319 0.000000
vt 0.004762 -4.982298 0.000000
vt 0.000000 0.000000 0.000000
vt 1.037338 -2.519723 0.000000
vt 2.000001 -0.000000 0.000000
vt 0.000000 0.000000 0.000000
vt -0.959189 2.550497 0.000000
vt -0.964590 -2.550148 0.000000
vt 0.000000 0.000000 0.000000
vt -2.000001 0.000000 0.000000
vt -2.121586 -4.161602 0.000000
vt 0.000000 0.000000 0.000000
vt 0.915250 4.467170 0.000000
vt -1.010622 0.211459 0.000000
vt 0.000000 0.000000 0.000000
vt -0.133571 4.267555 0.000000
vt -0.985893 -0.212047 0.000000
vt 0.000000 0.000000 0.000000
vt 0.063258 4.271844 0.000000
vt -0.922211 4.057835 0.000000
vt 0.000000 0.000000 0.000000
vt 1.999999 -0.000000 0.000000
vt 0.896617 4.012362 0.000000
vt 0.000000 0.000000 0.000000
vt -0.114309 -4.162802 0.000000
vt 1.011227 -0.208546 0.000000
vt 0.000000 0.000000 0.000000
vt -0.000017 -0.013266 0.000000
vt 1.046869 -0.008203 0.000000
vt 0.000000 0.000000 0.000000
vt -0.953104 0.010186 0.000000
vt -1.999993 0.005525 0.000000
vt 0.000000 0.000000 0.000000
vt 0.000021 0.016869 0.000000
vt -0.953109 0.009686 0.000000
vt 0.000000 0.000000 0.000000
vt 1.046874 -0.007552 0.000000
vt 2.000002 0.000000 0.000000
vt 0.000000 0.000000 0.000000
vt 1.323574 2.288173 0.000000
vt -0.676419 2.293793 0.000000
vt 0.000000 0.000000 0.000000
vt 2.600126 1.855584 0.000000
vt 2.377890 4.236685 0.000000
vt 0.000000 0.000000 0.000000
vt 3.172723 2.966063 0.000000
vt 0.374988 1.424465 0.000000
vt 0.000000 0.000000 0.000000
vt 4.159595 0.024898 0.000000
vt 4.631763 1.420166 0.000000
vt 0.000000 0.000000 0.000000
vt 4.078553 2.020906 0.000000
vt -0.081056 1.998356 0.000000
vt 0.000000 0.000000 0.000000
vt -3.988719 -2.192891 0.000000
vt 1.559710 -0.165944 0.000000
vt 0.000000 0.000000 0.000000
vt -3.144277 -2.996202 0.000000
vt -1.585460 -3.170342 0.000000
vt 0.000000 0.000000 0.000000
vt -1.133290 -3.358632 0.000000
vt 0.695494 -0.872287 0.000000
vt 0.000000 0.000000 0.000000
vt -1.594681 -2.108216 0.000000
vt -0.897342 -2.979029 0.000000
vt 0.000000 0.000000 0.000000
vt 3.332547 -0.991203 0.000000
vt 3.318959 1.008751 0.000000
vt 0.000000 0.000000 0.000000
vt 3.923723 -1.004039 0.000000
vt 7.242831 0.004218 0.000000
vt 0.000000 0.000000 0.000000
vt 3.930914 0.996398 0.000000
vt 0.007077 1.999987 0.000000
vt 0.000000 0.000000 0.000000
vt -3.332681 0.990753 0.000000
vt -7.263473 -0.006126 0.000000
vt 0.000000 0.000000 0.000000
vt 2.112785 -1.351165 0.000000
vt 2.178437 0.647757 0.000000
vt 0.000000 0.000000 0.000000
vt 2.131030 -2.098022 0.000000
vt 4.300778 -1.421730 0.000000
vt 0.000000 0.000000 0.000000
vt 3.433716 -2.216813 0.000000
vt 1.438737 0.010977 0.000000
vt 0.000000 0.000000 0.000000
vt 1.035172 -3.819248 0.000000
vt 2.473898 -3.806921 0.000000
vt 0.000000 0.000000 0.000000
vt 2.027010 -3.956957 0.000000
vt 2.000000 0.000000 0.000000
vt 0.000000 0.000000 0.000000
vt -2.837796 3.422454 0.000000
vt 0.153829 -1.531938 0.000000
vt 0.000000 0.000000 0.000000
vt -3.425056 2.230170 0.000000
vt -3.266296 0.698734 0.000000
vt 0.000000 0.000000 0.000000
vt -3.280817 0.627025 0.000000
vt 2.112051 -1.352312 0.000000
vt 0.000000 0.000000 0.000000
vt 2.802952 2.457407 0.000000
vt 2.517994 2.750112 0.000000
vt 0.000000 0.000000 0.000000
vt 1.177582 -2.749940 0.000000
vt 3.695763 -0.000000 0.000000
vt 0.000000 0.000000 0.000000
vt 3.691991 3.349500 0.000000
vt 2.514004 6.099267 0.000000
vt 0.000000 0.000000 0.000000
vt 1.037155 -5.960041 0.000000
vt 3.551385 0.139133 0.000000
vt 0.000000 0.000000 0.000000
vt 5.019250 -2.299780 0.000000
vt 3.984113 3.660612 0.000000
vt 0.000000 0.000000 0.000000
vt 2.714801 2.498943 0.000000
vt -2.304149 4.799377 0.000000
vt 0.000000 0.000000 0.000000
vt 1.194809 5.842324 0.000000
vt -1.112767 10.640055 0.000000
vt 0.000000 0.000000 0.000000
vt -2.478464 2.378407 0.000000
vt -3.672784 -3.464018 0.000000
vt 0.000000 0.000000 0.000000
vt 3.551379 0.139292 0.000000
vt -0.144384 0.139292 0.000000
vt 0.000000 0.000000 0.000000
vt 3.064799 -2.928296 0.000000
vt 1.951117 7.711663 0.000000
vt 0.000000 0.000000 0.000000
vt 3.081009 -2.916894 0.000000
vt 5.029098 4.795535 0.000000
vt 0.000000 0.000000 0.000000
vt 3.695763 0.000000 0.000000
vt 0.464860 4.580998 0.000000
vt 0.000000 0.000000 0.000000
vt 3.565867 -3.404804 0.000000
vt 4.060045 1.173124 0.000000
vt 0.000000 0.000000 0.000000
vt 3.695762 0.000000 0.000000
vt 0.033121 3.300479 0.000000
vt 0.000000 0.000000 0.000000
vt 1.712097 -2.558405 0.000000
vt 1.765598 0.741807 0.000000
vt 0.000000 0.000000 0.000000
vt 1.782089 -2.478125 0.000000
vt 3.495520 -1.622693 0.000000
vt 0.000000 0.000000 0.000000
vt -3.449106 -1.387391 0.000000
vt -0.102855 -3.299040 0.000000
vt 0.000000 0.000000 0.000000
vt 4.709679 -0.082488 0.000000
vt 2.971476 3.203823 0.000000
vt 0.000000 0.000000 0.000000
vt -0.483245 -3.464957 0.000000
vt 2.503940 -0.275776 0.000000
vt 0.000000 0.000000 0.000000
vt -3.816187 -3.884853 0.000000
vt -1.312884 -4.166352 0.000000
vt 0.000000 0.000000 0.000000
vt 3.933519 1.545189 0.000000
vt -0.066845 3.299966 0.000000
vt 0.000000 0.000000 0.000000
vt -4.709686 0.082086 0.000000
vt -4.844397 -3.366331 0.000000
vt 0.000000 0.000000 0.000000
vt -1.000261 -0.213306 0.000000
vt 0.999739 -0.213306 0.000000
vt 0.000000 0.000000 0.000000
vt -1.000219 -0.188352 0.000000
vt 0.000010 -0.399351 0.000000
vt 0.000000 0.000000 0.000000
vt 1.000207 -0.190594 0.000000
vt 2.000002 0.000000 0.000000
vt 0.000000 0.000000 0.000000
vt -0.999809 0.192671 0.000000
vt -0.999718 -0.215836 0.000000
vt 0.000000 0.000000 0.000000
vt 1.000058 0.098413 0.000000
vt -0.999944 0.098413 0.000000
vt 0.000000 0.000000 0.000000
vt 1.000058 0.098608 0.000000
vt -0.000002 0.195822 0.000000
vt 0.000000 0.000000 0.000000
vt -1.000060 0.099795 0.000000
vt -2.000001 0.000000 0.000000
vt 0.000000 0.000000 0.000000
vt 0.999937 -0.101024 0.000000
vt 0.999940 0.099597 0.000000
vt 0.000000 0.000000 0.000000
vt 1.112706 3.459795 0.000000
vt -0.887295 3.459795 0.000000
vt 0.000000 0.000000 0.000000
vt 0.998503 1.871661 0.000000
vt -0.087038 5.274465 0.000000
vt 0.000000 0.000000 0.000000
vt -1.017678 1.881194 0.000000
vt -1.998102 0.000000 0.000000
vt 0.000000 0.000000 0.000000
vt 0.254372 6.944370 0.000000
vt -1.743730 6.944370 0.000000
vt 0.000000 0.000000 0.000000
vt 2.000000 -0.000000 0.000000
vt -0.319888 6.773698 0.000000
vt 0.000000 0.000000 0.000000
vt 0.942905 -1.919763 0.000000
vt 1.013117 3.490256 0.000000
vt 0.000000 0.000000 0.000000
vt 1.012035 1.397536 0.000000
vt -0.987965 1.397536 0.000000
vt 0.000000 0.000000 0.000000
vt 1.056278 2.759791 0.000000
vt 0.043389 4.139370 0.000000
vt 0.000000 0.000000 0.000000
vt -1.035756 2.793475 0.000000
vt -1.999431 -0.000000 0.000000
vt 0.000000 0.000000 0.000000
vt 2.092131 4.135690 0.000000
vt 0.092700 4.135690 0.000000
vt 0.000000 0.000000 0.000000
vt -0.121744 4.237109 0.000000
vt -2.000002 0.000000 0.000000
vt 0.000000 0.000000 0.000000
vt -0.989014 -1.413921 0.000000
vt -0.053104 -4.242413 0.000000
vt 0.000000 0.000000 0.000000
vt -1.036269 -2.434499 0.000000
vt 0.963732 -2.434499 0.000000
vt 0.000000 0.000000 0.000000
vt -1.068579 -2.508502 0.000000
vt -0.060791 -4.925096 0.000000
vt 0.000000 0.000000 0.000000
vt 1.040608 -2.552257 0.000000
vt 1.999998 0.000000 0.000000
vt 0.000000 0.000000 0.000000
vt -0.992809 2.571228 0.000000
vt -0.930055 -2.477022 0.000000
vt 0.000000 0.000000 0.000000
vt -1.017464 -1.695753 0.000000
vt 0.982533 -1.695753 0.000000
vt 0.000000 0.000000 0.000000
vt -1.018050 -1.676758 0.000000
vt -0.001988 -3.352636 0.000000
vt 0.000000 0.000000 0.000000
vt 1.017534 -1.697851 0.000000
vt 2.000003 -0.000000 0.000000
vt 0.000000 0.000000 0.000000
vt -0.983171 1.717978 0.000000
vt -0.981050 -1.717077 0.000000
vt 0.000000 0.000000 0.000000
vt -1.161770 -4.569345 0.000000
vt 0.838233 -4.569345 0.000000
vt 0.000000 0.000000 0.000000
vt -1.049740 -1.499331 0.000000
vt -0.001635 -6.025149 0.000000
vt 0.000000 0.000000 0.000000
vt 1.020155 -4.017317 0.000000
vt 2.013085 -2.479775 0.000000
vt 0.000000 0.000000 0.000000
vt -2.124606 -3.601968 0.000000
vt -0.081489 -6.057058 0.000000
vt 0.000000 0.000000 0.000000
vt 0.101815 -3.726261 0.000000
vt 2.000000 0.000000 0.000000
vt 0.000000 0.000000 0.000000
vt 1.009163 0.946963 0.000000
vt 0.072022 4.984452 0.000000
vt 0.000000 0.000000 0.000000
vt 0.902453 4.627549 0.000000
vt -0.113691 3.688080 0.000000
vt 0.000000 0.000000 0.000000
vt -1.020585 -0.572739 0.000000
vt 0.979416 -0.572739 0.000000
vt 0.000000 0.000000 0.000000
vt -2.488306 -3.497683 0.000000
vt -1.549384 -4.134639 0.000000
vt 0.000000 0.000000 0.000000
vt -2.772889 -3.815868 0.000000
vt 0.419072 -0.945879 0.000000
vt 0.000000 0.000000 0.000000
vt -4.425473 -0.700601 0.000000
vt -4.047779 -1.663749 0.000000
vt 0.000000 0.000000 0.000000
vt -4.233472 -2.591342 0.000000
vt 0.206485 -1.989313 0.000000
vt 0.000000 0.000000 0.000000
vt 4.069549 2.841848 0.000000
vt -0.877220 0.564824 0.000000
vt 0.000000 0.000000 0.000000
vt 2.760288 3.824993 0.000000
vt 1.899816 4.415017 0.000000
vt 0.000000 0.000000 0.000000
vt 0.788269 4.741340 0.000000
vt -1.026199 -0.562620 0.000000
vt 0.000000 0.000000 0.000000
vt -2.662349 0.960245 0.000000
vt -2.599201 -1.038758 0.000000
vt 0.000000 0.000000 0.000000
vt -1.579342 0.985300 0.000000
vt -4.181479 -0.046084 0.000000
vt 0.000000 0.000000 0.000000
vt -3.451045 -0.003959 0.000000
vt -4.284353 -1.016721 0.000000
vt 0.000000 0.000000 0.000000
vt 0.000906 2.000000 0.000000
vt -4.283507 0.983536 0.000000
vt 0.000000 0.000000 0.000000
vt 2.708221 -0.000842 0.000000
vt -1.571972 0.997017 0.000000
vt 0.000000 0.000000 0.000000
vt 0.832549 1.013386 0.000000
vt -2.665400 0.951744 0.000000
vt 0.000000 0.000000 0.000000
vt 4.548786 -1.332309 0.000000
vt 2.400188 0.667752 0.000000
vt 0.000000 0.000000 0.000000
vt -0.035921 -1.999678 0.000000
vt 2.370361 -1.354228 0.000000
vt 0.000000 0.000000 0.000000
vt -5.584365 1.901378 0.000000
vt -3.227007 0.524640 0.000000
vt 0.000000 0.000000 0.000000
vt -0.443322 1.766614 0.000000
vt -3.661136 2.344971 0.000000
vt 0.000000 0.000000 0.000000
vt -1.939802 2.356716 0.000000
vt -1.594291 0.568398 0.000000
vt 0.000000 0.000000 0.000000
vt 1.043804 3.203297 0.000000
vt -0.519438 3.852233 0.000000
vt 0.000000 0.000000 0.000000
vt -0.531519 3.032194 0.000000
vt -2.000001 0.000000 0.000000
vt 0.000000 0.000000 0.000000
vt -3.676301 2.321125 0.000000
vt -1.671949 0.176528 0.000000
vt 0.000000 0.000000 0.000000
vt -0.988322 3.759353 0.000000
vt -2.657489 3.960497 0.000000
vt 0.000000 0.000000 0.000000
vt -3.162195 -2.872834 0.000000
vt 0.698604 -6.751640 0.000000
vt 0.000000 0.000000 0.000000
vt -3.136974 -2.896424 0.000000
vt -2.436626 -9.647883 0.000000
vt 0.000000 0.000000 0.000000
vt -1.091970 5.937815 0.000000
vt -3.527919 -3.710239 0.000000
vt 0.000000 0.000000 0.000000
vt -1.490132 8.646254 0.000000
vt -5.017921 4.935892 0.000000
vt 0.000000 0.000000 0.000000
vt -4.451691 4.322775 0.000000
vt -2.961172 -4.323413 0.000000
vt 0.000000 0.000000 0.000000
vt -0.748497 4.323230 0.000000
vt -3.709937 0.000000 0.000000
vt 0.000000 0.000000 0.000000
vt -4.455643 4.323712 0.000000
vt -3.709936 0.000000 0.000000
vt 0.000000 0.000000 0.000000
vt -4.574922 4.205426 0.000000
vt -0.121042 -0.120102 0.000000
vt 0.000000 0.000000 0.000000
vt 1.091857 -5.937836 0.000000
vt 3.619802 -3.593555 0.000000
vt 0.000000 0.000000 0.000000
vt -3.709937 -0.000000 0.000000
vt -3.700232 -0.013799 0.000000
vt 0.000000 0.000000 0.000000
vt 3.888482 3.241565 0.000000
vt 0.188252 3.227296 0.000000
vt 0.000000 0.000000 0.000000
vt -0.482201 4.767101 0.000000
vt -4.264621 1.402382 0.000000
vt 0.000000 0.000000 0.000000
vt 7.464316 0.139051 0.000000
vt 3.323042 1.872115 0.000000
vt 0.000000 0.000000 0.000000
vt 4.119623 1.517731 0.000000
vt -3.344394 1.363460 0.000000
vt 0.000000 0.000000 0.000000
vt -0.939386 7.443594 0.000000
vt -3.418630 4.817316 0.000000
vt 0.000000 0.000000 0.000000
vt -3.263352 0.620513 0.000000
vt -2.449789 -6.837881 0.000000
vt 0.000000 0.000000 0.000000
vt 0.173956 3.228099 0.000000
vt -1.598174 0.670876 0.000000
vt 0.000000 0.000000 0.000000
vt 3.423545 1.681298 0.000000
vt 1.872020 2.453959 0.000000
vt 0.000000 0.000000 0.000000
vt 3.259415 -0.640872 0.000000
vt 0.445891 4.367606 0.000000
vt 0.000000 0.000000 0.000000
vt 0.434721 -4.771665 0.000000
vt 3.709936 -0.000000 0.000000
vt 0.000000 0.000000 0.000000
vt -2.000000 0.000000 0.000000
vt -2.202798 -5.343435 0.000000
vt 0.000000 0.000000 0.000000
vt -0.134882 5.471080 0.000000
vt -1.998184 0.000000 0.000000
vt 0.000000 0.000000 0.000000
vt 2.241061 6.869521 0.000000
vt 0.242877 6.869521 0.000000
vt 0.000000 0.000000 0.000000
vt -0.332474 7.030791 0.000000
vt -2.000002 0.000000 0.000000
vt 0.000000 0.000000 0.000000
vt -1.000042 -0.083922 0.000000
vt 0.999959 -0.083922 0.000000
vt 0.000000 0.000000 0.000000
vt -1.000042 -0.083618 0.000000
vt -0.000001 -0.166553 0.000000
vt 0.000000 0.000000 0.000000
vt 1.000043 -0.084600 0.000000
vt 2.000002 0.000000 0.000000
vt 0.000000 0.000000 0.000000
vt -0.999957 0.085608 0.000000
vt -0.999958 -0.084908 0.000000
vt 0.000000 0.000000 0.000000
vt -1.373966 -6.951548 0.000000
vt 0.626036 -6.951548 0.000000
vt 0.000000 0.000000 0.000000
vt -0.957950 0.843257 0.000000
vt 0.084725 -6.058103 0.000000
vt 0.000000 0.000000 0.000000
vt -0.105652 -6.204254 0.000000
vt 0.909719 -5.364508 0.000000
vt 0.000000 0.000000 0.000000
vt -2.000000 0.000000 0.000000
vt -0.761790 -5.298337 0.000000
vt 0.000000 0.000000 0.000000
vt 0.130213 6.056576 0.000000
vt -0.978135 0.819758 0.000000
vt 0.000000 0.000000 0.000000
vt 0.573662 7.062770 0.000000
vt -0.422039 6.199790 0.000000
vt 0.000000 0.000000 0.000000
vt -1.015863 -1.588412 0.000000
vt 0.984137 -1.588412 0.000000
vt 0.000000 0.000000 0.000000
vt -1.017753 -1.794992 0.000000
vt -0.000141 -3.362169 0.000000
vt 0.000000 0.000000 0.000000
vt 1.020677 -1.816244 0.000000
vt 2.000000 -0.000000 0.000000
vt 0.000000 0.000000 0.000000
vt -0.976052 1.840611 0.000000
vt -0.986186 -1.607006 0.000000
vt 0.000000 0.000000 0.000000
vt -1.037448 -2.521387 0.000000
vt 0.962552 -2.521387 0.000000
vt 0.000000 0.000000 0.000000
vt -1.033949 -2.491319 0.000000
vt 0.004766 -4.982298 0.000000
vt 0.000000 0.000000 0.000000
vt 1.037337 -2.519723 0.000000
vt 2.000000 -0.000000 0.000000
vt 0.000000 0.000000 0.000000
vt -0.959185 2.550497 0.000000
vt -0.964593 -2.550148 0.000000
vt 0.000000 0.000000 0.000000
vt -2.000000 0.000000 0.000000
vt -2.121586 -4.161603 0.000000
vt 0.000000 0.000000 0.000000
vt 0.915248 4.467171 0.000000
vt -1.010624 0.211459 0.000000
vt 0.000000 0.000000 0.000000
vt -0.133573 4.267556 0.000000
vt -0.985892 -0.212047 0.000000
vt 0.000000 0.000000 0.000000
vt 0.063254 4.271844 0.000000
vt -0.922214 4.057835 0.000000
vt 0.000000 0.000000 0.000000
vt 2.000000 0.000000 0.000000
vt 0.896618 4.012362 0.000000
vt 0.000000 0.000000 0.000000
vt -0.114307 -4.162803 0.000000
vt 1.011229 -0.208546 0.000000
vt 0.000000 0.000000 0.000000
vt -0.000020 -0.013265 0.000000
vt 1.046868 -0.008203 0.000000
vt 0.000000 0.000000 0.000000
vt -0.953102 0.010186 0.000000
vt -1.999992 0.005525 0.000000
vt 0.000000 0.000000 0.000000
vt 0.000025 0.016870 0.000000
vt -0.953107 0.009687 0.000000
vt 0.000000 0.000000 0.000000
vt 1.046873 -0.007552 0.000000
vt 2.000002 0.000000 0.000000
vt 0.000000 0.000000 0.000000
vt 1.323570 2.288173 0.000000
vt -0.676421 2.293793 0.000000
vt 0.000000 0.000000 0.000000
vt 2.600126 1.855584 0.000000
vt 2.377886 4.236685 0.000000
vt 0.000000 0.000000 0.000000
vt 3.172722 2.966064 0.000000
vt 0.374987 1.424466 0.000000
vt 0.000000 0.000000 0.000000
vt 4.159596 0.024898 0.000000
vt 4.631763 1.420167 0.000000
vt 0.000000 0.000000 0.000000
vt 4.078554 2.020906 0.000000
vt -0.081056 1.998356 0.000000
vt 0.000000 0.000000 0.000000
vt -3.988721 -2.192889 0.000000
vt 1.559707 -0.165943 0.000000
vt 0.000000 0.000000 0.000000
vt -3.144278 -2.996201 0.000000
vt -1.585465 -3.170340 0.000000
vt 0.000000 0.000000 0.000000
vt -1.133292 -3.358632 0.000000
vt 0.695495 -0.872287 0.000000
vt 0.000000 0.000000 0.000000
vt -1.594677 -2.108217 0.000000
vt -0.897337 -2.979030 0.000000
vt 0.000000 0.000000 0.000000
vt 3.332547 -0.991203 0.000000
vt 3.318957 1.008751 0.000000
vt 0.000000 0.000000 0.000000
vt 3.923723 -1.004039 0.000000
vt 7.242830 0.004218 0.000000
vt 0.000000 0.000000 0.000000
vt 3.930915 0.996398 0.000000
vt 0.007077 1.999987 0.000000
vt 0.000000 0.000000 0.000000
vt -3.332681 0.990752 0.000000
vt -7.263474 -0.006126 0.000000
vt 0.000000 0.000000 0.000000
vt 2.112784 -1.351165 0.000000
vt 2.178437 0.647757 0.000000
vt 0.000000 0.000000 0.000000
vt 2.131031 -2.098023 0.000000
vt 4.300778 -1.421730 0.000000
vt 0.000000 0.000000 0.000000
vt 3.433717 -2.216812 0.000000
vt 1.438736 0.010977 0.000000
vt 0.000000 0.000000 0.000000
vt 1.035172 -3.819248 0.000000
vt 2.473898 -3.806921 0.000000
vt 0.000000 0.000000 0.000000
vt 2.027008 -3.956957 0.000000
vt 2.000000 0.000000 0.000000
vt 0.000000 0.000000 0.000000
vt -2.837795 3.422454 0.000000
vt 0.153831 -1.531938 0.000000
vt 0.000000 0.000000 0.000000
vt -3.425056 2.230169 0.000000
vt -3.266295 0.698734 0.000000
vt 0.000000 0.000000 0.000000
vt -3.280816 0.627025 0.000000
vt 2.112050 -1.352312 0.000000
vt 0.000000 0.000000 0.000000
vt 2.802950 2.457407 0.000000
vt 2.517992 2.750113 0.000000
vt 0.000000 0.000000 0.000000
vt 1.177582 -2.749940 0.000000
vt 3.695763 0.000000 0.000000
vt 0.000000 0.000000 0.000000
vt 3.691991 3.349500 0.000000
vt 2.514005 6.099267 0.000000
vt 0.000000 0.000000 0.000000
vt 1.037157 -5.960041 0.000000
vt 3.551387 0.139133 0.000000
vt 0.000000 0.000000 0.000000
vt 5.019251 -2.299780 0.000000
vt 3.984112 3.660612 0.000000
vt 0.000000 0.000000 0.000000
vt 2.714801 2.498943 0.000000
vt -2.304150 4.799377 0.000000
vt 0.000000 0.000000 0.000000
vt 1.194810 5.842324 0.000000
vt -1.112766 10.640055 0.000000
vt 0.000000 0.000000 0.000000
vt -2.478464 2.378407 0.000000
vt -3.672784 -3.464018 0.000000
vt 0.000000 0.000000 0.000000
vt 3.551380 0.139292 0.000000
vt -0.144382 0.139292 0.000000
vt 0.000000 0.000000 0.000000
vt 3.064798 -2.928296 0.000000
vt 1.951116 7.711663 0.000000
vt 0.000000 0.000000 0.000000
vt 3.081009 -2.916894 0.000000
vt 5.029098 4.795535 0.000000
vt 0.000000 0.000000 0.000000
vt 3.695763 0.000000 0.000000
vt 0.464860 4.580999 0.000000
vt 0.000000 0.000000 0.000000
vt 3.565867 -3.404805 0.000000
vt 4.060045 1.173124 0.000000
vt 0.000000 0.000000 0.000000
vt 3.695763 -0.000000 0.000000
vt 0.033121 3.300479 0.000000
vt 0.000000 0.000000 0.000000
vt 1.712100 -2.558405 0.000000
vt 1.765598 0.741807 0.000000
vt 0.000000 0.000000 0.000000
vt 1.782089 -2.478124 0.000000
vt 3.495521 -1.622693 0.000000
vt 0.000000 0.000000 0.000000
vt -3.449104 -1.387392 0.000000
vt -0.102853 -3.299041 0.000000
vt 0.000000 0.000000 0.000000
vt 3.828149 -2.744652 0.000000
vt 4.265791 0.947182 0.000000
vt 0.000000 0.000000 0.000000
vt -2.369904 -2.573519 0.000000
vt 1.901555 -1.652233 0.000000
vt 0.000000 0.000000 0.000000
vt -5.325775 -1.136447 0.000000
vt -3.392697 -2.751684 0.000000
vt 0.000000 0.000000 0.000000
vt 3.933519 1.545190 0.000000
vt -0.066846 3.299967 0.000000
vt 0.000000 0.000000 0.000000
vt -3.866515 2.690335 0.000000
vt -5.898350 -0.099177 0.000000
vt 0.000000 0.000000 0.000000
vt -1.000258 -0.213307 0.000000
vt 0.999741 -0.213307 0.000000
vt 0.000000 0.000000 0.000000
vt -1.000216 -0.188352 0.000000
vt 0.000015 -0.399351 0.000000
vt 0.000000 0.000000 0.000000
vt 1.000208 -0.190593 0.000000
vt 1.999999 0.000000 0.000000
vt 0.000000 0.000000 0.000000
vt -0.999810 0.192671 0.000000
vt -0.999715 -0.215836 0.000000
vt 0.000000 0.000000 0.000000
vt 1.000059 0.098412 0.000000
vt -0.999941 0.098412 0.000000
vt 0.000000 0.000000 0.000000
vt 1.000059 0.098608 0.000000
vt 0.000001 0.195822 0.000000
vt 0.000000 0.000000 0.000000
vt -1.000060 0.099795 0.000000
vt -2.000001 0.000000 0.000000
vt 0.000000 0.000000 0.000000
vt 0.999936 -0.101024 0.000000
vt 0.999942 0.099596 0.000000
vt 0.000000 0.000000 0.000000
vt 1.112702 3.459793 0.000000
vt -0.887299 3.459793 0.000000
vt 0.000000 0.000000 0.000000
vt 0.998510 1.871661 0.000000
vt -0.087031 5.274464 0.000000
vt 0.000000 0.000000 0.000000
vt -1.017677 1.881195 0.000000
vt -1.998105 -0.000000 0.000000
vt 0.000000 0.000000 0.000000
vt 0.254374 6.944370 0.000000
vt -1.743731 6.944370 0.000000
vt 0.000000 0.000000 0.000000
vt 2.000000 0.000000 0.000000
vt -0.319884 6.773699 0.000000
vt 0.000000 0.000000 0.000000
vt 0.942906 -1.919763 0.000000
vt 1.013109 3.490256 0.000000
vt 0.000000 0.000000 0.000000
vt 1.012033 1.397537 0.000000
vt -0.987967 1.397537 0.000000
vt 0.000000 0.000000 0.000000
vt 1.056277 2.759791 0.000000
vt 0.043386 4.139371 0.000000
vt 0.000000 0.000000 0.000000
vt -1.035757 2.793475 0.000000
vt -1.999432 0.000000 0.000000
vt 0.000000 0.000000 0.000000
vt 2.092127 4.135690 0.000000
vt 0.092695 4.135690 0.000000
vt 0.000000 0.000000 0.000000
vt -0.121742 4.237108 0.000000
vt -1.999999 0.000000 0.000000
vt 0.000000 0.000000 0.000000
vt -0.989012 -1.413922 0.000000
vt -0.053101 -4.242413 0.000000
vt 0.000000 0.000000 0.000000
vt -1.036267 -2.434499 0.000000
vt 0.963732 -2.434499 0.000000
vt 0.000000 0.000000 0.000000
vt -1.068582 -2.508502 0.000000
vt -0.060795 -4.925097 0.000000
vt 0.000000 0.000000 0.000000
vt 1.040610 -2.552258 0.000000
vt 2.000001 -0.000000 0.000000
vt 0.000000 0.000000 0.000000
vt -0.992811 2.571228 0.000000
vt -0.930052 -2.477022 0.000000
vt 0.000000 0.000000 0.000000
vt -1.017465 -1.695753 0.000000
vt 0.982536 -1.695753 0.000000
vt 0.000000 0.000000 0.000000
vt -1.018049 -1.676757 0.000000
vt -0.001984 -3.352635 0.000000
vt 0.000000 0.000000 0.000000
vt 1.017531 -1.697851 0.000000
vt 1.999998 0.000000 0.000000
vt 0.000000 0.000000 0.000000
vt -0.983168 1.717978 0.000000
vt -0.981051 -1.717076 0.000000
vt 0.000000 0.000000 0.000000
vt -1.161768 -4.569345 0.000000
vt 0.838231 -4.569345 0.000000
vt 0.000000 0.000000 0.000000
vt -1.049741 -1.499330 0.000000
vt -0.001634 -6.025147 0.000000
vt 0.000000 0.000000 0.000000
vt 1.020156 -4.017317 0.000000
vt 2.013087 -2.479774 0.000000
vt 0.000000 0.000000 0.000000
vt -2.124603 -3.601969 0.000000
vt -0.081485 -6.057059 0.000000
vt 0.000000 0.000000 0.000000
vt 0.101813 -3.726260 0.000000
vt 1.999998 0.000000 0.000000
vt 0.000000 0.000000 0.000000
vt 1.009162 0.946963 0.000000
vt 0.072022 4.984452 0.000000
vt 0.000000 0.000000 0.000000
vt 0.902447 4.627549 0.000000
vt -0.113696 3.688080 0.000000
vt 0.000000 0.000000 0.000000
vt -1.020586 -0.572740 0.000000
vt 0.979414 -0.572740 0.000000
vt 0.000000 0.000000 0.000000
vt -2.488304 -3.497685 0.000000
vt -1.549385 -4.134641 0.000000
vt 0.000000 0.000000 0.000000
vt -2.772889 -3.815866 0.000000
vt 0.419073 -0.945878 0.000000
vt 0.000000 0.000000 0.000000
vt -4.425475 -0.700600 0.000000
vt -4.047779 -1.663748 0.000000
vt 0.000000 0.000000 0.000000
vt -4.233475 -2.591341 0.000000
vt 0.206484 -1.989312 0.000000
vt 0.000000 0.000000 0.000000
vt 4.069552 2.841848 0.000000
vt -0.877220 0.564824 0.000000
vt 0.000000 0.000000 0.000000
vt 2.760286 3.824993 0.000000
vt 1.899814 4.415017 0.000000
vt 0.000000 0.000000 0.000000
vt 0.788272 4.741339 0.000000
vt -1.026199 -0.562620 0.000000
vt 0.000000 0.000000 0.000000
vt -2.662349 0.960245 0.000000
vt -2.599201 -1.038758 0.000000
vt 0.000000 0.000000 0.000000
vt -1.579342 0.985300 0.000000
vt -4.181478 -0.046084 0.000000
vt 0.000000 0.000000 0.000000
vt -3.451045 -0.003959 0.000000
vt -4.284353 -1.016721 0.000000
vt 0.000000 0.000000 0.000000
vt 0.000907 2.000000 0.000000
vt -4.283507 0.983536 0.000000
vt 0.000000 0.000000 0.000000
vt 2.708221 -0.000842 0.000000
vt -1.571972 0.997016 0.000000
vt 0.000000 0.000000 0.000000
vt 0.832549 1.013386 0.000000
vt -2.665400 0.951744 0.000000
vt 0.000000 0.000000 0.000000
vt 4.548787 -1.332309 0.000000
vt 2.400191 0.667753 0.000000
vt 0.000000 0.000000 0.000000
vt -0.035922 -1.999678 0.000000
vt 2.370362 -1.354228 0.000000
vt 0.000000 0.000000 0.000000
vt -5.584366 1.901376 0.000000
vt -3.227005 0.524639 0.000000
vt 0.000000 0.000000 0.000000
vt -0.443322 1.766613 0.000000
vt -3.661134 2.344970 0.000000
vt 0.000000 0.000000 0.000000
vt -1.939802 2.356715 0.000000
vt -1.594293 0.568398 0.000000
vt 0.000000 0.000000 0.000000
vt 1.043801 3.203297 0.000000
vt -0.519442 3.852233 0.000000
vt 0.000000 0.000000 0.000000
vt -0.531521 3.032195 0.000000
vt -2.000000 -0.000000 0.000000
vt 0.000000 0.000000 0.000000
vt -3.676297 2.321126 0.000000
vt -1.671948 0.176528 0.000000
vt 0.000000 0.000000 0.000000
vt -0.988328 3.759352 0.000000
vt -2.657493 3.960496 0.000000
vt 0.000000 0.000000 0.000000
vt -3.162194 -2.872834 0.000000
vt 0.698606 -6.751640 0.000000
vt 0.000000 0.000000 0.000000
vt -3.136975 -2.896424 0.000000
vt -2.436625 -9.647883 0.000000
vt 0.000000 0.000000 0.000000
vt -1.091971 5.937815 0.000000
vt -3.527918 -3.710239 0.000000
vt 0.000000 0.000000 0.000000
vt -1.490131 8.646254 0.000000
vt -5.017920 4.935892 0.000000
vt 0.000000 0.000000 0.000000
vt -4.451689 4.322775 0.000000
vt -2.961170 -4.323413 0.000000
vt 0.000000 0.000000 0.000000
vt -0.748499 4.323230 0.000000
vt -3.709937 0.000000 0.000000
vt 0.000000 0.000000 0.000000
vt -4.455645 4.323712 0.000000
vt -3.709937 0.000000 0.000000
vt 0.000000 0.000000 0.000000
vt -4.574924 4.205426 0.000000
vt -0.121042 -0.120102 0.000000
vt 0.000000 0.000000 0.000000
vt 1.091858 -5.937836 0.000000
vt 3.619802 -3.593555 0.000000
vt 0.000000 0.000000 0.000000
vt -3.709937 0.000000 0.000000
vt -3.700232 -0.013799 0.000000
vt 0.000000 0.000000 0.000000
vt 3.888483 3.241566 0.000000
vt 0.188252 3.227297 0.000000
vt 0.000000 0.000000 0.000000
vt -0.482200 4.767101 0.000000
vt -4.264621 1.402382 0.000000
vt 0.000000 0.000000 0.000000
vt 7.464317 0.139051 0.000000
vt 3.323042 1.872114 0.000000
vt 0.000000 0.000000 0.000000
vt 4.119623 1.517734 0.000000
vt -3.344394 1.363462 0.000000
vt 0.000000 0.000000 0.000000
vt -4.785459 5.778313 0.000000
vt -5.469173 2.231971 0.000000
vt 0.000000 0.000000 0.000000
vt -3.039245 -1.340703 0.000000
vt 1.862631 -7.020591 0.000000
vt 0.000000 0.000000 0.000000
vt 0.173958 3.228099 0.000000
vt -1.598172 0.670876 0.000000
vt 0.000000 0.000000 0.000000
vt 3.423544 1.681297 0.000000
vt 1.872021 2.453957 0.000000
vt 0.000000 0.000000 0.000000
vt 3.039064 1.341112 0.000000
vt -2.135566 3.835905 0.000000
vt 0.000000 0.000000 0.000000
vt 0.434722 -4.771665 0.000000
vt 3.709937 0.000000 0.000000
vt 0.000000 0.000000 0.000000
vt -1.999999 0.000000 0.000000
vt -2.202794 -5.343435 0.000000
vt 0.000000 0.000000 0.000000
vt -0.134887 5.471081 0.000000
vt -1.998183 0.000000 0.000000
vt 0.000000 0.000000 0.000000
vt 2.241056 6.869522 0.000000
vt 0.242873 6.869522 0.000000
vt 0.000000 0.000000 0.000000
vt -0.332470 7.030791 0.000000
vt -2.000000 0.000000 0.000000
vt 0.000000 0.000000 0.000000
vt -1.000042 -0.083922 0.000000
vt 0.999956 -0.083922 0.000000
vt 0.000000 0.000000 0.000000
vt -1.000040 -0.083619 0.000000
vt -0.000002 -0.166553 0.000000
vt 0.000000 0.000000 0.000000
vt 1.000043 -0.084601 0.000000
vt 2.000001 0.000000 0.000000
vt 0.000000 0.000000 0.000000
vt -0.999957 0.085608 0.000000
vt -0.999958 -0.084908 0.000000
vt 0.000000 0.000000 0.000000
vt -1.373965 -6.951549 0.000000
vt 0.626036 -6.951549 0.000000
vt 0.000000 0.000000 0.000000
vt -0.957948 0.843257 0.000000
vt 0.084724 -6.058104 0.000000
vt 0.000000 0.000000 0.000000
vt -0.105651 -6.204253 0.000000
vt 0.909720 -5.364507 0.000000
vt 0.000000 0.000000 0.000000
vt -1.999999 0.000000 0.000000
vt -0.761791 -5.298336 0.000000
vt 0.000000 0.000000 0.000000
vt 0.130217 6.056574 0.000000
vt -0.978134 0.819758 0.000000
vt 0.000000 0.000000 0.000000
vt 0.573651 7.062771 0.000000
vt -0.422048 6.199791 0.000000
vt 0.000000 0.000000 0.000000
vt -1.015862 -1.588412 0.000000
vt 0.984137 -1.588412 0.000000
vt 0.000000 0.000000 0.000000
vt -1.017753 -1.794991 0.000000
vt -0.000140 -3.362168 0.000000
vt 0.000000 0.000000 0.000000
vt 1.020675 -1.816243 0.000000
vt 2.000000 0.000000 0.000000
vt 0.000000 0.000000 0.000000
vt -0.976048 1.840610 0.000000
vt -0.986185 -1.607005 0.000000
vt 0.000000 0.000000 0.000000
vt -1.037445 -2.521387 0.000000
vt 0.962554 -2.521387 0.000000
vt 0.000000 0.000000 0.000000
vt -1.033950 -2.491319 0.000000
vt 0.004765 -4.982297 0.000000
vt 0.000000 0.000000 0.000000
vt 1.037337 -2.519723 0.000000
vt 2.000000 0.000000 0.000000
vt 0.000000 0.000000 0.000000
vt -0.959188 2.550497 0.000000
vt -0.964588 -2.550148 0.000000
vt 0.000000 0.000000 0.000000
vt -2.000000 0.000000 0.000000
vt -2.121587 -4.161603 0.000000
vt 0.000000 0.000000 0.000000
vt 0.915250 4.467172 0.000000
vt -1.010621 0.211459 0.000000
vt 0.000000 0.000000 0.000000
vt -0.133569 4.267557 0.000000
vt -0.985893 -0.212047 0.000000
vt 0.000000 0.000000 0.000000
vt 0.063256 4.271843 0.000000
vt -0.922213 4.057834 0.000000
vt 0.000000 0.000000 0.000000
vt 1.999999 0.000000 0.000000
vt 0.896617 4.012362 0.000000
vt 0.000000 0.000000 0.000000
vt -0.114307 -4.162803 0.000000
vt 1.011226 -0.208546 0.000000
vt 0.000000 0.000000 0.000000
vt -0.000019 -0.013265 0.000000
vt 0.906239 -0.007991 0.000000
vt 0.000000 0.000000 0.000000
vt -1.093732 0.010475 0.000000
vt -1.999993 0.005575 0.000000
vt 0.000000 0.000000 0.000000
vt 0.000021 0.016870 0.000000
vt -1.093738 0.009872 0.000000
vt 0.000000 0.000000 0.000000
vt 0.906244 -0.007425 0.000000
vt 2.000000 0.000000 0.000000
vt 0.000000 0.000000 0.000000
vt 1.323572 2.288172 0.000000
vt -0.676421 2.293793 0.000000
vt 0.000000 0.000000 0.000000
vt 2.600126 1.855584 0.000000
vt 2.377887 4.236684 0.000000
vt 0.000000 0.000000 0.000000
vt 3.172724 2.966064 0.000000
vt 0.374989 1.424466 0.000000
vt 0.000000 0.000000 0.000000
vt 4.159596 0.024898 0.000000
vt 4.631765 1.420167 0.000000
vt 0.000000 0.000000 0.000000
vt 4.078552 2.020906 0.000000
vt -0.081058 1.998357 0.000000
vt 0.000000 0.000000 0.000000
vt -3.988719 -2.192890 0.000000
vt 1.559708 -0.165944 0.000000
vt 0.000000 0.000000 0.000000
vt -3.144280 -2.996201 0.000000
vt -1.585466 -3.170341 0.000000
vt 0.000000 0.000000 0.000000
vt -1.133296 -3.358631 0.000000
vt 0.695492 -0.872287 0.000000
vt 0.000000 0.000000 0.000000
vt -1.594679 -2.108216 0.000000
vt -0.897342 -2.979029 0.000000
vt 0.000000 0.000000 0.000000
vt 3.332549 -0.991203 0.000000
vt 3.318959 1.008751 0.000000
vt 0.000000 0.000000 0.000000
vt 3.923722 -1.004039 0.000000
vt 7.242831 0.004218 0.000000
vt 0.000000 0.000000 0.000000
vt 3.930914 0.996398 0.000000
vt 0.007077 1.999987 0.000000
vt 0.000000 0.000000 0.000000
vt -3.332683 0.990752 0.000000
vt -7.263474 -0.006126 0.000000
vt 0.000000 0.000000 0.000000
vt 2.112786 -1.351165 0.000000
vt 2.178439 0.647757 0.000000
vt 0.000000 0.000000 0.000000
vt 2.131029 -2.098023 0.000000
vt 4.300779 -1.421730 0.000000
vt 0.000000 0.000000 0.000000
vt 3.433715 -2.216813 0.000000
vt 1.438737 0.010977 0.000000
vt 0.000000 0.000000 0.000000
vt 1.035172 -3.819248 0.000000
vt 2.473897 -3.806920 0.000000
vt 0.000000 0.000000 0.000000
vt 2.027008 -3.956956 0.000000
vt 1.999998 0.000000 0.000000
vt 0.000000 0.000000 0.000000
vt -2.837793 3.422455 0.000000
vt 0.153830 -1.531939 0.000000
vt 0.000000 0.000000 0.000000
vt -3.425055 2.230170 0.000000
vt -3.266294 0.698735 0.000000
vt 0.000000 0.000000 0.000000
vt -3.280815 0.627025 0.000000
vt 2.112052 -1.352312 0.000000
vt 0.000000 0.000000 0.000000
vt 2.802952 2.457407 0.000000
vt 2.517993 2.750112 0.000000
vt 0.000000 0.000000 0.000000
vt 1.177581 -2.749940 0.000000
vt 3.695761 -0.000000 0.000000
vt 0.000000 0.000000 0.000000
vt 3.691990 3.349500 0.000000
vt 2.514005 6.099267 0.000000
vt 0.000000 0.000000 0.000000
vt 1.037156 -5.960041 0.000000
vt 3.551387 0.139133 0.000000
vt 0.000000 0.000000 0.000000
vt 5.019250 -2.299780 0.000000
vt 3.984112 3.660612 0.000000
vt 0.000000 0.000000 0.000000
vt 2.714802 2.498943 0.000000
vt -2.304148 4.799377 0.000000
vt 0.000000 0.000000 0.000000
vt 1.194807 5.842324 0.000000
vt -1.112767 10.640055 0.000000
vt 0.000000 0.000000 0.000000
vt -2.478466 2.378407 0.000000
vt -3.672784 -3.464018 0.000000
vt 0.000000 0.000000 0.000000
vt 3.551380 0.139292 0.000000
vt -0.144383 0.139292 0.000000
vt 0.000000 0.000000 0.000000
vt 3.064799 -2.928296 0.000000
vt 1.951116 7.711663 0.000000
vt 0.000000 0.000000 0.000000
vt 3.081009 -2.916894 0.000000
vt 5.029098 4.795535 0.000000
vt 0.000000 0.000000 0.000000
vt 3.695761 0.000000 0.000000
vt 0.464860 4.580999 0.000000
vt 0.000000 0.000000 0.000000
vt 3.565868 -3.404805 0.000000
vt 4.060045 1.173124 0.000000
vt 0.000000 0.000000 0.000000
vt 3.695763 0.000000 0.000000
vt 0.033121 3.300479 0.000000
vt 0.000000 0.000000 0.000000
vt 1.712099 -2.558404 0.000000
vt 1.765599 0.741807 0.000000
vt 0.000000 0.000000 0.000000
vt 1.782088 -2.478126 0.000000
vt 3.495520 -1.622693 0.000000
vt 0.000000 0.000000 0.000000
vt -3.449106 -1.387392 0.000000
vt -0.102856 -3.299041 0.000000
vt 0.000000 0.000000 0.000000
vt -3.989919 -2.503682 0.000000
vt -0.738762 -4.306782 0.000000
vt 0.000000 0.000000 0.000000
vt -1.555487 3.133674 0.000000
vt -2.223114 -1.184707 0.000000
vt 0.000000 0.000000 0.000000
vt 0.777823 5.389839 0.000000
vt -1.406807 4.135583 0.000000
vt 0.000000 0.000000 0.000000
vt 3.933519 1.545190 0.000000
vt -0.066845 3.299967 0.000000
vt 0.000000 0.000000 0.000000
vt 3.968470 2.537542 0.000000
vt 2.172636 5.484526 0.000000
vt 0.000000 0.000000 0.000000
vt -1.000257 -0.213306 0.000000
vt 0.999743 -0.213306 0.000000
vt 0.000000 0.000000 0.000000
vt -1.000219 -0.188353 0.000000
vt 0.000013 -0.399352 0.000000
vt 0.000000 0.000000 0.000000
vt 1.000205 -0.190595 0.000000
vt 1.999999 0.000000 0.000000
vt 0.000000 0.000000 0.000000
vt -0.999807 0.192671 0.000000
vt -0.999714 -0.215836 0.000000
vt 0.000000 0.000000 0.000000
vt 1.000058 0.098413 0.000000
vt -0.999940 0.098413 0.000000
vt 0.000000 0.000000 0.000000
vt 1.000058 0.098608 0.000000
vt 0.000000 0.195823 0.000000
vt 0.000000 0.000000 0.000000
vt -1.000062 0.099795 0.000000
vt -2.000002 -0.000000 0.000000
vt 0.000000 0.000000 0.000000
vt 0.999938 -0.101024 0.000000
vt 0.999941 0.099597 0.000000
vt 0.000000 0.000000 0.000000
vt 1.112704 3.459794 0.000000
vt -0.887298 3.459794 0.000000
vt 0.000000 0.000000 0.000000
vt 0.998507 1.871661 0.000000
vt -0.087035 5.274465 0.000000
vt 0.000000 0.000000 0.000000
vt -1.017675 1.881195 0.000000
vt -1.998102 0.000000 0.000000
vt 0.000000 0.000000 0.000000
vt 0.254371 6.944370 0.000000
vt -1.743731 6.944370 0.000000
vt 0.000000 0.000000 0.000000
vt 2.000001 -0.000000 0.000000
vt -0.319889 6.773698 0.000000
vt 0.000000 0.000000 0.000000
vt 0.942904 -1.919763 0.000000
vt 1.013114 3.490256 0.000000
vt 0.000000 0.000000 0.000000
vt 1.012038 1.397536 0.000000
vt -0.987964 1.397536 0.000000
vt 0.000000 0.000000 0.000000
vt 1.056272 2.759791 0.000000
vt 0.043385 4.139370 0.000000
vt 0.000000 0.000000 0.000000
vt -1.035758 2.793475 0.000000
vt -1.999427 0.000000 0.000000
vt 0.000000 0.000000 0.000000
vt 2.092130 4.135689 0.000000
vt 0.092703 4.135689 0.000000
vt 0.000000 0.000000 0.000000
vt -0.121746 4.237108 0.000000
vt -2.000002 0.000000 0.000000
vt 0.000000 0.000000 0.000000
vt -0.989017 -1.413922 0.000000
vt -0.053104 -4.242413 0.000000
vt 0.000000 0.000000 0.000000
vt -1.036270 -2.434498 0.000000
vt 0.963733 -2.434498 0.000000
vt 0.000000 0.000000 0.000000
vt -1.068583 -2.508502 0.000000
vt -0.060796 -4.925096 0.000000
vt 0.000000 0.000000 0.000000
vt 1.040609 -2.552258 0.000000
vt 2.000000 0.000000 0.000000
vt 0.000000 0.000000 0.000000
vt -0.992812 2.571228 0.000000
vt -0.930054 -2.477022 0.000000
vt 0.000000 0.000000 0.000000
vt -1.017463 -1.695753 0.000000
vt 0.982537 -1.695753 0.000000
vt 0.000000 0.000000 0.000000
vt -1.018052 -1.676758 0.000000
vt -0.001987 -3.352637 0.000000
vt 0.000000 0.000000 0.000000
vt 1.017532 -1.697852 0.000000
vt 2.000001 0.000000 0.000000
vt 0.000000 0.000000 0.000000
vt -0.983170 1.717979 0.000000
vt -0.981048 -1.717077 0.000000
vt 0.000000 0.000000 0.000000
vt -1.161770 -4.569346 0.000000
vt 0.838232 -4.569346 0.000000
vt 0.000000 0.000000 0.000000
vt -1.049741 -1.499331 0.000000
vt -0.001635 -6.025149 0.000000
vt 0.000000 0.000000 0.000000
vt 1.020152 -4.017316 0.000000
vt 2.013084 -2.479774 0.000000
vt 0.000000 0.000000 0.000000
vt -2.124607 -3.601968 0.000000
vt -0.081492 -6.057058 0.000000
vt 0.000000 0.000000 0.000000
vt 0.101813 -3.726261 0.000000
vt 1.999999 0.000000 0.000000
vt 0.000000 0.000000 0.000000
vt 1.009161 0.946963 0.000000
vt 0.072022 4.984451 0.000000
vt 0.000000 0.000000 0.000000
vt 0.902450 4.627550 0.000000
vt -0.113692 3.688081 0.000000
vt 0.000000 0.000000 0.000000
vt -1.020583 -0.572739 0.000000
vt 0.979416 -0.572739 0.000000
vt 0.000000 0.000000 0.000000
vt -2.488305 -3.497682 0.000000
vt -1.549383 -4.134637 0.000000
vt 0.000000 0.000000 0.000000
vt -2.772889 -3.815867 0.000000
vt 0.419071 -0.945878 0.000000
vt 0.000000 0.000000 0.000000
vt -4.425475 -0.700601 0.000000
vt -4.047782 -1.663749 0.000000
vt 0.000000 0.000000 0.000000
vt -4.233473 -2.591341 0.000000
vt 0.206486 -1.989313 0.000000
vt 0.000000 0.000000 0.000000
vt 4.069551 2.841848 0.000000
vt -0.877220 0.564824 0.000000
vt 0.000000 0.000000 0.000000
vt 2.760288 3.824992 0.000000
vt 1.899816 4.415016 0.000000
vt 0.000000 0.000000 0.000000
vt 0.788271 4.741339 0.000000
vt -1.026196 -0.562620 0.000000
vt 0.000000 0.000000 0.000000
vt -2.662349 0.960245 0.000000
vt -2.599200 -1.038758 0.000000
vt 0.000000 0.000000 0.000000
vt -1.579341 0.985300 0.000000
vt -4.181477 -0.046084 0.000000
vt 0.000000 0.000000 0.000000
vt -3.451046 -0.003959 0.000000
vt -4.284353 -1.016721 0.000000
vt 0.000000 0.000000 0.000000
vt 0.000906 2.000000 0.000000
vt -4.283508 0.983536 0.000000
vt 0.000000 0.000000 0.000000
vt 2.708223 -0.000842 0.000000
vt -1.571971 0.997017 0.000000
vt 0.000000 0.000000 0.000000
vt 0.832549 1.013386 0.000000
vt -2.665400 0.951743 0.000000
vt 0.000000 0.000000 0.000000
vt 4.548788 -1.332309 0.000000
vt 2.400191 0.667753 0.000000
vt 0.000000 0.000000 0.000000
vt -0.035922 -1.999678 0.000000
vt 2.370362 -1.354228 0.000000
vt 0.000000 0.000000 0.000000
vt -5.584365 1.901378 0.000000
vt -3.227005 0.524640 0.000000
vt 0.000000 0.000000 0.000000
vt -0.443323 1.766614 0.000000
vt -3.661135 2.344971 0.000000
vt 0.000000 0.000000 0.000000
vt -1.939801 2.356717 0.000000
vt -1.594291 0.568398 0.000000
vt 0.000000 0.000000 0.000000
vt 1.043803 3.203297 0.000000
vt -0.519437 3.852233 0.000000
vt 0.000000 0.000000 0.000000
vt -0.531518 3.032195 0.000000
vt -1.999998 0.000000 0.000000
vt 0.000000 0.000000 0.000000
vt -3.676299 2.321125 0.000000
vt -1.671949 0.176528 0.000000
vt 0.000000 0.000000 0.000000
vt -0.988324 3.759352 0.000000
vt -2.657490 3.960496 0.000000
vt 0.000000 0.000000 0.000000
vt -3.162196 -2.872834 0.000000
vt 0.698605 -6.751640 0.000000
vt 0.000000 0.000000 0.000000
vt -3.136973 -2.896424 0.000000
vt -2.436623 -9.647883 0.000000
vt 0.000000 0.000000 0.000000
vt -1.091973 5.937815 0.000000
vt -3.527918 -3.710239 0.000000
vt 0.000000 0.000000 0.000000
vt -1.490132 8.646255 0.000000
vt -5.017921 4.935892 0.000000
vt 0.000000 0.000000 0.000000
vt -4.451690 4.322775 0.000000
vt -2.961171 -4.323413 0.000000
vt 0.000000 0.000000 0.000000
vt -0.748497 4.323230 0.000000
vt -3.709935 0.000000 0.000000
vt 0.000000 0.000000 0.000000
vt -4.455644 4.323712 0.000000
vt -3.709937 0.000000 0.000000
vt 0.000000 0.000000 0.000000
vt -4.574922 4.205426 0.000000
vt -0.121042 -0.120102 0.000000
vt 0.000000 0.000000 0.000000
vt 1.091860 -5.937836 0.000000
vt 3.619803 -3.593555 0.000000
vt 0.000000 0.000000 0.000000
vt -3.709935 0.000000 0.000000
vt -3.700233 -0.013799 0.000000
vt 0.000000 0.000000 0.000000
vt 3.888482 3.241566 0.000000
vt 0.188251 3.227297 0.000000
vt 0.000000 0.000000 0.000000
vt -0.482201 4.767102 0.000000
vt -4.264621 1.402382 0.000000
vt 0.000000 0.000000 0.000000
vt 7.464316 0.139051 0.000000
vt 3.323041 1.872113 0.000000
vt 0.000000 0.000000 0.000000
vt 4.119623 1.517733 0.000000
vt -3.344394 1.363461 0.000000
vt 0.000000 0.000000 0.000000
vt -3.357056 -6.709673 0.000000
vt 0.163767 -5.904809 0.000000
vt 0.000000 0.000000 0.000000
vt 2.290499 -2.405852 0.000000
vt 5.975368 4.129534 0.000000
vt 0.000000 0.000000 0.000000
vt 0.173957 3.228099 0.000000
vt -1.598172 0.670876 0.000000
vt 0.000000 0.000000 0.000000
vt 3.423544 1.681296 0.000000
vt 1.872020 2.453956 0.000000
vt 0.000000 0.000000 0.000000
vt -2.192297 2.495665 0.000000
vt -3.016971 -3.189466 0.000000
vt 0.000000 0.000000 0.000000
vt 0.434723 -4.771666 0.000000
vt 3.709937 0.000000 0.000000
vt 0.000000 0.000000 0.000000
vt -1.999999 -0.000000 0.000000
vt -2.202796 -5.343435 0.000000
vt 0.000000 0.000000 0.000000
vt -0.134885 5.471081 0.000000
vt -1.998184 0.000000 0.000000
vt 0.000000 0.000000 0.000000
vt 2.241064 6.869520 0.000000
vt 0.242880 6.869520 0.000000
vt 0.000000 0.000000 0.000000
vt -0.332474 7.030791 0.000000
vt -2.000002 0.000000 0.000000
vt 0.000000 0.000000 0.000000
vt -1.000041 -0.083922 0.000000
vt 0.999959 -0.083922 0.000000
vt 0.000000 0.000000 0.000000
vt -1.000044 -0.083618 0.000000
vt -0.000002 -0.166552 0.000000
vt 0.000000 0.000000 0.000000
vt 1.000041 -0.084600 0.000000
vt 2.000002 0.000000 0.000000
vt 0.000000 0.000000 0.000000
vt -0.999955 0.085608 0.000000
vt -0.999958 -0.084908 0.000000
vt 0.000000 0.000000 0.000000
vt -1.373964 -6.951547 0.000000
vt 0.626038 -6.951547 0.000000
vt 0.000000 0.000000 0.000000
vt -0.957953 0.843257 0.000000
vt 0.084720 -6.058103 0.000000
vt 0.000000 0.000000 0.000000
vt -0.105648 -6.204254 0.000000
vt 0.909721 -5.364508 0.000000
vt 0.000000 0.000000 0.000000
vt -2.000002 -0.000000 0.000000
vt -0.761796 -5.298338 0.000000
vt 0.000000 0.000000 0.000000
vt 0.130221 6.056575 0.000000
vt -0.978138 0.819758 0.000000
vt 0.000000 0.000000 0.000000
vt 0.573649 7.062770 0.000000
vt -0.422049 6.199790 0.000000
vt 0.000000 0.000000 0.000000
vt -1.015866 -1.588411 0.000000
vt 0.984136 -1.588411 0.000000
vt 0.000000 0.000000 0.000000
vt -1.017750 -1.794991 0.000000
vt -0.000139 -3.362168 0.000000
vt 0.000000 0.000000 0.000000
vt 1.020678 -1.816244 0.000000
vt 1.999998 0.000000 0.000000
vt 0.000000 0.000000 0.000000
vt -0.976053 1.840610 0.000000
vt -0.986188 -1.607005 0.000000
vt 0.000000 0.000000 0.000000
vt -1.037447 -2.521387 0.000000
vt 0.962551 -2.521387 0.000000
vt 0.000000 0.000000 0.000000
vt -1.033950 -2.491319 0.000000
vt 0.004762 -4.982298 0.000000
vt 0.000000 0.000000 0.000000
vt 1.037338 -2.519723 0.000000
vt 2.000001 -0.000000 0.000000
vt 0.000000 0.000000 0.000000
vt -0.959189 2.550497 0.000000
vt -0.964590 -2.550148 0.000000
vt 0.000000 0.000000 0.000000
vt -2.000001 0.000000 0.000000
vt -2.121586 -4.161602 0.000000
vt 0.000000 0.000000 0.000000
vt 0.915250 4.467170 0.000000
vt -1.010622 0.211459 0.000000
vt 0.000000 0.000000 0.000000
vt -0.133571 4.267555 0.000000
vt -0.985893 -0.212047 0.000000
vt 0.000000 0.000000 0.000000
vt 0.063258 4.271844 0.000000
vt -0.922211 4.057835 0.000000
vt 0.000000 0.000000 0.000000
vt 1.999999 -0.000000 0.000000
vt 0.896617 4.012362 0.000000
vt 0.000000 0.000000 0.000000
vt -0.114309 -4.162802 0.000000
vt 1.011227 -0.208546 0.000000
vt 0.000000 0.000000 0.000000
vt -0.000017 -0.013266 0.000000
vt 1.046869 -0.008203 0.000000
vt 0.000000 0.000000 0.000000
vt -0.953104 0.010186 0.000000
vt -1.999993 0.005525 0.000000
vt 0.000000 0.000000 0.000000
vt 0.000021 0.016869 0.000000
vt -0.953109 0.009686 0.000000
vt 0.000000 0.000000 0.000000
vt 1.046874 -0.007552 0.000000
vt 2.000002 0.000000 0.000000
vt 0.000000 0.000000 0.000000
vt 1.323574 2.288173 0.000000
vt -0.676419 2.293793 0.000000
vt 0.000000 0.000000 0.000000
vt 2.600126 1.855584 0.000000
vt 2.377890 4.236685 0.000000
vt 0.000000 0.000000 0.000000
vt 3.172723 2.966063 0.000000
vt 0.374988 1.424465 0.000000
vt 0.000000 0.000000 0.000000
vt 4.159595 0.024898 0.000000
vt 4.631763 1.420166 0.000000
vt 0.000000 0.000000 0.000000
vt 4.078553 2.020906 0.000000
vt -0.081056 1.998356 0.000000
vt 0.000000 0.000000 0.000000
vt -3.988719 -2.192891 0.000000
vt 1.559710 -0.165944 0.000000
vt 0.000000 0.000000 0.000000
vt -3.144277 -2.996202 0.000000
vt -1.585460 -3.170342 0.000000
vt 0.000000 0.000000 0.000000
vt -1.133290 -3.358632 0.000000
vt 0.695494 -0.872287 0.000000
vt 0.000000 0.000000 0.000000
vt -1.594681 -2.108216 0.000000
vt -0.897342 -2.979029 0.000000
vt 0.000000 0.000000 0.000000
vt 3.332547 -0.991203 0.000000
vt 3.318959 1.008751 0.000000
vt 0.000000 0.000000 0.000000
vt 3.923723 -1.004039 0.000000
vt 7.242831 0.004218 0.000000
vt 0.000000 0.000000 0.000000
vt 3.930914 0.996398 0.000000
vt 0.007077 1.999987 0.000000
vt 0.000000 0.000000 0.000000
vt -3.332681 0.990753 0.000000
vt -7.263473 -0.006126 0.000000
vt 0.000000 0.000000 0.000000
vt 2.112785 -1.351165 0.000000
vt 2.178437 0.647757 0.000000
vt 0.000000 0.000000 0.000000
vt 2.131030 -2.098022 0.000000
vt 4.300778 -1.421730 0.000000
vt 0.000000 0.000000 0.000000
vt 3.433716 -2.216813 0.000000
vt 1.438737 0.010977 0.000000
vt 0.000000 0.000000 0.000000
vt 1.035172 -3.819248 0.000000
vt 2.473898 -3.806921 0.000000
vt 0.000000 0.000000 0.000000
vt 2.027010 -3.956957 0.000000
vt 2.000000 0.000000 0.000000
vt 0.000000 0.000000 0.000000
vt -2.837796 3.422454 0.000000
vt 0.153829 -1.531938 0.000000
vt 0.000000 0.000000 0.000000
vt -3.425056 2.230170 0.000000
vt -3.266296 0.698734 0.000000
vt 0.000000 0.000000 0.000000
vt -3.280817 0.627025 0.000000
vt 2.112051 -1.352312 0.000000
vt 0.000000 0.000000 0.000000
vt 2.802952 2.457407 0.000000
vt 2.517993 2.750113 0.000000
vt 0.000000 0.000000 0.000000
vt 1.177582 -2.749940 0.000000
vt 3.695763 0.000000 0.000000
vt 0.000000 0.000000 0.000000
vt 3.691990 3.349500 0.000000
vt 2.514004 6.099267 0.000000
vt 0.000000 0.000000 0.000000
vt 1.037156 -5.960041 0.000000
vt 3.551385 0.139133 0.000000
vt 0.000000 0.000000 0.000000
vt 5.019251 -2.299780 0.000000
vt 3.984113 3.660612 0.000000
vt 0.000000 0.000000 0.000000
vt 2.714802 2.498943 0.000000
vt -2.304149 4.799377 0.000000
vt 0.000000 0.000000 0.000000
vt 1.194809 5.842324 0.000000
vt -1.112767 10.640055 0.000000
vt 0.000000 0.000000 0.000000
vt -2.478464 2.378407 0.000000
vt -3.672783 -3.464018 0.000000
vt 0.000000 0.000000 0.000000
vt 3.551379 0.139292 0.000000
vt -0.144385 0.139292 0.000000
vt 0.000000 0.000000 0.000000
vt 3.064801 -2.928296 0.000000
vt 1.951118 7.711663 0.000000
vt 0.000000 0.000000 0.000000
vt 3.081007 -2.916894 0.000000
vt 5.029098 4.795535 0.000000
vt 0.000000 0.000000 0.000000
vt 3.695763 0.000000 0.000000
vt 0.464859 4.580999 0.000000
vt 0.000000 0.000000 0.000000
vt 3.565867 -3.404805 0.000000
vt 4.060044 1.173124 0.000000
vt 0.000000 0.000000 0.000000
vt 3.695764 -0.000000 0.000000
vt 0.033122 3.300478 0.000000
vt 0.000000 0.000000 0.000000
vt 1.712098 -2.558404 0.000000
vt 1.765598 0.741807 0.000000
vt 0.000000 0.000000 0.000000
vt 1.782091 -2.478124 0.000000
vt 3.495523 -1.622693 0.000000
vt 0.000000 0.000000 0.000000
vt -3.449106 -1.387392 0.000000
vt -0.102853 -3.299042 0.000000
vt 0.000000 0.000000 0.000000
vt -1.805772 -4.350523 0.000000
vt 1.889199 -3.940187 0.000000
vt 0.000000 0.000000 0.000000
vt -3.106347 1.609368 0.000000
vt -1.093756 -2.269243 0.000000
vt 0.000000 0.000000 0.000000
vt -2.781174 4.681926 0.000000
vt -3.692774 2.333576 0.000000
vt 0.000000 0.000000 0.000000
vt 3.933518 1.545191 0.000000
vt -0.066845 3.299968 0.000000
vt 0.000000 0.000000 0.000000
vt 1.674536 4.402703 0.000000
vt -1.523806 5.698978 0.000000
vt 0.000000 0.000000 0.000000
vt -1.000258 -0.213307 0.000000
vt 0.999742 -0.213307 0.000000
vt 0.000000 0.000000 0.000000
vt -1.000218 -0.188353 0.000000
vt 0.000013 -0.399351 0.000000
vt 0.000000 0.000000 0.000000
vt 1.000208 -0.190594 0.000000
vt 2.000001 0.000000 0.000000
vt 0.000000 0.000000 0.000000
vt -0.999810 0.192671 0.000000
vt -0.999715 -0.215836 0.000000
vt 0.000000 0.000000 0.000000
vt 1.000057 0.098413 0.000000
vt -0.999941 0.098413 0.000000
vt 0.000000 0.000000 0.000000
vt 1.000057 0.098608 0.000000
vt -0.000002 0.195823 0.000000
vt 0.000000 0.000000 0.000000
vt -1.000060 0.099795 0.000000
vt -1.999999 0.000000 0.000000
vt 0.000000 0.000000 0.000000
vt 0.999937 -0.101025 0.000000
vt 0.999940 0.099597 0.000000
vt 0.000000 0.000000 0.000000
vt 1.112703 3.459795 0.000000
vt -0.887297 3.459795 0.000000
vt 0.000000 0.000000 0.000000
vt 0.998508 1.871661 0.000000
vt -0.087033 5.274466 0.000000
vt 0.000000 0.000000 0.000000
vt -1.017673 1.881195 0.000000
vt -1.998102 -0.000000 0.000000
vt 0.000000 0.000000 0.000000
vt 0.254373 6.944370 0.000000
vt -1.743729 6.944370 0.000000
vt 0.000000 0.000000 0.000000
vt 2.000001 0.000000 0.000000
vt -0.319887 6.773698 0.000000
vt 0.000000 0.000000 0.000000
vt 0.942902 -1.919763 0.000000
vt 1.013114 3.490256 0.000000
vt 0.000000 0.000000 0.000000
vt 1.012036 1.397537 0.000000
vt -0.987965 1.397537 0.000000
vt 0.000000 0.000000 0.000000
vt 1.056274 2.759792 0.000000
vt 0.043384 4.139371 0.000000
vt 0.000000 0.000000 0.000000
vt -1.035752 2.793474 0.000000
vt -1.999425 0.000000 0.000000
vt 0.000000 0.000000 0.000000
vt 2.092130 4.135689 0.000000
vt 0.092704 4.135689 0.000000
vt 0.000000 0.000000 0.000000
vt -0.121748 4.237110 0.000000
vt -2.000000 0.000000 0.000000
vt 0.000000 0.000000 0.000000
vt -0.989016 -1.413921 0.000000
vt -0.053109 -4.242412 0.000000
vt 0.000000 0.000000 0.000000
vt -1.036269 -2.434499 0.000000
vt 0.963731 -2.434499 0.000000
vt 0.000000 0.000000 0.000000
vt -1.068581 -2.508502 0.000000
vt -0.060795 -4.925096 0.000000
vt 0.000000 0.000000 0.000000
vt 1.040609 -2.552257 0.000000
vt 1.999999 -0.000000 0.000000
vt 0.000000 0.000000 0.000000
vt -0.992811 2.571228 0.000000
vt -0.930054 -2.477022 0.000000
vt 0.000000 0.000000 0.000000
vt -1.017464 -1.695754 0.000000
vt 0.982535 -1.695754 0.000000
vt 0.000000 0.000000 0.000000
vt -1.018051 -1.676758 0.000000
vt -0.001987 -3.352636 0.000000
vt 0.000000 0.000000 0.000000
vt 1.017530 -1.697851 0.000000
vt 2.000001 0.000000 0.000000
vt 0.000000 0.000000 0.000000
vt -0.983166 1.717978 0.000000
vt -0.981051 -1.717077 0.000000
vt 0.000000 0.000000 0.000000
vt -1.161766 -4.569346 0.000000
vt 0.838235 -4.569346 0.000000
vt 0.000000 0.000000 0.000000
vt -1.049742 -1.499331 0.000000
vt -0.001634 -6.025149 0.000000
vt 0.000000 0.000000 0.000000
vt 1.020152 -4.017316 0.000000
vt 2.013085 -2.479774 0.000000
vt 0.000000 0.000000 0.000000
vt -2.124606 -3.601968 0.000000
vt -0.081490 -6.057058 0.000000
vt 0.000000 0.000000 0.000000
vt 0.101815 -3.726261 0.000000
vt 1.999999 0.000000 0.000000
vt 0.000000 0.000000 0.000000
vt 1.009162 0.946963 0.000000
vt 0.072023 4.984451 0.000000
vt 0.000000 0.000000 0.000000
vt 0.902448 4.627549 0.000000
vt -0.113695 3.688081 0.000000
vt 0.000000 0.000000 0.000000
vt -1.020584 -0.572740 0.000000
vt 0.979417 -0.572740 0.000000
vt 0.000000 0.000000 0.000000
vt -2.488307 -3.497683 0.000000
vt -1.549384 -4.134639 0.000000
vt 0.000000 0.000000 0.000000
vt -2.772891 -3.815867 0.000000
vt 0.419072 -0.945879 0.000000
vt 0.000000 0.000000 0.000000
vt -4.425473 -0.700601 0.000000
vt -4.047778 -1.663749 0.000000
vt 0.000000 0.000000 0.000000
vt -4.233471 -2.591342 0.000000
vt 0.206485 -1.989313 0.000000
vt 0.000000 0.000000 0.000000
vt 4.069548 2.841849 0.000000
vt -0.877221 0.564824 0.000000
vt 0.000000 0.000000 0.000000
vt 2.760289 3.824993 0.000000
vt 1.899816 4.415017 0.000000
vt 0.000000 0.000000 0.000000
vt 0.788271 4.741340 0.000000
vt -1.026198 -0.562620 0.000000
vt 0.000000 0.000000 0.000000
vt -2.662351 0.960245 0.000000
vt -2.599203 -1.038758 0.000000
vt 0.000000 0.000000 0.000000
vt -1.579340 0.985300 0.000000
vt -4.181478 -0.046084 0.000000
vt 0.000000 0.000000 0.000000
vt -3.451043 -0.003959 0.000000
vt -4.284350 -1.016721 0.000000
vt 0.000000 0.000000 0.000000
vt 0.000905 2.000000 0.000000
vt -4.283506 0.983536 0.000000
vt 0.000000 0.000000 0.000000
vt 2.708222 -0.000842 0.000000
vt -1.571971 0.997016 0.000000
vt 0.000000 0.000000 0.000000
vt 0.832548 1.013386 0.000000
vt -2.665402 0.951744 0.000000
vt 0.000000 0.000000 0.000000
vt 4.548789 -1.332309 0.000000
vt 2.400190 0.667752 0.000000
vt 0.000000 0.000000 0.000000
vt -0.035924 -1.999678 0.000000
vt 2.370359 -1.354228 0.000000
vt 0.000000 0.000000 0.000000
vt -5.584362 1.901378 0.000000
vt -3.227006 0.524640 0.000000
vt 0.000000 0.000000 0.000000
vt -0.443322 1.766614 0.000000
vt -3.661134 2.344971 0.000000
vt 0.000000 0.000000 0.000000
vt -1.939802 2.356717 0.000000
vt -1.594293 0.568398 0.000000
vt 0.000000 0.000000 0.000000
vt 1.043803 3.203297 0.000000
vt -0.519440 3.852233 0.000000
vt 0.000000 0.000000 0.000000
vt -0.531517 3.032194 0.000000
vt -1.999999 0.000000 0.000000
vt 0.000000 0.000000 0.000000
vt -3.676300 2.321123 0.000000
vt -1.671946 0.176528 0.000000
vt 0.000000 0.000000 0.000000
vt -0.988328 3.759352 0.000000
vt -2.657491 3.960495 0.000000
vt 0.000000 0.000000 0.000000
vt -3.162195 -2.872834 0.000000
vt 0.698604 -6.751640 0.000000
vt 0.000000 0.000000 0.000000
vt -3.136973 -2.896424 0.000000
vt -2.436625 -9.647883 0.000000
vt 0.000000 0.000000 0.000000
vt -1.091972 5.937815 0.000000
vt -3.527919 -3.710239 0.000000
vt 0.000000 0.000000 0.000000
vt -1.490131 8.646254 0.000000
vt -5.017921 4.935892 0.000000
vt 0.000000 0.000000 0.000000
vt -4.451688 4.322775 0.000000
vt -2.961170 -4.323413 0.000000
vt 0.000000 0.000000 0.000000
vt -0.748499 4.323230 0.000000
vt -3.709937 0.000000 0.000000
vt 0.000000 0.000000 0.000000
vt -4.455645 4.323712 0.000000
vt -3.709936 0.000000 0.000000
vt 0.000000 0.000000 0.000000
vt -4.574924 4.205426 0.000000
vt -0.121042 -0.120102 0.000000
vt 0.000000 0.000000 0.000000
vt 1.091859 -5.937836 0.000000
vt 3.619803 -3.593555 0.000000
vt 0.000000 0.000000 0.000000
vt -3.709937 0.000000 0.000000
vt -3.700233 -0.013799 0.000000
vt 0.000000 0.000000 0.000000
vt 3.888483 3.241565 0.000000
vt 0.188252 3.227296 0.000000
vt 0.000000 0.000000 0.000000
vt -0.482200 4.767101 0.000000
vt -4.264621 1.402382 0.000000
vt 0.000000 0.000000 0.000000
vt 7.464316 0.139051 0.000000
vt 3.323042 1.872116 0.000000
vt 0.000000 0.000000 0.000000
vt 4.119623 1.517733 0.000000
vt -3.344394 1.363462 0.000000
vt 0.000000 0.000000 0.000000
vt -6.794092 -3.182741 0.000000
vt -3.532702 -4.734299 0.000000
vt 0.000000 0.000000 0.000000
vt 0.366477 -3.301545 0.000000
vt 7.255937 -0.330876 0.000000
vt 0.000000 0.000000 0.000000
vt 0.173957 3.228098 0.000000
vt -1.598173 0.670876 0.000000
vt 0.000000 0.000000 0.000000
vt 3.423546 1.681297 0.000000
vt 1.872022 2.453958 0.000000
vt 0.000000 0.000000 0.000000
vt -0.188507 3.316470 0.000000
vt -4.341542 -0.652548 0.000000
vt 0.000000 0.000000 0.000000
vt 0.434722 -4.771665 0.000000
vt 3.709936 0.000000 0.000000
vt 0.000000 0.000000 0.000000
vt -2.000003 -0.000000 0.000000
vt -2.202795 -5.343435 0.000000
vt 0.000000 0.000000 0.000000
vt -0.134882 5.471080 0.000000
vt -1.998181 -0.000000 0.000000
vt 0.000000 0.000000 0.000000
vt 2.241058 6.869522 0.000000
vt 0.242877 6.869522 0.000000
vt 0.000000 0.000000 0.000000
vt -0.332472 7.030791 0.000000
vt -1.999999 0.000000 0.000000
vt 0.000000 0.000000 0.000000
vt -1.000040 -0.083922 0.000000
vt 0.999959 -0.083922 0.000000
vt 0.000000 0.000000 0.000000
vt -1.000041 -0.083619 0.000000
vt 0.000000 -0.166553 0.000000
vt 0.000000 0.000000 0.000000
vt 1.000041 -0.084601 0.000000
vt 1.999999 0.000000 0.000000
vt 0.000000 0.000000 0.000000
vt -0.999955 0.085608 0.000000
vt -0.999957 -0.084908 0.000000
vt 0.000000 0.000000 0.000000
vt -1.373965 -6.951548 0.000000
vt 0.626035 -6.951548 0.000000
vt 0.000000 0.000000 0.000000
vt -0.957951 0.843257 0.000000
vt 0.084721 -6.058103 0.000000
vt 0.000000 0.000000 0.000000
vt -0.105654 -6.204252 0.000000
vt 0.909719 -5.364507 0.000000
vt 0.000000 0.000000 0.000000
vt -2.000000 0.000000 0.000000
vt -0.761794 -5.298336 0.000000
vt 0.000000 0.000000 0.000000
vt 0.130218 6.056574 0.000000
vt -0.978136 0.819758 0.000000
vt 0.000000 0.000000 0.000000
vt 0.573649 7.062771 0.000000
vt -0.422052 6.199791 0.000000
vt 0.000000 0.000000 0.000000
vt -1.015863 -1.588412 0.000000
vt 0.984137 -1.588412 0.000000
vt 0.000000 0.000000 0.000000
vt -1.017750 -1.794991 0.000000
vt -0.000138 -3.362168 0.000000
vt 0.000000 0.000000 0.000000
vt 1.020679 -1.816243 0.000000
vt 2.000000 0.000000 0.000000
vt 0.000000 0.000000 0.000000
vt -0.976054 1.840610 0.000000
vt -0.986186 -1.607005 0.000000
vt 0.000000 0.000000 0.000000
vt -1.037451 -2.521387 0.000000
vt 0.962549 -2.521387 0.000000
vt 0.000000 0.000000 0.000000
vt -1.033949 -2.491319 0.000000
vt 0.004761 -4.982298 0.000000
vt 0.000000 0.000000 0.000000
vt 1.037338 -2.519723 0.000000
vt 1.999999 -0.000000 0.000000
vt 0.000000 0.000000 0.000000
vt -0.959188 2.550497 0.000000
vt -0.964593 -2.550148 0.000000
vt 0.000000 0.000000 0.000000
vt -1.999999 -0.000000 0.000000
vt -2.121584 -4.161603 0.000000
vt 0.000000 0.000000 0.000000
vt 0.915246 4.467171 0.000000
vt -1.010623 0.211459 0.000000
vt 0.000000 0.000000 0.000000
vt -0.133574 4.267555 0.000000
vt -0.985894 -0.212047 0.000000
vt 0.000000 0.000000 0.000000
vt 0.063256 4.271844 0.000000
vt -0.922214 4.057835 0.000000
vt 0.000000 0.000000 0.000000
vt 2.000003 0.000000 0.000000
vt 0.896621 4.012362 0.000000
vt 0.000000 0.000000 0.000000
vt -0.114309 -4.162803 0.000000
vt 1.011228 -0.208546 0.000000
vt 0.000000 0.000000 0.000000
vt -0.000020 -0.013265 0.000000
vt 0.906242 -0.007991 0.000000
vt 0.000000 0.000000 0.000000
vt -1.093728 0.010475 0.000000
vt -1.999993 0.005575 0.000000
vt 0.000000 0.000000 0.000000
vt 0.000021 0.016870 0.000000
vt -1.093734 0.009872 0.000000
vt 0.000000 0.000000 0.000000
vt 0.906247 -0.007425 0.000000
vt 1.999999 0.000000 0.000000
vt 0.000000 0.000000 0.000000
vt 1.323573 2.288173 0.000000
vt -0.676420 2.293793 0.000000
vt 0.000000 0.000000 0.000000
vt 2.600125 1.855584 0.000000
vt 2.377887 4.236684 0.000000
vt 0.000000 0.000000 0.000000
vt 3.172722 2.966064 0.000000
vt 0.374988 1.424466 0.000000
vt 0.000000 0.000000 0.000000
vt 4.159597 0.024898 0.000000
vt 4.631765 1.420167 0.000000
vt 0.000000 0.000000 0.000000
vt 4.078554 2.020906 0.000000
vt -0.081056 1.998356 0.000000
vt 0.000000 0.000000 0.000000
vt -3.988721 -2.192890 0.000000
vt 1.559707 -0.165943 0.000000
vt 0.000000 0.000000 0.000000
vt -3.144277 -2.996201 0.000000
vt -1.585464 -3.170341 0.000000
vt 0.000000 0.000000 0.000000
vt -1.133293 -3.358632 0.000000
vt 0.695495 -0.872287 0.000000
vt 0.000000 0.000000 0.000000
vt -1.594679 -2.108216 0.000000
vt -0.897339 -2.979029 0.000000
vt 0.000000 0.000000 0.000000
vt 3.332548 -0.991203 0.000000
vt 3.318959 1.008751 0.000000
vt 0.000000 0.000000 0.000000
vt 3.923722 -1.004039 0.000000
vt 7.242831 0.004218 0.000000
vt 0.000000 0.000000 0.000000
vt 3.930914 0.996398 0.000000
vt 0.007077 1.999987 0.000000
vt 0.000000 0.000000 0.000000
vt -3.332682 0.990753 0.000000
vt -7.263474 -0.006126 0.000000
vt 0.000000 0.000000 0.000000
vt 2.112786 -1.351165 0.000000
vt 2.178439 0.647757 0.000000
vt 0.000000 0.000000 0.000000
vt 2.131030 -2.098023 0.000000
vt 4.300779 -1.421730 0.000000
vt 0.000000 0.000000 0.000000
vt 3.433716 -2.216812 0.000000
vt 1.438737 0.010977 0.000000
vt 0.000000 0.000000 0.000000
vt 1.035171 -3.819248 0.000000
vt 2.473897 -3.806920 0.000000
vt 0.000000 0.000000 0.000000
vt 2.027008 -3.956956 0.000000
vt 1.999999 0.000000 0.000000
vt 0.000000 0.000000 0.000000
vt -2.837792 3.422455 0.000000
vt 0.153829 -1.531939 0.000000
vt 0.000000 0.000000 0.000000
vt -3.425056 2.230170 0.000000
vt -3.266296 0.698735 0.000000
vt 0.000000 0.000000 0.000000
vt -3.280816 0.627025 0.000000
vt 2.112052 -1.352312 0.000000
vt 0.000000 0.000000 0.000000
vt 2.802952 2.457407 0.000000
vt 2.517994 2.750113 0.000000
vt 0.000000 0.000000 0.000000
vt 1.177583 -2.749940 0.000000
vt 3.695766 0.000000 0.000000
vt 0.000000 0.000000 0.000000
vt 3.691989 3.349500 0.000000
vt 2.514001 6.099267 0.000000
vt 0.000000 0.000000 0.000000
vt 1.037157 -5.960041 0.000000
vt 3.551384 0.139133 0.000000
vt 0.000000 0.000000 0.000000
vt 5.019252 -2.299780 0.000000
vt 3.984113 3.660612 0.000000
vt 0.000000 0.000000 0.000000
vt 2.714802 2.498943 0.000000
vt -2.304150 4.799377 0.000000
vt 0.000000 0.000000 0.000000
vt 1.194809 5.842324 0.000000
vt -1.112768 10.640055 0.000000
vt 0.000000 0.000000 0.000000
vt -2.478464 2.378407 0.000000
vt -3.672783 -3.464018 0.000000
vt 0.000000 0.000000 0.000000
vt 3.551378 0.139291 0.000000
vt -0.144383 0.139291 0.000000
vt 0.000000 0.000000 0.000000
vt 3.064799 -2.928296 0.000000
vt 1.951116 7.711663 0.000000
vt 0.000000 0.000000 0.000000
vt 3.081009 -2.916894 0.000000
vt 5.029098 4.795535 0.000000
vt 0.000000 0.000000 0.000000
vt 3.695766 0.000000 0.000000
vt 0.464861 4.580999 0.000000
vt 0.000000 0.000000 0.000000
vt 3.565866 -3.404805 0.000000
vt 4.060044 1.173124 0.000000
vt 0.000000 0.000000 0.000000
vt 3.695761 0.000000 0.000000
vt 0.033120 3.300479 0.000000
vt 0.000000 0.000000 0.000000
vt 1.712099 -2.558404 0.000000
vt 1.765598 0.741807 0.000000
vt 0.000000 0.000000 0.000000
vt 1.782089 -2.478125 0.000000
vt 3.495521 -1.622693 0.000000
vt 0.000000 0.000000 0.000000
vt -3.449105 -1.387391 0.000000
vt -0.102853 -3.299041 0.000000
vt 0.000000 0.000000 0.000000
vt 1.311700 -4.524083 0.000000
vt 3.938315 -1.893100 0.000000
vt 0.000000 0.000000 0.000000
vt -3.439947 -0.637344 0.000000
vt 0.530245 -2.462645 0.000000
vt 0.000000 0.000000 0.000000
vt -5.050131 2.037538 0.000000
vt -4.351513 -0.382734 0.000000
vt 0.000000 0.000000 0.000000
vt 3.933518 1.545190 0.000000
vt -0.066845 3.299967 0.000000
vt 0.000000 0.000000 0.000000
vt -1.466691 4.476237 0.000000
vt -4.768641 3.472814 0.000000
vt 0.000000 0.000000 0.000000
vt -1.000257 -0.213307 0.000000
vt 0.999743 -0.213307 0.000000
vt 0.000000 0.000000 0.000000
vt -1.000219 -0.188353 0.000000
vt 0.000014 -0.399352 0.000000
vt 0.000000 0.000000 0.000000
vt 1.000206 -0.190593 0.000000
vt 2.000000 0.000000 0.000000
vt 0.000000 0.000000 0.000000
vt -0.999808 0.192671 0.000000
vt -0.999715 -0.215836 0.000000
vt 0.000000 0.000000 0.000000
vt 1.000059 0.098411 0.000000
vt -0.999943 0.098411 0.000000
vt 0.000000 0.000000 0.000000
vt 1.000059 0.098607 0.000000
vt -0.000001 0.195821 0.000000
vt 0.000000 0.000000 0.000000
vt -1.000058 0.099795 0.000000
vt -1.999999 0.000000 0.000000
vt 0.000000 0.000000 0.000000
vt 0.999935 -0.101024 0.000000
vt 0.999941 0.099597 0.000000
vt 0.000000 0.000000 0.000000
vt 1.112700 3.459795 0.000000
vt -0.887299 3.459795 0.000000
vt 0.000000 0.000000 0.000000
vt 0.998507 1.871661 0.000000
vt -0.087036 5.274465 0.000000
vt 0.000000 0.000000 0.000000
vt -1.017673 1.881195 0.000000
vt -1.998101 -0.000000 0.000000
vt 0.000000 0.000000 0.000000
vt 0.254372 6.944370 0.000000
vt -1.743729 6.944370 0.000000
vt 0.000000 0.000000 0.000000
vt 2.000000 0.000000 0.000000
vt -0.319889 6.773698 0.000000
vt 0.000000 0.000000 0.000000
vt 0.942901 -1.919763 0.000000
vt 1.013111 3.490256 0.000000
vt 0.000000 0.000000 0.000000
vt 1.012035 1.397536 0.000000
vt -0.987965 1.397536 0.000000
vt 0.000000 0.000000 0.000000
vt 1.056278 2.759792 0.000000
vt 0.043389 4.139371 0.000000
vt 0.000000 0.000000 0.000000
vt -1.035753 2.793475 0.000000
vt -1.999427 -0.000000 0.000000
vt 0.000000 0.000000 0.000000
vt 2.092127 4.135689 0.000000
vt 0.092700 4.135689 0.000000
vt 0.000000 0.000000 0.000000
vt -0.121746 4.237109 0.000000
vt -1.999997 0.000000 0.000000
vt 0.000000 0.000000 0.000000
vt -0.989014 -1.413922 0.000000
vt -0.053107 -4.242413 0.000000
vt 0.000000 0.000000 0.000000
vt -1.036268 -2.434499 0.000000
vt 0.963729 -2.434499 0.000000
vt 0.000000 0.000000 0.000000
vt -1.068578 -2.508502 0.000000
vt -0.060791 -4.925096 0.000000
vt 0.000000 0.000000 0.000000
vt 1.040612 -2.552256 0.000000
vt 2.000001 0.000000 0.000000
vt 0.000000 0.000000 0.000000
vt -0.992811 2.571228 0.000000
vt -0.930055 -2.477021 0.000000
vt 0.000000 0.000000 0.000000
vt -1.017467 -1.695752 0.000000
vt 0.982535 -1.695752 0.000000
vt 0.000000 0.000000 0.000000
vt -1.018051 -1.676758 0.000000
vt -0.001989 -3.352636 0.000000
vt 0.000000 0.000000 0.000000
vt 1.017532 -1.697852 0.000000
vt 2.000000 0.000000 0.000000
vt 0.000000 0.000000 0.000000
vt -0.983170 1.717978 0.000000
vt -0.981051 -1.717076 0.000000
vt 0.000000 0.000000 0.000000
vt -1.161769 -4.569346 0.000000
vt 0.838231 -4.569346 0.000000
vt 0.000000 0.000000 0.000000
vt -1.049734 -1.499331 0.000000
vt -0.001627 -6.025149 0.000000
vt 0.000000 0.000000 0.000000
vt 1.020159 -4.017315 0.000000
vt 2.013083 -2.479774 0.000000
vt 0.000000 0.000000 0.000000
vt -2.124608 -3.601969 0.000000
vt -0.081494 -6.057059 0.000000
vt 0.000000 0.000000 0.000000
vt 0.101813 -3.726262 0.000000
vt 2.000000 0.000000 0.000000
vt 0.000000 0.000000 0.000000
vt 1.009162 0.946963 0.000000
vt 0.072018 4.984451 0.000000
vt 0.000000 0.000000 0.000000
vt 0.902449 4.627550 0.000000
vt -0.113693 3.688081 0.000000
vt 0.000000 0.000000 0.000000
vt -1.020584 -0.572740 0.000000
vt 0.979417 -0.572740 0.000000
vt 0.000000 0.000000 0.000000
vt -2.488307 -3.497683 0.000000
vt -1.549385 -4.134639 0.000000
vt 0.000000 0.000000 0.000000
vt -2.772890 -3.815868 0.000000
vt 0.419071 -0.945879 0.000000
vt 0.000000 0.000000 0.000000
vt -4.425474 -0.700601 0.000000
vt -4.047779 -1.663749 0.000000
vt 0.000000 0.000000 0.000000
vt -4.233473 -2.591341 0.000000
vt 0.206484 -1.989312 0.000000
vt 0.000000 0.000000 0.000000
vt 4.069552 2.841847 0.000000
vt -0.877219 0.564824 0.000000
vt 0.000000 0.000000 0.000000
vt 2.760290 3.824992 0.000000
vt 1.899819 4.415016 0.000000
vt 0.000000 0.000000 0.000000
vt 0.788272 4.741341 0.000000
vt -1.026197 -0.562620 0.000000
vt 0.000000 0.000000 0.000000
vt -2.662348 0.960245 0.000000
vt -2.599200 -1.038758 0.000000
vt 0.000000 0.000000 0.000000
vt -1.579343 0.985300 0.000000
vt -4.181478 -0.046084 0.000000
vt 0.000000 0.000000 0.000000
vt -3.451045 -0.003959 0.000000
vt -4.284353 -1.016721 0.000000
vt 0.000000 0.000000 0.000000
vt 0.000905 2.000000 0.000000
vt -4.283509 0.983536 0.000000
vt 0.000000 0.000000 0.000000
vt 2.708222 -0.000842 0.000000
vt -1.571973 0.997017 0.000000
vt 0.000000 0.000000 0.000000
vt 0.832550 1.013386 0.000000
vt -2.665399 0.951743 0.000000
vt 0.000000 0.000000 0.000000
vt 4.548788 -1.332309 0.000000
vt 2.400189 0.667752 0.000000
vt 0.000000 0.000000 0.000000
vt -0.035921 -1.999678 0.000000
vt 2.370362 -1.354228 0.000000
vt 0.000000 0.000000 0.000000
vt -5.584365 1.901377 0.000000
vt -3.227006 0.524640 0.000000
vt 0.000000 0.000000 0.000000
vt -0.443321 1.766615 0.000000
vt -3.661134 2.344972 0.000000
vt 0.000000 0.000000 0.000000
vt -1.939801 2.356718 0.000000
vt -1.594293 0.568398 0.000000
vt 0.000000 0.000000 0.000000
vt 1.043806 3.203298 0.000000
vt -0.519437 3.852234 0.000000
vt 0.000000 0.000000 0.000000
vt -0.531518 3.032195 0.000000
vt -2.000002 0.000000 0.000000
vt 0.000000 0.000000 0.000000
vt -3.676300 2.321122 0.000000
vt -1.671946 0.176528 0.000000
vt 0.000000 0.000000 0.000000
vt -0.988329 3.759352 0.000000
vt -2.657493 3.960496 0.000000
vt 0.000000 0.000000 0.000000
vt -3.162195 -2.872834 0.000000
vt 0.698603 -6.751640 0.000000
vt 0.000000 0.000000 0.000000
vt -3.136972 -2.896424 0.000000
vt -2.436624 -9.647883 0.000000
vt 0.000000 0.000000 0.000000
vt -1.091972 5.937815 0.000000
vt -3.527919 -3.710239 0.000000
vt 0.000000 0.000000 0.000000
vt -1.490132 8.646254 0.000000
vt -5.017921 4.935892 0.000000
vt 0.000000 0.000000 0.000000
vt -4.451689 4.322775 0.000000
vt -2.961170 -4.323413 0.000000
vt 0.000000 0.000000 0.000000
vt -0.748499 4.323230 0.000000
vt -3.709937 0.000000 0.000000
vt 0.000000 0.000000 0.000000
vt -4.455645 4.323712 0.000000
vt -3.709936 0.000000 0.000000
vt 0.000000 0.000000 0.000000
vt -4.574923 4.205426 0.000000
vt -0.121041 -0.120102 0.000000
vt 0.000000 0.000000 0.000000
vt 1.091859 -5.937836 0.000000
vt 3.619804 -3.593555 0.000000
vt 0.000000 0.000000 0.000000
vt -3.709937 -0.000000 0.000000
vt -3.700234 -0.013799 0.000000
vt 0.000000 0.000000 0.000000
vt 3.888484 3.241565 0.000000
vt 0.188252 3.227297 0.000000
vt 0.000000 0.000000 0.000000
vt -0.482200 4.767102 0.000000
vt -4.264622 1.402382 0.000000
vt 0.000000 0.000000 0.000000
vt 7.464317 0.139051 0.000000
vt 3.323041 1.872115 0.000000
vt 0.000000 0.000000 0.000000
vt 4.119623 1.517733 0.000000
vt -3.344395 1.363461 0.000000
vt 0.000000 0.000000 0.000000
vt -7.257988 1.900299 0.000000
vt -5.743938 -1.378673 0.000000
vt 0.000000 0.000000 0.000000
vt -1.699763 -2.853997 0.000000
vt 5.586751 -4.641799 0.000000
vt 0.000000 0.000000 0.000000
vt 0.173956 3.228099 0.000000
vt -1.598171 0.670876 0.000000
vt 0.000000 0.000000 0.000000
vt 3.423544 1.681297 0.000000
vt 1.872023 2.453957 0.000000
vt 0.000000 0.000000 0.000000
vt 1.777472 2.806258 0.000000
vt -3.909863 1.996941 0.000000
vt 0.000000 0.000000 0.000000
vt 0.434722 -4.771666 0.000000
vt 3.709936 0.000000 0.000000
vt 0.000000 0.000000 0.000000
vt -1.999999 -0.000000 0.000000
vt -2.202795 -5.343435 0.000000
vt 0.000000 0.000000 0.000000
vt -0.134881 5.471080 0.000000
vt -1.998180 0.000000 0.000000
vt 0.000000 0.000000 0.000000
vt 2.241058 6.869523 0.000000
vt 0.242878 6.869523 0.000000
vt 0.000000 0.000000 0.000000
vt -0.332472 7.030791 0.000000
vt -2.000001 -0.000000 0.000000
vt 0.000000 0.000000 0.000000
vt -1.000044 -0.083921 0.000000
vt 0.999956 -0.083921 0.000000
vt 0.000000 0.000000 0.000000
vt -1.000040 -0.083619 0.000000
vt -0.000001 -0.166553 0.000000
vt 0.000000 0.000000 0.000000
vt 1.000043 -0.084602 0.000000
vt 2.000000 0.000000 0.000000
vt 0.000000 0.000000 0.000000
vt -0.999958 0.085608 0.000000
vt -0.999960 -0.084908 0.000000
vt 0.000000 0.000000 0.000000
vt -1.373963 -6.951549 0.000000
vt 0.626037 -6.951549 0.000000
vt 0.000000 0.000000 0.000000
vt -0.957952 0.843257 0.000000
vt 0.084738 -6.058102 0.000000
vt 0.000000 0.000000 0.000000
vt -0.105657 -6.204253 0.000000
vt 0.909715 -5.364507 0.000000
vt 0.000000 0.000000 0.000000
vt -2.000001 -0.000000 0.000000
vt -0.761793 -5.298336 0.000000
vt 0.000000 0.000000 0.000000
vt 0.130205 6.056576 0.000000
vt -0.978137 0.819758 0.000000
vt 0.000000 0.000000 0.000000
vt 0.573658 7.062771 0.000000
vt -0.422043 6.199791 0.000000
vt 0.000000 0.000000 0.000000
vt -1.015863 -1.588412 0.000000
vt 0.984137 -1.588412 0.000000
vt 0.000000 0.000000 0.000000
vt -1.017752 -1.794992 0.000000
vt -0.000139 -3.362168 0.000000
vt 0.000000 0.000000 0.000000
vt 1.020678 -1.816244 0.000000
vt 2.000000 -0.000000 0.000000
vt 0.000000 0.000000 0.000000
vt -0.976053 1.840610 0.000000
vt -0.986186 -1.607006 0.000000
vt 0.000000 0.000000 0.000000
vt -1.037449 -2.521387 0.000000
vt 0.962552 -2.521387 0.000000
vt 0.000000 0.000000 0.000000
vt -1.033950 -2.491320 0.000000
vt 0.004762 -4.982298 0.000000
vt 0.000000 0.000000 0.000000
vt 1.037340 -2.519724 0.000000
vt 2.000001 0.000000 0.000000
vt 0.000000 0.000000 0.000000
vt -0.959191 2.550497 0.000000
vt -0.964590 -2.550148 0.000000
vt 0.000000 0.000000 0.000000
vt -2.000001 -0.000000 0.000000
vt -2.121587 -4.161602 0.000000
vt 0.000000 0.000000 0.000000
vt 0.915244 4.467172 0.000000
vt -1.010625 0.211459 0.000000
vt 0.000000 0.000000 0.000000
vt -0.133561 4.267555 0.000000
vt -0.985890 -0.212047 0.000000
vt 0.000000 0.000000 0.000000
vt 0.063259 4.271844 0.000000
vt -0.922207 4.057835 0.000000
vt 0.000000 0.000000 0.000000
vt 1.999999 -0.000000 0.000000
vt 0.896618 4.012361 0.000000
vt 0.000000 0.000000 0.000000
vt -0.114300 -4.162803 0.000000
vt 1.011230 -0.208546 0.000000
vt 0.000000 0.000000 0.000000
vt -0.000020 -0.013265 0.000000
vt 0.859367 -0.007920 0.000000
vt 0.000000 0.000000 0.000000
vt -1.140602 0.010575 0.000000
vt -1.999992 0.005593 0.000000
vt 0.000000 0.000000 0.000000
vt 0.000023 0.016869 0.000000
vt -1.140608 0.009933 0.000000
vt 0.000000 0.000000 0.000000
vt 0.859372 -0.007381 0.000000
vt 2.000001 0.000000 0.000000
vt 0.000000 0.000000 0.000000
vt 1.323570 2.288173 0.000000
vt -0.676422 2.293793 0.000000
vt 0.000000 0.000000 0.000000
vt 2.600125 1.855585 0.000000
vt 2.377886 4.236686 0.000000
vt 0.000000 0.000000 0.000000
vt 3.172721 2.966065 0.000000
vt 0.374986 1.424466 0.000000
vt 0.000000 0.000000 0.000000
vt 4.159596 0.024898 0.000000
vt 4.631763 1.420167 0.000000
vt 0.000000 0.000000 0.000000
vt 4.078554 2.020906 0.000000
vt -0.081055 1.998356 0.000000
vt 0.000000 0.000000 0.000000
vt -3.988722 -2.192889 0.000000
vt 1.559706 -0.165943 0.000000
vt 0.000000 0.000000 0.000000
vt -3.144277 -2.996201 0.000000
vt -1.585465 -3.170341 0.000000
vt 0.000000 0.000000 0.000000
vt -1.133296 -3.358630 0.000000
vt 0.695493 -0.872287 0.000000
vt 0.000000 0.000000 0.000000
vt -1.594679 -2.108215 0.000000
vt -0.897341 -2.979027 0.000000
vt 0.000000 0.000000 0.000000
vt 3.332547 -0.991203 0.000000
vt 3.318957 1.008751 0.000000
vt 0.000000 0.000000 0.000000
vt 3.923723 -1.004039 0.000000
vt 7.242830 0.004218 0.000000
vt 0.000000 0.000000 0.000000
vt 3.930915 0.996398 0.000000
vt 0.007077 1.999987 0.000000
vt 0.000000 0.000000 0.000000
vt -3.332681 0.990753 0.000000
vt -7.263474 -0.006126 0.000000
vt 0.000000 0.000000 0.000000
vt 2.112784 -1.351165 0.000000
vt 2.178437 0.647757 0.000000
vt 0.000000 0.000000 0.000000
vt 2.131029 -2.098023 0.000000
vt 4.300777 -1.421730 0.000000
vt 0.000000 0.000000 0.000000
vt 3.433716 -2.216813 0.000000
vt 1.438738 0.010977 0.000000
vt 0.000000 0.000000 0.000000
vt 1.035171 -3.819248 0.000000
vt 2.473898 -3.806920 0.000000
vt 0.000000 0.000000 0.000000
vt 2.027010 -3.956956 0.000000
vt 2.000000 0.000000 0.000000
vt 0.000000 0.000000 0.000000
vt -2.837795 3.422454 0.000000
vt 0.153831 -1.531938 0.000000
vt 0.000000 0.000000 0.000000
vt -3.425056 2.230170 0.000000
vt -3.266294 0.698734 0.000000
vt 0.000000 0.000000 0.000000
vt -3.280815 0.627025 0.000000
vt 2.112050 -1.352312 0.000000
vt 0.000000 0.000000 0.000000
vt 2.802952 2.457407 0.000000
vt 2.517994 2.750112 0.000000
vt 0.000000 0.000000 0.000000
vt 1.177582 -2.749940 0.000000
vt 3.695763 -0.000000 0.000000
vt 0.000000 0.000000 0.000000
vt 3.691991 3.349500 0.000000
vt 2.514004 6.099267 0.000000
vt 0.000000 0.000000 0.000000
vt 1.037155 -5.960041 0.000000
vt 3.551385 0.139133 0.000000
vt 0.000000 0.000000 0.000000
vt 5.019250 -2.299780 0.000000
vt 3.984113 3.660612 0.000000
vt 0.000000 0.000000 0.000000
vt 2.714801 2.498943 0.000000
vt -2.304149 4.799377 0.000000
vt 0.000000 0.000000 0.000000
vt 1.194809 5.842324 0.000000
vt -1.112767 10.640055 0.000000
vt 0.000000 0.000000 0.000000
vt -2.478464 2.378407 0.000000
vt -3.672784 -3.464018 0.000000
vt 0.000000 0.000000 0.000000
vt 3.551379 0.139292 0.000000
vt -0.144384 0.139292 0.000000
vt 0.000000 0.000000 0.000000
vt 3.064799 -2.928296 0.000000
vt 1.951117 7.711663 0.000000
vt 0.000000 0.000000 0.000000
vt 3.081009 -2.916894 0.000000
vt 5.029098 4.795535 0.000000
vt 0.000000 0.000000 0.000000
vt 3.695763 0.000000 0.000000
vt 0.464860 4.580998 0.000000
vt 0.000000 0.000000 0.000000
vt 3.565867 -3.404804 0.000000
vt 4.060045 1.173124 0.000000
vt 0.000000 0.000000 0.000000
vt 3.695762 0.000000 0.000000
vt 0.033121 3.300479 0.000000
vt 0.000000 0.000000 0.000000
vt 1.712097 -2.558405 0.000000
vt 1.765598 0.741807 0.000000
vt 0.000000 0.000000 0.000000
vt 1.782089 -2.478125 0.000000
vt 3.495520 -1.622693 0.000000
vt 0.000000 0.000000 0.000000
vt -3.449106 -1.387391 0.000000
vt -0.102855 -3.299040 0.000000
vt 0.000000 0.000000 0.000000
vt -4.709679 0.082488 0.000000
vt -2.971476 -3.203823 0.000000
vt 0.000000 0.000000 0.000000
vt 0.483245 3.464957 0.000000
vt -2.503940 0.275776 0.000000
vt 0.000000 0.000000 0.000000
vt 3.816187 3.884853 0.000000
vt 1.312884 4.166352 0.000000
vt 0.000000 0.000000 0.000000
vt 3.933519 1.545189 0.000000
vt -0.066845 3.299966 0.000000
vt 0.000000 0.000000 0.000000
vt 4.709686 -0.082086 0.000000
vt 4.844397 3.366331 0.000000
vt 0.000000 0.000000 0.000000
vt -1.000261 -0.213306 0.000000
vt 0.999739 -0.213306 0.000000
vt 0.000000 0.000000 0.000000
vt -1.000219 -0.188352 0.000000
vt 0.000010 -0.399351 0.000000
vt 0.000000 0.000000 0.000000
vt 1.000207 -0.190594 0.000000
vt 2.000002 0.000000 0.000000
vt 0.000000 0.000000 0.000000
vt -0.999809 0.192671 0.000000
vt -0.999718 -0.215836 0.000000
vt 0.000000 0.000000 0.000000
vt 1.000058 0.098413 0.000000
vt -0.999944 0.098413 0.000000
vt 0.000000 0.000000 0.000000
vt 1.000058 0.098608 0.000000
vt -0.000002 0.195822 0.000000
vt 0.000000 0.000000 0.000000
vt -1.000060 0.099795 0.000000
vt -2.000001 0.000000 0.000000
vt 0.000000 0.000000 0.000000
vt 0.999937 -0.101024 0.000000
vt 0.999940 0.099597 0.000000
vt 0.000000 0.000000 0.000000
vt 1.112706 3.459795 0.000000
vt -0.887295 3.459795 0.000000
vt 0.000000 0.000000 0.000000
vt 0.998503 1.871661 0.000000
vt -0.087038 5.274465 0.000000
vt 0.000000 0.000000 0.000000
vt -1.017678 1.881194 0.000000
vt -1.998102 0.000000 0.000000
vt 0.000000 0.000000 0.000000
vt 0.254372 6.944370 0.000000
vt -1.743730 6.944370 0.000000
vt 0.000000 0.000000 0.000000
vt 2.000000 -0.000000 0.000000
vt -0.319888 6.773698 0.000000
vt 0.000000 0.000000 0.000000
vt 0.942905 -1.919763 0.000000
vt 1.013117 3.490256 0.000000
vt 0.000000 0.000000 0.000000
vt 1.012035 1.397536 0.000000
vt -0.987965 1.397536 0.000000
vt 0.000000 0.000000 0.000000
vt 1.056278 2.759791 0.000000
vt 0.043389 4.139370 0.000000
vt 0.000000 0.000000 0.000000
vt -1.035756 2.793475 0.000000
vt -1.999431 -0.000000 0.000000
vt 0.000000 0.000000 0.000000
vt 2.092131 4.135690 0.000000
vt 0.092700 4.135690 0.000000
vt 0.000000 0.000000 0.000000
vt -0.121744 4.237109 0.000000
vt -2.000002 0.000000 0.000000
vt 0.000000 0.000000 0.000000
vt -0.989014 -1.413921 0.000000
vt -0.053104 -4.242413 0.000000
vt 0.000000 0.000000 0.000000
vt -1.036269 -2.434499 0.000000
vt 0.963732 -2.434499 0.000000
vt 0.000000 0.000000 0.000000
vt -1.068579 -2.508502 0.000000
vt -0.060791 -4.925096 0.000000
vt 0.000000 0.000000 0.000000
vt 1.040608 -2.552257 0.000000
vt 1.999998 0.000000 0.000000
vt 0.000000 0.000000 0.000000
vt -0.992809 2.571228 0.000000
vt -0.930055 -2.477022 0.000000
vt 0.000000 0.000000 0.000000
vt -1.017464 -1.695753 0.000000
vt 0.982533 -1.695753 0.000000
vt 0.000000 0.000000 0.000000
vt -1.018050 -1.676758 0.000000
vt -0.001988 -3.352636 0.000000
vt 0.000000 0.000000 0.000000
vt 1.017534 -1.697851 0.000000
vt 2.000003 -0.000000 0.000000
vt 0.000000 0.000000 0.000000
vt -0.983171 1.717978 0.000000
vt -0.981050 -1.717077 0.000000
vt 0.000000 0.000000 0.000000
vt -1.161770 -4.569345 0.000000
vt 0.838233 -4.569345 0.000000
vt 0.000000 0.000000 0.000000
vt -1.049740 -1.499331 0.000000
vt -0.001635 -6.025149 0.000000
vt 0.000000 0.000000 0.000000
vt 1.020155 -4.017317 0.000000
vt 2.013085 -2.479775 0.000000
vt 0.000000 0.000000 0.000000
vt -2.124606 -3.601968 0.000000
vt -0.081489 -6.057058 0.000000
vt 0.000000 0.000000 0.000000
vt 0.101815 -3.726261 0.000000
vt 2.000000 0.000000 0.000000
vt 0.000000 0.000000 0.000000
vt 1.009163 0.946963 0.000000
vt 0.072022 4.984452 0.000000
vt 0.000000 0.000000 0.000000
vt 0.902453 4.627549 0.000000
vt -0.113691 3.688080 0.000000
vt 0.000000 0.000000 0.000000
vt -1.020585 -0.572739 0.000000
vt 0.979416 -0.572739 0.000000
vt 0.000000 0.000000 0.000000
vt -2.488306 -3.497683 0.000000
vt -1.549384 -4.134639 0.000000
vt 0.000000 0.000000 0.000000
vt -2.772889 -3.815868 0.000000
vt 0.419072 -0.945879 0.000000
vt 0.000000 0.000000 0.000000
vt -4.425473 -0.700601 0.000000
vt -4.047779 -1.663749 0.000000
vt 0.000000 0.000000 0.000000
vt -4.233472 -2.591342 0.000000
vt 0.206485 -1.989313 0.000000
vt 0.000000 0.000000 0.000000
vt 4.069549 2.841848 0.000000
vt -0.877220 0.564824 0.000000
vt 0.000000 0.000000 0.000000
vt 2.760288 3.824993 0.000000
vt 1.899816 4.415017 0.000000
vt 0.000000 0.000000 0.000000
vt 0.788269 4.741340 0.000000
vt -1.026199 -0.562620 0.000000
vt 0.000000 0.000000 0.000000
vt -2.662349 0.960245 0.000000
vt -2.599201 -1.038758 0.000000
vt 0.000000 0.000000 0.000000
vt -1.579342 0.985300 0.000000
vt -4.181479 -0.046084 0.000000
vt 0.000000 0.000000 0.000000
vt -3.451045 -0.003959 0.000000
vt -4.284353 -1.016721 0.000000
vt 0.000000 0.000000 0.000000
vt 0.000906 2.000000 0.000000
vt -4.283507 0.983536 0.000000
vt 0.000000 0.000000 0.000000
vt 2.708221 -0.000842 0.000000
vt -1.571972 0.997017 0.000000
vt 0.000000 0.000000 0.000000
vt 0.832549 1.013386 0.000000
vt -2.665400 0.951744 0.000000
vt 0.000000 0.000000 0.000000
vt 4.548786 -1.332309 0.000000
vt 2.400188 0.667752 0.000000
vt 0.000000 0.000000 0.000000
vt -0.035921 -1.999678 0.000000
vt 2.370361 -1.354228 0.000000
vt 0.000000 0.000000 0.000000
vt -5.584365 1.901378 0.000000
vt -3.227007 0.524640 0.000000
vt 0.000000 0.000000 0.000000
vt -0.443322 1.766614 0.000000
vt -3.661136 2.344971 0.000000
vt 0.000000 0.000000 0.000000
vt -1.939802 2.356716 0.000000
vt -1.594291 0.568398 0.000000
vt 0.000000 0.000000 0.000000
vt 1.043804 3.203297 0.000000
vt -0.519438 3.852233 0.000000
vt 0.000000 0.000000 0.000000
vt -0.531519 3.032194 0.000000
vt -2.000001 0.000000 0.000000
vt 0.000000 0.000000 0.000000
vt -3.676301 2.321125 0.000000
vt -1.671949 0.176528 0.000000
vt 0.000000 0.000000 0.000000
vt -0.988322 3.759353 0.000000
vt -2.657489 3.960497 0.000000
vt 0.000000 0.000000 0.000000
vt -3.162195 -2.872834 0.000000
vt 0.698604 -6.751640 0.000000
vt 0.000000 0.000000 0.000000
vt -3.136974 -2.896424 0.000000
vt -2.436626 -9.647883 0.000000
vt 0.000000 0.000000 0.000000
vt -1.091970 5.937815 0.000000
vt -3.527919 -3.710239 0.000000
vt 0.000000 0.000000 0.000000
vt -1.490132 8.646254 0.000000
vt -5.017921 4.935892 0.000000
vt 0.000000 0.000000 0.000000
vt -4.451691 4.322775 0.000000
vt -2.961172 -4.323413 0.000000
vt 0.000000 0.000000 0.000000
vt -0.748497 4.323230 0.000000
vt -3.709937 0.000000 0.000000
vt 0.000000 0.000000 0.000000
vt -4.455643 4.323712 0.000000
vt -3.709936 0.000000 0.000000
vt 0.000000 0.000000 0.000000
vt -4.574922 4.205426 0.000000
vt -0.121042 -0.120102 0.000000
vt 0.000000 0.000000 0.000000
vt 1.091857 -5.937836 0.000000
vt 3.619802 -3.593555 0.000000
vt 0.000000 0.000000 0.000000
vt -3.709937 -0.000000 0.000000
vt -3.700232 -0.013799 0.000000
vt 0.000000 0.000000 0.000000
vt 3.888482 3.241565 0.000000
vt 0.188252 3.227296 0.000000
vt 0.000000 0.000000 0.000000
vt -0.482201 4.767101 0.000000
vt -4.264621 1.402382 0.000000
vt 0.000000 0.000000 0.000000
vt 7.464316 0.139051 0.000000
vt 3.323042 1.872115 0.000000
vt 0.000000 0.000000 0.000000
vt 4.119623 1.517731 0.000000
vt -3.344394 1.363460 0.000000
vt 0.000000 0.000000 0.000000
vt 0.939386 -7.443594 0.000000
vt 3.418630 -4.817316 0.000000
vt 0.000000 0.000000 0.000000
vt 3.263352 -0.620513 0.000000
vt 2.449789 6.837881 0.000000
vt 0.000000 0.000000 0.000000
vt 0.173956 3.228099 0.000000
vt -1.598174 0.670876 0.000000
vt 0.000000 0.000000 0.000000
vt 3.423545 1.681298 0.000000
vt 1.872020 2.453959 0.000000
vt 0.000000 0.000000 0.000000
vt -3.259415 0.640872 0.000000
vt -0.445891 -4.367606 0.000000
vt 0.000000 0.000000 0.000000
vt 0.434721 -4.771665 0.000000
vt 3.709936 -0.000000 0.000000
vt 0.000000 0.000000 0.000000
vt -2.000000 0.000000 0.000000
vt -2.202798 -5.343435 0.000000
vt 0.000000 0.000000 0.000000
vt -0.134882 5.471080 0.000000
vt -1.998184 0.000000 0.000000
vt 0.000000 0.000000 0.000000
vt 2.241061 6.869521 0.000000
vt 0.242877 6.869521 0.000000
vt 0.000000 0.000000 0.000000
vt -0.332474 7.030791 0.000000
vt -2.000002 0.000000 0.000000
vt 0.000000 0.000000 0.000000
vt -1.000042 -0.083922 0.000000
vt 0.999959 -0.083922 0.000000
vt 0.000000 0.000000 0.000000
vt -1.000042 -0.083618 0.000000
vt -0.000001 -0.166553 0.000000
vt 0.000000 0.000000 0.000000
vt 1.000043 -0.084600 0.000000
vt 2.000002 0.000000 0.000000
vt 0.000000 0.000000 0.000000
vt -0.999957 0.085608 0.000000
vt -0.999958 -0.084908 0.000000
vt 0.000000 0.000000 0.000000
vt -1.373966 -6.951548 0.000000
vt 0.626036 -6.951548 0.000000
vt 0.000000 0.000000 0.000000
vt -0.957950 0.843257 0.000000
vt 0.084725 -6.058103 0.000000
vt 0.000000 0.000000 0.000000
vt -0.105652 -6.204254 0.000000
vt 0.909719 -5.364508 0.000000
vt 0.000000 0.000000 0.000000
vt -2.000000 0.000000 0.000000
vt -0.761790 -5.298337 0.000000
vt 0.000000 0.000000 0.000000
vt 0.130213 6.056576 0.000000
vt -0.978135 0.819758 0.000000
vt 0.000000 0.000000 0.000000
vt 0.573662 7.062770 0.000000
vt -0.422039 6.199790 0.000000
vt 0.000000 0.000000 0.000000
vt -1.015863 -1.588412 0.000000
vt 0.984137 -1.588412 0.000000
vt 0.000000 0.000000 0.000000
vt -1.017753 -1.794992 0.000000
vt -0.000141 -3.362169 0.000000
vt 0.000000 0.000000 0.000000
vt 1.020677 -1.816244 0.000000
vt 2.000000 -0.000000 0.000000
vt 0.000000 0.000000 0.000000
vt -0.976052 1.840611 0.000000
vt -0.986186 -1.607006 0.000000
vt 0.000000 0.000000 0.000000
vt -1.037448 -2.521387 0.000000
vt 0.962552 -2.521387 0.000000
vt 0.000000 0.000000 0.000000
vt -1.033949 -2.491319 0.000000
vt 0.004766 -4.982298 0.000000
vt 0.000000 0.000000 0.000000
vt 1.037337 -2.519723 0.000000
vt 2.000000 -0.000000 0.000000
vt 0.000000 0.000000 0.000000
vt -0.959185 2.550497 0.000000
vt -0.964593 -2.550148 0.000000
vt 0.000000 0.000000 0.000000
vt -2.000000 0.000000 0.000000
vt -2.121586 -4.161603 0.000000
vt 0.000000 0.000000 0.000000
vt 0.915248 4.467171 0.000000
vt -1.010624 0.211459 0.000000
vt 0.000000 0.000000 0.000000
vt -0.133573 4.267556 0.000000
vt -0.985892 -0.212047 0.000000
vt 0.000000 0.000000 0.000000
vt 0.063254 4.271844 0.000000
vt -0.922214 4.057835 0.000000
vt 0.000000 0.000000 0.000000
vt 2.000000 0.000000 0.000000
vt 0.896618 4.012362 0.000000
vt 0.000000 0.000000 0.000000
vt -0.114307 -4.162803 0.000000
vt 1.011229 -0.208546 0.000000
vt 0.000000 0.000000 0.000000
vt -0.000020 -0.013265 0.000000
vt 1.046868 -0.008203 0.000000
vt 0.000000 0.000000 0.000000
vt -0.953102 0.010186 0.000000
vt -1.999992 0.005525 0.000000
vt 0.000000 0.000000 0.000000
vt 0.000025 0.016870 0.000000
vt -0.953107 0.009687 0.000000
vt 0.000000 0.000000 0.000000
vt 1.046873 -0.007552 0.000000
vt 2.000002 0.000000 0.000000
vt 0.000000 0.000000 0.000000
vt 1.323570 2.288173 0.000000
vt -0.676421 2.293793 0.000000
vt 0.000000 0.000000 0.000000
vt 2.600126 1.855584 0.000000
vt 2.377886 4.236685 0.000000
vt 0.000000 0.000000 0.000000
vt 3.172722 2.966064 0.000000
vt 0.374987 1.424466 0.000000
vt 0.000000 0.000000 0.000000
vt 4.159596 0.024898 0.000000
vt 4.631763 1.420167 0.000000
vt 0.000000 0.000000 0.000000
vt 4.078554 2.020906 0.000000
vt -0.081056 1.998356 0.000000
vt 0.000000 0.000000 0.000000
vt -3.988721 -2.192889 0.000000
vt 1.559707 -0.165943 0.000000
vt 0.000000 0.000000 0.000000
vt -3.144278 -2.996201 0.000000
vt -1.585465 -3.170340 0.000000
vt 0.000000 0.000000 0.000000
vt -1.133292 -3.358632 0.000000
vt 0.695495 -0.872287 0.000000
vt 0.000000 0.000000 0.000000
vt -1.594677 -2.108217 0.000000
vt -0.897337 -2.979030 0.000000
vt 0.000000 0.000000 0.000000
vt 3.332547 -0.991203 0.000000
vt 3.318957 1.008751 0.000000
vt 0.000000 0.000000 0.000000
vt 3.923723 -1.004039 0.000000
vt 7.242830 0.004218 0.000000
vt 0.000000 0.000000 0.000000
vt 3.930915 0.996398 0.000000
vt 0.007077 1.999987 0.000000
vt 0.000000 0.000000 0.000000
vt -3.332681 0.990752 0.000000
vt -7.263474 -0.006126 0.000000
vt 0.000000 0.000000 0.000000
vt 2.112784 -1.351165 0.000000
vt 2.178437 0.647757 0.000000
vt 0.000000 0.000000 0.000000
vt 2.131031 -2.098023 0.000000
vt 4.300778 -1.421730 0.000000
vt 0.000000 0.000000 0.000000
vt 3.433717 -2.216812 0.000000
vt 1.438736 0.010977 0.000000
vt 0.000000 0.000000 0.000000
vt 1.035172 -3.819248 0.000000
vt 2.473898 -3.806921 0.000000
vt 0.000000 0.000000 0.000000
vt 2.027008 -3.956957 0.000000
vt 2.000000 0.000000 0.000000
vt 0.000000 0.000000 0.000000
vt -2.837795 3.422454 0.000000
vt 0.153831 -1.531938 0.000000
vt 0.000000 0.000000 0.000000
vt -3.425056 2.230169 0.000000
vt -3.266295 0.698734 0.000000
vt 0.000000 0.000000 0.000000
vt -3.280816 0.627025 0.000000
vt 2.112050 -1.352312 0.000000
vt 0.000000 0.000000 0.000000
vt 20.126638 -25.368773 0.000000
vt 10.292597 -5.383141 0.000000
vt 0.000000 0.000000 0.000000
vt 10.292597 -5.383141 0.000000
vt -9.410570 5.005268 0.000000
vt 0.000000 0.000000 0.000000
vt 33.906282 0.446022 0.000000
vt 24.495713 5.451290 0.000000
vt 0.000000 0.000000 0.000000
vt -22.046351 -3.176826 0.000000
vt -24.495713 -5.451290 0.000000
vt 0.000000 0.000000 0.000000
vt -11.170645 -8.606846 0.000000
vt -14.662056 -14.507911 0.000000
vt 0.000000 0.000000 0.000000
vt -13.620007 -10.881310 0.000000
vt -2.449362 -2.274464 0.000000
vt 0.000000 0.000000 0.000000
vt 2.411465 -6.787160 0.000000
vt 1.076981 -2.614383 0.000000
vt 0.000000 0.000000 0.000000
vt -1.076981 -2.614383 0.000000
vt -1.443443 -14.009196 0.000000
vt 0.000000 0.000000 0.000000
vt -14.662056 -14.507911 0.000000
vt -16.105499 -28.517107 0.000000
vt 0.000000 0.000000 0.000000
vt -0.968021 7.222036 0.000000
vt -0.373474 -11.826300 0.000000
vt 0.000000 0.000000 0.000000
vt 7.201525 -25.574015 0.000000
vt 0.000000 0.000000 0.000000
vt 5.064940 -2.637691 0.000000
vt 15.356171 -4.232735 0.000000
vt 0.000000 0.000000 0.000000
vt 29.874118 -0.446022 0.000000
vt 0.000000 0.000000 0.000000
vt 2.382789 0.187637 0.000000
vt 20.290448 27.168591 0.000000
vt 0.000000 0.000000 0.000000
vt -1.852272 -10.496697 0.000000
vt -3.791351 -21.949018 0.000000
vt 0.000000 0.000000 0.000000
vt 10.920057 -8.050896 0.000000
vt -7.201525 25.574015 0.000000
vt 0.000000 0.000000 0.000000
vt 1.852272 10.496697 0.000000
vt -18.274366 35.865470 0.000000
vt 0.000000 0.000000 0.000000
vt 0.334969 -9.357532 0.000000
vt 0.701431 2.037282 0.000000
vt 0.000000 0.000000 0.000000
vt -0.701431 2.037282 0.000000
vt 0.633053 -2.135495 0.000000
vt 0.000000 0.000000 0.000000
vt -0.334969 9.357532 0.000000
vt -0.968021 7.222036 0.000000
vt 0.000000 0.000000 0.000000
vt 2.943598 -1.088079 0.000000
vt -7.976460 6.962816 0.000000
vt 0.000000 0.000000 0.000000
vt 8.008538 -3.725771 0.000000
vt 2.943598 -1.088079 0.000000
vt 0.000000 0.000000 0.000000
vt -14.517947 -3.786713 0.000000
vt 2.382789 0.187637 0.000000
vt 0.000000 0.000000 0.000000
vt -17.907660 -26.980954 0.000000
vt -1.939079 -11.452321 0.000000
vt 0.000000 0.000000 0.000000
vt 2.998013 4.379916 0.000000
vt -5.769312 4.379916 0.000000
vt 0.000000 0.000000 0.000000
vt 5.811989 1.100714 0.000000
vt 0.020120 5.450758 0.000000
vt 0.000000 0.000000 0.000000
vt 5.868311 4.614152 0.000000
vt 0.057861 3.505342 0.000000
vt 0.000000 0.000000 0.000000
vt -0.029773 3.129932 0.000000
vt -5.915043 -1.462571 0.000000
vt 0.000000 0.000000 0.000000
vt 5.962657 3.815438 0.000000
vt 0.075569 2.244121 0.000000
vt 0.000000 0.000000 0.000000
vt -0.167743 3.752982 0.000000
vt -6.198653 0.046371 0.000000
vt 0.000000 0.000000 0.000000
vt 6.406735 1.715832 0.000000
vt 0.208294 1.785005 0.000000
vt 0.000000 0.000000 0.000000
vt -0.504585 2.741626 0.000000
vt -6.803703 0.665227 0.000000
vt 0.000000 0.000000 0.000000
vt -5.042372 6.835829 0.000000
vt -5.108265 0.000000 0.000000
vt 0.000000 0.000000 0.000000
vt -2.293742 -4.887565 0.000000
vt 2.756399 -11.717657 0.000000
vt 0.000000 0.000000 0.000000
vt -9.055544 17.069072 0.000000
vt -6.277534 5.356520 0.000000
vt 0.000000 0.000000 0.000000
vt -2.838863 15.258180 0.000000
vt -9.848981 13.189275 0.000000
vt 0.000000 0.000000 0.000000
vt -4.405308 8.206104 0.000000
vt -1.597544 -7.057830 0.000000
vt 0.000000 0.000000 0.000000
vt -1.866514 5.437286 0.000000
vt -3.454636 -1.622669 0.000000
vt 0.000000 0.000000 0.000000
vt -3.773178 -2.610457 0.000000
vt 1.975558 -2.610457 0.000000
vt 0.000000 0.000000 0.000000
vt -3.454870 0.000000 0.000000
vt -1.727434 -2.780877 0.000000
vt 0.000000 0.000000 0.000000
vt -3.363199 -3.755610 0.000000
vt 0.091671 -3.755610 0.000000
vt 0.000000 0.000000 0.000000
vt -3.271530 -0.000000 0.000000
vt -3.363200 -3.755610 0.000000
vt 0.000000 0.000000 0.000000
vt -3.251878 -3.130012 0.000000
vt 0.019652 -3.130012 0.000000
vt 0.000000 0.000000 0.000000
vt -3.232224 0.000000 0.000000
vt -3.251877 -3.130012 0.000000
vt 0.000000 0.000000 0.000000
vt -4.141816 -4.352202 0.000000
vt -0.909592 -4.352202 0.000000
vt 0.000000 0.000000 0.000000
vt -2.306700 4.348842 0.000000
vt -3.232224 0.000000 0.000000
vt 0.000000 0.000000 0.000000
vt -5.504545 4.366904 0.000000
vt -3.232225 -0.000000 0.000000
vt 0.000000 0.000000 0.000000
vt 3.251878 3.130012 0.000000
vt 0.019653 3.130012 0.000000
vt 0.000000 0.000000 0.000000
vt -0.019653 3.130012 0.000000
vt -3.271530 0.000000 0.000000
vt 0.000000 0.000000 0.000000
vt 3.363200 3.755610 0.000000
vt 0.091670 3.755610 0.000000
vt 0.000000 0.000000 0.000000
vt -0.091671 3.755610 0.000000
vt -3.454870 -0.000000 0.000000
vt 0.000000 0.000000 0.000000
vt 1.727434 2.780877 0.000000
vt -1.727436 2.780877 0.000000
vt 0.000000 0.000000 0.000000
vt -2.639350 -10.356249 0.000000
vt 17.649403 16.813608 0.000000
vt 0.000000 0.000000 0.000000
vt -8.539862 -10.241122 0.000000
vt 9.108451 6.573630 0.000000
vt 0.000000 0.000000 0.000000
vt -3.471886 -9.498769 0.000000
vt 5.028602 0.775059 0.000000
vt 0.000000 0.000000 0.000000
vt -3.454870 -0.000000 0.000000
vt -5.545682 -2.519090 0.000000
vt 0.000000 0.000000 0.000000
vt -3.363200 -3.755611 0.000000
vt 0.091670 -3.755611 0.000000
vt 0.000000 0.000000 0.000000
vt -6.551464 1.525485 0.000000
vt -6.767857 -2.225006 0.000000
vt 0.000000 0.000000 0.000000
vt -6.488993 -2.035684 0.000000
vt 0.075294 -3.505011 0.000000
vt 0.000000 0.000000 0.000000
vt -3.454870 0.000000 0.000000
vt -5.545681 -2.519091 0.000000
vt 0.000000 0.000000 0.000000
vt -3.363200 -3.755611 0.000000
vt 0.091670 -3.755611 0.000000
vt 0.000000 0.000000 0.000000
vt -3.271530 0.000000 0.000000
vt -3.363200 -3.755611 0.000000
vt 0.000000 0.000000 0.000000
vt -3.251877 -3.130012 0.000000
vt 0.019653 -3.130012 0.000000
vt 0.000000 0.000000 0.000000
vt -3.232224 0.000000 0.000000
vt -3.251877 -3.130012 0.000000
vt 0.000000 0.000000 0.000000
vt -4.326815 6.292429 0.000000
vt -7.780368 4.667457 0.000000
vt 0.000000 0.000000 0.000000
vt -5.545681 -2.519091 0.000000
vt 2.090809 -2.519091 0.000000
vt 0.000000 0.000000 0.000000
vt -3.454870 0.000000 0.000000
vt -1.727436 -2.780877 0.000000
vt 0.000000 0.000000 0.000000
vt -3.363200 -3.755611 0.000000
vt 0.091670 -3.755611 0.000000
vt 0.000000 0.000000 0.000000
vt -3.271529 0.000000 0.000000
vt -3.363199 -3.755611 0.000000
vt 0.000000 0.000000 0.000000
vt -3.251877 -3.130012 0.000000
vt 0.019652 -3.130012 0.000000
vt 0.000000 0.000000 0.000000
vt -3.454869 0.000000 0.000000
vt -5.545682 -2.519090 0.000000
vt 0.000000 0.000000 0.000000
vt -3.363200 -3.755610 0.000000
vt 0.091670 -3.755610 0.000000
vt 0.000000 0.000000 0.000000
vt -2.559457 -5.147538 0.000000
vt 2.469413 -4.374215 0.000000
vt 0.000000 0.000000 0.000000
vt -5.425301 -2.768847 0.000000
vt 0.323435 -2.768847 0.000000
vt 0.000000 0.000000 0.000000
vt -7.015067 2.073204 0.000000
vt -7.542060 -0.664204 0.000000
vt 0.000000 0.000000 0.000000
vt -6.881342 -0.069069 0.000000
vt 0.230208 -1.782312 0.000000
vt 0.000000 0.000000 0.000000
vt -2.831425 -11.929395 0.000000
vt 6.277554 -5.356497 0.000000
vt 0.000000 0.000000 0.000000
vt 2.474299 -4.371453 0.000000
vt 5.284224 7.563025 0.000000
vt 0.000000 0.000000 0.000000
vt -0.166805 -7.569413 0.000000
vt 5.108265 0.000000 0.000000
vt 0.000000 0.000000 0.000000
vt 6.881523 0.047673 0.000000
vt 6.746481 2.289002 0.000000
vt 0.000000 0.000000 0.000000
vt 6.493577 2.021012 0.000000
vt 6.474659 7.471773 0.000000
vt 0.000000 0.000000 0.000000
vt -0.029635 -3.129933 0.000000
vt 6.422287 4.361483 0.000000
vt 0.000000 0.000000 0.000000
vt 3.271529 0.000000 0.000000
vt 3.251877 3.130012 0.000000
vt 0.000000 0.000000 0.000000
vt -0.019653 -3.130012 0.000000
vt 3.232224 0.000000 0.000000
vt 0.000000 0.000000 0.000000
vt 3.271530 -0.000000 0.000000
vt 3.251877 3.130012 0.000000
vt 0.000000 0.000000 0.000000
vt -0.019653 -3.130012 0.000000
vt 3.232224 0.000000 0.000000
vt 0.000000 0.000000 0.000000
vt 3.271530 0.000000 0.000000
vt 3.251877 3.130012 0.000000
vt 0.000000 0.000000 0.000000
vt -0.019653 -3.130012 0.000000
vt 3.232224 0.000000 0.000000
vt 0.000000 0.000000 0.000000
vt 3.271530 0.000000 0.000000
vt 3.251877 3.130012 0.000000
vt 0.000000 0.000000 0.000000
vt -0.019653 -3.130012 0.000000
vt 3.232225 -0.000000 0.000000
vt 0.000000 0.000000 0.000000
vt 3.271530 0.000000 0.000000
vt 3.251877 3.130012 0.000000
vt 0.000000 0.000000 0.000000
vt -0.019653 -3.130012 0.000000
vt 3.232224 0.000000 0.000000
vt 0.000000 0.000000 0.000000
vt 3.271530 0.000000 0.000000
vt 3.251877 3.130012 0.000000
vt 0.000000 0.000000 0.000000
vt -0.019653 -3.130012 0.000000
vt 3.232225 0.000000 0.000000
vt 0.000000 0.000000 0.000000
vt 6.521174 0.000000 0.000000
vt 6.482000 3.129828 0.000000
vt 0.000000 0.000000 0.000000
vt -0.039174 -3.129828 0.000000
vt 6.442827 -0.000000 0.000000
vt 0.000000 0.000000 0.000000
vt 6.521175 0.000000 0.000000
vt 6.482001 3.129828 0.000000
vt 0.000000 0.000000 0.000000
vt -0.039174 -3.129828 0.000000
vt 6.442827 -0.000000 0.000000
vt 0.000000 0.000000 0.000000
vt 6.414031 4.373615 0.000000
vt -2.353294 4.373615 0.000000
vt 0.000000 0.000000 0.000000
vt 3.232224 0.000000 0.000000
vt 0.833492 4.348860 0.000000
vt 0.000000 0.000000 0.000000
vt 3.232224 0.000000 0.000000
vt 4.050452 4.351758 0.000000
vt 0.000000 0.000000 0.000000
vt 4.753451 -4.385518 0.000000
vt 8.767325 0.000000 0.000000
vt 0.000000 0.000000 0.000000
vt 3.232224 -0.000000 0.000000
vt -1.547487 4.356883 0.000000
vt 0.000000 0.000000 0.000000
vt 3.232225 0.000000 0.000000
vt 1.662160 4.348798 0.000000
vt 0.000000 0.000000 0.000000
vt 3.232224 0.000000 0.000000
vt 4.870577 4.357822 0.000000
vt 0.000000 0.000000 0.000000
vt 3.921443 -4.385267 0.000000
vt 8.767325 0.000000 0.000000
vt 0.000000 0.000000 0.000000
vt 3.232225 0.000000 0.000000
vt -0.726810 4.351360 0.000000
vt 0.000000 0.000000 0.000000
vt 6.442827 -0.000000 0.000000
vt 5.701442 4.348900 0.000000
vt 0.000000 0.000000 0.000000
vt 5.677071 4.380666 0.000000
vt -3.090253 4.380666 0.000000
vt 0.000000 0.000000 0.000000
vt 6.442827 0.000000 0.000000
vt 3.313510 4.352847 0.000000
vt 0.000000 0.000000 0.000000
vt 3.274816 4.382032 0.000000
vt -5.492509 4.382032 0.000000
vt 0.000000 0.000000 0.000000
vt 4.106314 4.385714 0.000000
vt -4.661011 4.385714 0.000000
vt 0.000000 0.000000 0.000000
vt 3.232225 0.000000 0.000000
vt -1.456550 4.356019 0.000000
vt 0.000000 0.000000 0.000000
vt 3.251878 3.130012 0.000000
vt 0.019653 3.130012 0.000000
vt 0.000000 0.000000 0.000000
vt 3.271529 0.000000 0.000000
vt 3.251876 3.130012 0.000000
vt 0.000000 0.000000 0.000000
vt 3.363199 3.755610 0.000000
vt 0.091670 3.755610 0.000000
vt 0.000000 0.000000 0.000000
vt 3.454870 0.000000 0.000000
vt 3.363201 3.755610 0.000000
vt 0.000000 0.000000 0.000000
vt 3.649394 2.780877 0.000000
vt 0.194524 2.780877 0.000000
vt 0.000000 0.000000 0.000000
vt 7.662120 -0.000000 0.000000
vt 7.274374 2.760574 0.000000
vt 0.000000 0.000000 0.000000
vt 4.410998 -8.203047 0.000000
vt 4.161644 -0.544986 0.000000
vt 0.000000 0.000000 0.000000
vt -4.492975 -11.446460 0.000000
vt -0.331384 -11.991849 0.000000
vt 0.000000 0.000000 0.000000
vt 7.010113 2.068921 0.000000
vt 11.524505 13.506951 0.000000
vt 0.000000 0.000000 0.000000
vt -16.103200 -28.518405 0.000000
vt -4.579277 -15.010958 0.000000
vt 0.000000 0.000000 0.000000
vt -8.767325 0.000000 0.000000
vt -4.938304 -4.384962 0.000000
vt 0.000000 0.000000 0.000000
vt 1.729149 4.358843 0.000000
vt -3.232224 0.000000 0.000000
vt 0.000000 0.000000 0.000000
vt -1.477968 4.348799 0.000000
vt -3.232224 0.000000 0.000000
vt 0.000000 0.000000 0.000000
vt 3.251877 3.130012 0.000000
vt 0.019652 3.130012 0.000000
vt 0.000000 0.000000 0.000000
vt 6.442827 0.000000 0.000000
vt 2.576847 4.352413 0.000000
vt 0.000000 0.000000 0.000000
vt 6.230016 -4.375581 0.000000
vt 8.767325 -0.000000 0.000000
vt 0.000000 0.000000 0.000000
vt 6.442826 0.000000 0.000000
vt 0.194245 4.349027 0.000000
vt 0.000000 0.000000 0.000000
vt 3.232224 -0.000000 0.000000
vt 3.409523 4.349751 0.000000
vt 0.000000 0.000000 0.000000
vt 3.251877 3.130012 0.000000
vt 0.019653 3.130012 0.000000
vt 0.000000 0.000000 0.000000
vt 3.271530 0.000000 0.000000
vt 3.251877 3.130012 0.000000
vt 0.000000 0.000000 0.000000
vt 3.363200 3.755611 0.000000
vt 0.091670 3.755611 0.000000
vt 0.000000 0.000000 0.000000
vt 6.203231 -0.000000 0.000000
vt 6.038637 3.753122 0.000000
vt 0.000000 0.000000 0.000000
vt 6.552498 2.765705 0.000000
vt 0.349267 2.765705 0.000000
vt 0.000000 0.000000 0.000000
vt 6.901766 -0.000000 0.000000
vt 6.552499 2.765705 0.000000
vt 0.000000 0.000000 0.000000
vt -1.841695 -5.075207 0.000000
vt 4.652661 -2.739031 0.000000
vt 0.000000 0.000000 0.000000
vt -11.941183 -1.781590 0.000000
vt -7.293491 -4.529044 0.000000
vt 0.000000 0.000000 0.000000
vt -24.772204 -4.725561 0.000000
vt -12.829477 -2.954351 0.000000
vt 0.000000 0.000000 0.000000
vt 3.367135 4.382646 0.000000
vt -5.400190 4.382646 0.000000
vt 0.000000 0.000000 0.000000
vt 3.232224 0.000000 0.000000
vt -2.181993 4.365306 0.000000
vt 0.000000 0.000000 0.000000
vt 3.251877 3.130012 0.000000
vt 0.019653 3.130012 0.000000
vt 0.000000 0.000000 0.000000
vt 5.874043 0.000000 0.000000
vt 5.838757 3.129875 0.000000
vt 0.000000 0.000000 0.000000
vt 6.038637 3.753122 0.000000
vt 0.164594 3.753122 0.000000
vt 0.000000 0.000000 0.000000
vt 6.203231 0.000000 0.000000
vt 6.038637 3.753122 0.000000
vt 0.000000 0.000000 0.000000
vt 6.552499 2.765706 0.000000
vt 0.349267 2.765706 0.000000
vt 0.000000 0.000000 0.000000
vt 6.901766 -0.000000 0.000000
vt 6.552499 2.765706 0.000000
vt 0.000000 0.000000 0.000000
vt -7.300428 -4.517854 0.000000
vt -0.407065 -4.177389 0.000000
vt 0.000000 0.000000 0.000000
vt -11.361697 4.083842 0.000000
vt -11.785915 -0.091840 0.000000
vt 0.000000 0.000000 0.000000
vt -12.830784 -2.948668 0.000000
vt -1.461951 -7.012603 0.000000
vt 0.000000 0.000000 0.000000
vt 5.803470 -0.000000 0.000000
vt 3.592323 4.350611 0.000000
vt 0.000000 0.000000 0.000000
vt 5.215488 -4.383726 0.000000
vt 8.767325 0.000000 0.000000
vt 0.000000 0.000000 0.000000
vt 5.803470 0.000000 0.000000
vt 0.558813 4.348787 0.000000
vt 0.000000 0.000000 0.000000
vt 5.803470 0.000000 0.000000
vt 6.337719 4.351873 0.000000
vt 0.000000 0.000000 0.000000
vt 5.838757 3.129874 0.000000
vt 0.035287 3.129874 0.000000
vt 0.000000 0.000000 0.000000
vt 5.874043 -0.000000 0.000000
vt 5.838757 3.129874 0.000000
vt 0.000000 0.000000 0.000000
vt 6.038637 3.753122 0.000000
vt 0.164594 3.753122 0.000000
vt 0.000000 0.000000 0.000000
vt 6.203232 -0.000000 0.000000
vt 6.038638 3.753122 0.000000
vt 0.000000 0.000000 0.000000
vt 6.552499 2.765706 0.000000
vt 0.349268 2.765706 0.000000
vt 0.000000 0.000000 0.000000
vt 6.901766 -0.000000 0.000000
vt 6.552499 2.765706 0.000000
vt 0.000000 0.000000 0.000000
vt -9.833290 6.497892 0.000000
vt -5.224917 1.360065 0.000000
vt 0.000000 0.000000 0.000000
vt 6.322045 4.374612 0.000000
vt -2.445280 4.374612 0.000000
vt 0.000000 0.000000 0.000000
vt 5.803470 0.000000 0.000000
vt 3.316142 4.350842 0.000000
vt 0.000000 0.000000 0.000000
vt 5.838757 3.129875 0.000000
vt 0.035287 3.129875 0.000000
vt 0.000000 0.000000 0.000000
vt 5.874043 0.000000 0.000000
vt 5.838757 3.129875 0.000000
vt 0.000000 0.000000 0.000000
vt 6.038637 3.753122 0.000000
vt 0.164594 3.753122 0.000000
vt 0.000000 0.000000 0.000000
vt 6.203231 -0.000000 0.000000
vt 6.038637 3.753122 0.000000
vt 0.000000 0.000000 0.000000
vt 6.552499 2.765707 0.000000
vt 0.349268 2.765707 0.000000
vt 0.000000 0.000000 0.000000
vt 6.901765 0.000000 0.000000
vt 6.552498 2.765707 0.000000
vt 0.000000 0.000000 0.000000
vt -5.226222 1.355041 0.000000
vt -2.288215 -4.890155 0.000000
vt 0.000000 0.000000 0.000000
vt 3.274816 4.382032 0.000000
vt -5.492509 4.382032 0.000000
vt 0.000000 0.000000 0.000000
vt 5.803471 0.000000 0.000000
vt 0.284722 4.348940 0.000000
vt 0.000000 0.000000 0.000000
vt 5.838757 3.129875 0.000000
vt 0.035286 3.129875 0.000000
vt 0.000000 0.000000 0.000000
vt 5.874043 0.000000 0.000000
vt 5.838756 3.129875 0.000000
vt 0.000000 0.000000 0.000000
vt 6.038637 3.753121 0.000000
vt 0.164594 3.753121 0.000000
vt 0.000000 0.000000 0.000000
vt 6.203231 0.000000 0.000000
vt 6.038637 3.753121 0.000000
vt 0.000000 0.000000 0.000000
vt 6.552499 2.765706 0.000000
vt 0.349268 2.765706 0.000000
vt 0.000000 0.000000 0.000000
vt 5.803470 -0.000000 0.000000
vt 6.065334 4.350376 0.000000
vt 0.000000 0.000000 0.000000
vt 2.721484 -4.377424 0.000000
vt 8.767325 0.000000 0.000000
vt 0.000000 0.000000 0.000000
vt 5.803470 -0.000000 0.000000
vt 3.039880 4.350963 0.000000
vt 0.000000 0.000000 0.000000
vt 5.838757 3.129874 0.000000
vt 0.035286 3.129874 0.000000
vt 0.000000 0.000000 0.000000
vt -0.035287 3.129875 0.000000
vt -5.874043 -0.000000 0.000000
vt 0.000000 0.000000 0.000000
vt 6.038637 3.753122 0.000000
vt 0.164594 3.753122 0.000000
vt 0.000000 0.000000 0.000000
vt 8.918477 -17.141087 0.000000
vt -9.055273 18.875975 0.000000
vt 0.000000 0.000000 0.000000
vt 10.680191 -11.784536 0.000000
vt 1.462256 7.012539 0.000000
vt 0.000000 0.000000 0.000000
vt 9.833290 -6.497892 0.000000
vt -0.786053 5.341505 0.000000
vt 0.000000 0.000000 0.000000
vt 5.911451 -3.562182 0.000000
vt 5.098795 1.775341 0.000000
vt 0.000000 0.000000 0.000000
vt -6.552499 -2.765706 0.000000
vt 0.349268 -2.765706 0.000000
vt 0.000000 0.000000 0.000000
vt -6.203231 0.000000 0.000000
vt -6.552498 -2.765706 0.000000
vt 0.000000 0.000000 0.000000
vt -6.038637 -3.753122 0.000000
vt 0.164594 -3.753122 0.000000
vt 0.000000 0.000000 0.000000
vt -5.874043 0.000000 0.000000
vt -6.038637 -3.753122 0.000000
vt 0.000000 0.000000 0.000000
vt -5.838757 -3.129875 0.000000
vt 0.035287 -3.129875 0.000000
vt 0.000000 0.000000 0.000000
vt -5.803470 -0.000000 0.000000
vt -5.838756 -3.129875 0.000000
vt 0.000000 0.000000 0.000000
vt 5.838756 3.129875 0.000000
vt 0.035287 3.129875 0.000000
vt 0.000000 0.000000 0.000000
vt 6.690769 -1.693510 0.000000
vt 11.785911 0.092289 0.000000
vt 0.000000 0.000000 0.000000
vt -6.552498 -2.765707 0.000000
vt 0.349268 -2.765707 0.000000
vt 0.000000 0.000000 0.000000
vt -6.203231 0.000000 0.000000
vt -6.552498 -2.765707 0.000000
vt 0.000000 0.000000 0.000000
vt -6.038637 -3.753122 0.000000
vt 0.164594 -3.753122 0.000000
vt 0.000000 0.000000 0.000000
vt -5.874043 0.000000 0.000000
vt -6.038637 -3.753122 0.000000
vt 0.000000 0.000000 0.000000
vt -5.838756 -3.129875 0.000000
vt 0.035287 -3.129875 0.000000
vt 0.000000 0.000000 0.000000
vt -5.803470 -0.000000 0.000000
vt -5.838757 -3.129875 0.000000
vt 0.000000 0.000000 0.000000
vt 24.773869 4.716820 0.000000
vt -9.132412 4.270748 0.000000
vt 0.000000 0.000000 0.000000
vt 6.753402 5.617526 0.000000
vt 8.559451 10.705527 0.000000
vt 0.000000 0.000000 0.000000
vt -6.661387 -2.492043 0.000000
vt 2.122976 -2.492043 0.000000
vt 0.000000 0.000000 0.000000
vt -3.454870 0.000000 0.000000
vt -1.727436 -2.780877 0.000000
vt 0.000000 0.000000 0.000000
vt -3.363200 -3.755611 0.000000
vt 0.091670 -3.755611 0.000000
vt 0.000000 0.000000 0.000000
vt -3.271529 0.000000 0.000000
vt -3.363200 -3.755611 0.000000
vt 0.000000 0.000000 0.000000
vt -3.251877 -3.130012 0.000000
vt 0.019653 -3.130012 0.000000
vt 0.000000 0.000000 0.000000
vt -6.442826 0.000000 0.000000
vt -6.482001 -3.129828 0.000000
vt 0.000000 0.000000 0.000000
vt 13.713303 10.740186 0.000000
vt 4.580699 15.010524 0.000000
vt 0.000000 0.000000 0.000000
vt 8.575180 10.692932 0.000000
vt -5.086737 -0.112544 0.000000
vt 0.000000 0.000000 0.000000
vt -3.454870 0.000000 0.000000
vt -5.545681 -2.519091 0.000000
vt 0.000000 0.000000 0.000000
vt -3.363200 -3.755611 0.000000
vt 0.091670 -3.755611 0.000000
vt 0.000000 0.000000 0.000000
vt -6.521175 0.000000 0.000000
vt -6.703902 -3.752283 0.000000
vt 0.000000 0.000000 0.000000
vt -6.482001 -3.129828 0.000000
vt 0.039174 -3.129828 0.000000
vt 0.000000 0.000000 0.000000
vt -6.442827 0.000000 0.000000
vt -6.482000 -3.129828 0.000000
vt 0.000000 0.000000 0.000000
vt 3.207816 4.770522 0.000000
vt -1.878932 4.658473 0.000000
vt 0.000000 0.000000 0.000000
vt -5.425301 -2.768846 0.000000
vt 0.323435 -2.768846 0.000000
vt 0.000000 0.000000 0.000000
vt -6.886629 0.000000 0.000000
vt -7.274374 -2.760575 0.000000
vt 0.000000 0.000000 0.000000
vt -6.703902 -3.752282 0.000000
vt 0.182727 -3.752282 0.000000
vt 0.000000 0.000000 0.000000
vt -6.521175 0.000000 0.000000
vt -6.703902 -3.752282 0.000000
vt 0.000000 0.000000 0.000000
vt -6.482000 -3.129828 0.000000
vt 0.039174 -3.129828 0.000000
vt 0.000000 0.000000 0.000000
vt -3.232224 0.000000 0.000000
vt -3.251877 -3.130012 0.000000
vt 0.000000 0.000000 0.000000
vt 2.205250 7.337912 0.000000
vt 0.316125 11.992261 0.000000
vt 0.000000 0.000000 0.000000
vt -7.274374 -2.760574 0.000000
vt 0.387745 -2.760574 0.000000
vt 0.000000 0.000000 0.000000
vt -6.886629 -0.000000 0.000000
vt -7.274374 -2.760574 0.000000
vt 0.000000 0.000000 0.000000
vt -6.703901 -3.752283 0.000000
vt 0.182727 -3.752283 0.000000
vt 0.000000 0.000000 0.000000
vt -3.271530 0.000000 0.000000
vt -3.363200 -3.755611 0.000000
vt 0.000000 0.000000 0.000000
vt -3.251877 -3.130012 0.000000
vt 0.019653 -3.130012 0.000000
vt 0.000000 0.000000 0.000000
vt -9.847526 13.190361 0.000000
vt 8.268829 -20.437365 0.000000
vt 0.000000 0.000000 0.000000
vt -11.097688 12.234405 0.000000
vt -2.825484 -8.201595 0.000000
vt 0.000000 0.000000 0.000000
vt -7.769763 4.685089 0.000000
vt 3.248256 -7.621113 0.000000
vt 0.000000 0.000000 0.000000
vt -6.121884 4.564927 0.000000
vt -2.831360 -3.038032 0.000000
vt 0.000000 0.000000 0.000000
vt -5.545681 -2.519092 0.000000
vt 2.090811 -2.519092 0.000000
vt 0.000000 0.000000 0.000000
vt -16.198164 3.314821 0.000000
vt -19.023381 -4.886866 0.000000
vt 0.000000 0.000000 0.000000
vt -10.850803 5.333183 0.000000
vt -29.874117 0.446058 0.000000
vt 0.000000 0.000000 0.000000
vt -13.491191 -5.023140 0.000000
vt -2.640241 -10.356022 0.000000
vt 0.000000 0.000000 0.000000
vt -9.166906 2.634336 0.000000
vt -11.989351 -0.411980 0.000000
vt 0.000000 0.000000 0.000000
vt -4.201310 3.765595 0.000000
vt -16.190592 3.351608 0.000000
vt 0.000000 0.000000 0.000000
vt -9.433828 -1.405269 0.000000
vt -5.211634 -5.147433 0.000000
vt 0.000000 0.000000 0.000000
vt -8.283863 0.100549 0.000000
vt -13.474310 -5.068247 0.000000
vt 0.000000 0.000000 0.000000
vt -6.666433 -3.724870 0.000000
vt 1.617436 -3.824934 0.000000
vt 0.000000 0.000000 0.000000
vt -5.110017 -5.674833 0.000000
vt -3.481735 -9.495163 0.000000
vt 0.000000 0.000000 0.000000
vt -6.886629 0.000000 0.000000
vt -9.138734 -2.375990 0.000000
vt 0.000000 0.000000 0.000000
vt -0.502270 2.742051 0.000000
vt -9.537918 0.000000 0.000000
vt 0.000000 0.000000 0.000000
vt -6.886629 0.000000 0.000000
vt -7.274374 -2.760575 0.000000
vt 0.000000 0.000000 0.000000
vt -2.157280 2.462408 0.000000
vt -9.537919 0.000000 0.000000
vt 0.000000 0.000000 0.000000
vt -3.454871 0.000000 0.000000
vt -1.727436 -2.780877 0.000000
vt 0.000000 0.000000 0.000000
vt -3.454869 0.000000 0.000000
vt -5.545680 -2.519091 0.000000
vt 0.000000 0.000000 0.000000
vt -2.090810 2.519093 0.000000
vt -7.636490 0.000000 0.000000
vt 0.000000 0.000000 0.000000
vt -3.454869 0.000000 0.000000
vt -1.727435 -2.780879 0.000000
vt 0.000000 0.000000 0.000000
vt -3.454870 -0.000000 0.000000
vt -5.545681 -2.519092 0.000000
vt 0.000000 0.000000 0.000000
vt -2.090810 2.519091 0.000000
vt -7.636492 0.000000 0.000000
vt 0.000000 0.000000 0.000000
vt -3.454870 0.000000 0.000000
vt -1.727435 -2.780877 0.000000
vt 0.000000 0.000000 0.000000
vt -6.521175 -0.000000 0.000000
vt -6.703902 -3.752282 0.000000
vt 0.000000 0.000000 0.000000
vt -0.182727 3.752283 0.000000
vt -6.886629 0.000000 0.000000
vt 0.000000 0.000000 0.000000
vt -6.521174 0.000000 0.000000
vt -6.703901 -3.752283 0.000000
vt 0.000000 0.000000 0.000000
vt -0.182727 3.752283 0.000000
vt -6.886629 -0.000000 0.000000
vt 0.000000 0.000000 0.000000
vt -3.271530 0.000000 0.000000
vt -3.363200 -3.755611 0.000000
vt 0.000000 0.000000 0.000000
vt -0.091670 3.755610 0.000000
vt -3.454871 -0.000000 0.000000
vt 0.000000 0.000000 0.000000
vt -3.271530 0.000000 0.000000
vt -3.363199 -3.755610 0.000000
vt 0.000000 0.000000 0.000000
vt -0.091670 3.755610 0.000000
vt -3.454869 0.000000 0.000000
vt 0.000000 0.000000 0.000000
vt -3.271530 0.000000 0.000000
vt -3.363200 -3.755610 0.000000
vt 0.000000 0.000000 0.000000
vt -0.091670 3.755610 0.000000
vt -3.454869 -0.000000 0.000000
vt 0.000000 0.000000 0.000000
vt -3.271530 0.000000 0.000000
vt -3.363200 -3.755610 0.000000
vt 0.000000 0.000000 0.000000
vt -0.091670 3.755611 0.000000
vt -3.454870 0.000000 0.000000
vt 0.000000 0.000000 0.000000
vt -3.271530 -0.000000 0.000000
vt -3.363200 -3.755611 0.000000
vt 0.000000 0.000000 0.000000
vt -0.091670 3.755611 0.000000
vt -3.454870 0.000000 0.000000
vt 0.000000 0.000000 0.000000
vt -3.271529 -0.000000 0.000000
vt -3.363200 -3.755611 0.000000
vt 0.000000 0.000000 0.000000
vt -5.423564 12.066741 0.000000
vt -3.022989 -6.395877 0.000000
vt 0.000000 0.000000 0.000000
vt 0.554930 7.129317 0.000000
vt -2.304729 0.658764 0.000000
vt 0.000000 0.000000 0.000000
vt -2.038661 1.260796 0.000000
vt -2.593591 -5.868521 0.000000
vt 0.000000 0.000000 0.000000
vt 6.223001 2.289914 0.000000
vt -0.193093 2.289914 0.000000
vt 0.000000 0.000000 0.000000
vt 0.193094 2.289915 0.000000
vt -6.029907 0.000000 0.000000
vt 0.000000 0.000000 0.000000
vt 5.933860 3.675629 0.000000
vt -0.096047 3.675629 0.000000
vt 0.000000 0.000000 0.000000
vt 0.096046 3.675629 0.000000
vt -5.837814 0.000000 0.000000
vt 0.000000 0.000000 0.000000
vt 2.780763 6.283232 0.000000
vt -3.057051 6.283232 0.000000
vt 0.000000 0.000000 0.000000
vt -6.055679 6.313368 0.000000
vt -8.767325 0.000000 0.000000
vt 0.000000 0.000000 0.000000
vt -9.655486 -22.642145 0.000000
vt -2.083585 -25.458230 0.000000
vt 0.000000 0.000000 0.000000
vt -2.411713 18.461167 0.000000
vt -4.483313 -6.998041 0.000000
vt 0.000000 0.000000 0.000000
vt -4.467299 -7.008275 0.000000
vt 0.640966 -7.008275 0.000000
vt 0.000000 0.000000 0.000000
vt -2.306803 0.651464 0.000000
vt -1.599013 -6.350378 0.000000
vt 0.000000 0.000000 0.000000
vt -6.523385 0.574091 0.000000
vt -6.281556 -1.206681 0.000000
vt 0.000000 0.000000 0.000000
vt 0.237607 2.285724 0.000000
vt -6.089378 1.345894 0.000000
vt 0.000000 0.000000 0.000000
vt -6.121037 1.193676 0.000000
vt -5.982726 -1.047453 0.000000
vt 0.000000 0.000000 0.000000
vt 5.941424 4.486314 0.000000
vt -0.052575 3.505425 0.000000
vt 0.000000 0.000000 0.000000
vt 0.086056 3.675877 0.000000
vt -5.827339 -0.847319 0.000000
vt 0.000000 0.000000 0.000000
vt 5.810662 6.285017 0.000000
vt -0.018561 5.450763 0.000000
vt 0.000000 0.000000 0.000000
vt -2.989812 6.315504 0.000000
vt -8.767325 0.000000 0.000000
vt 0.000000 0.000000 0.000000
vt 8.767325 0.000000 0.000000
vt 5.499071 6.317306 0.000000
vt 0.000000 0.000000 0.000000
vt 0.301894 -6.285039 0.000000
vt 5.837815 -0.000000 0.000000
vt 0.000000 0.000000 0.000000
vt 6.082506 -6.287526 0.000000
vt 5.837814 0.000000 0.000000
vt 0.000000 0.000000 0.000000
vt -5.933861 -3.675629 0.000000
vt -0.096046 -3.675629 0.000000
vt 0.000000 0.000000 0.000000
vt 0.096047 -3.675629 0.000000
vt 6.029908 0.000000 0.000000
vt 0.000000 0.000000 0.000000
vt -6.223001 -2.289915 0.000000
vt -0.193094 -2.289915 0.000000
vt 0.000000 0.000000 0.000000
vt 0.193093 -2.289915 0.000000
vt 6.416094 0.000000 0.000000
vt 0.000000 0.000000 0.000000
vt -2.547433 -6.681744 0.000000
vt 1.599158 -1.785618 0.000000
vt 0.000000 0.000000 0.000000
vt 2.024544 -1.283342 0.000000
vt 4.571977 5.398402 0.000000
vt 0.000000 0.000000 0.000000
vt -14.357393 -22.205320 0.000000
vt -9.616579 -16.954568 0.000000
vt 0.000000 0.000000 0.000000
vt 5.418549 -12.068994 0.000000
vt 19.824349 10.104952 0.000000
vt 0.000000 0.000000 0.000000
vt -5.837814 0.000000 0.000000
vt -2.504500 -6.283220 0.000000
vt 0.000000 0.000000 0.000000
vt -6.333516 6.310939 0.000000
vt -8.767324 0.000000 0.000000
vt 0.000000 0.000000 0.000000
vt -5.837814 -0.000000 0.000000
vt 0.517077 -6.289414 0.000000
vt 0.000000 0.000000 0.000000
vt -5.837815 -0.000000 0.000000
vt -5.261830 -6.284293 0.000000
vt 0.000000 0.000000 0.000000
vt -5.933861 -3.675629 0.000000
vt -0.096046 -3.675629 0.000000
vt 0.000000 0.000000 0.000000
vt -6.029907 0.000000 0.000000
vt -5.933860 -3.675629 0.000000
vt 0.000000 0.000000 0.000000
vt -6.223000 -2.289914 0.000000
vt -0.193093 -2.289914 0.000000
vt 0.000000 0.000000 0.000000
vt -3.573423 -0.000000 0.000000
vt -3.465880 -2.295523 0.000000
vt 0.000000 0.000000 0.000000
vt -5.148414 3.220078 0.000000
vt -2.957500 0.397092 0.000000
vt 0.000000 0.000000 0.000000
vt 2.908520 0.667087 0.000000
vt 1.445641 3.267947 0.000000
vt 0.000000 0.000000 0.000000
vt 3.465881 2.295523 0.000000
vt -0.107542 2.295523 0.000000
vt 0.000000 0.000000 0.000000
vt 0.107543 2.295523 0.000000
vt -3.358338 0.000000 0.000000
vt 0.000000 0.000000 0.000000
vt 3.304845 3.676495 0.000000
vt -0.053493 3.676495 0.000000
vt 0.000000 0.000000 0.000000
vt 0.053492 3.676495 0.000000
vt -3.251353 0.000000 0.000000
vt 0.000000 0.000000 0.000000
vt 1.487532 6.284476 0.000000
vt -1.763821 6.284476 0.000000
vt 0.000000 0.000000 0.000000
vt -3.251352 0.000000 0.000000
vt -4.698339 -6.293935 0.000000
vt 0.000000 0.000000 0.000000
vt -4.104673 6.320418 0.000000
vt -8.767325 0.000000 0.000000
vt 0.000000 0.000000 0.000000
vt -3.251352 0.000000 0.000000
vt 0.900028 -6.289838 0.000000
vt 0.000000 0.000000 0.000000
vt -3.251352 0.000000 0.000000
vt -2.316264 -6.284722 0.000000
vt 0.000000 0.000000 0.000000
vt -3.304845 -3.676495 0.000000
vt -0.053493 -3.676495 0.000000
vt 0.000000 0.000000 0.000000
vt -3.358338 0.000000 0.000000
vt -3.304845 -3.676495 0.000000
vt 0.000000 0.000000 0.000000
vt -3.465880 -2.295523 0.000000
vt -0.107542 -2.295523 0.000000
vt 0.000000 0.000000 0.000000
vt -7.122942 0.000000 0.000000
vt -6.908576 -2.288021 0.000000
vt 0.000000 0.000000 0.000000
vt 6.691650 4.112022 0.000000
vt -0.219249 2.386980 0.000000
vt 0.000000 0.000000 0.000000
vt 9.655259 -1.533952 0.000000
vt 9.556550 0.861043 0.000000
vt 0.000000 0.000000 0.000000
vt 27.037064 1.406511 0.000000
vt 17.366870 2.843306 0.000000
vt 0.000000 0.000000 0.000000
vt -1.480924 -6.617178 0.000000
vt 5.251090 -5.804664 0.000000
vt 0.000000 0.000000 0.000000
vt -5.249481 3.052545 0.000000
vt -0.253680 -2.973236 0.000000
vt 0.000000 0.000000 0.000000
vt -2.968758 0.301607 0.000000
vt 2.280723 -2.750938 0.000000
vt 0.000000 0.000000 0.000000
vt 3.465881 2.295523 0.000000
vt -0.107543 2.295523 0.000000
vt 0.000000 0.000000 0.000000
vt 0.107543 2.295523 0.000000
vt -3.358338 -0.000000 0.000000
vt 0.000000 0.000000 0.000000
vt 3.304845 3.676495 0.000000
vt -0.053493 3.676495 0.000000
vt 0.000000 0.000000 0.000000
vt 0.053493 3.676495 0.000000
vt -3.251352 0.000000 0.000000
vt 0.000000 0.000000 0.000000
vt 4.789275 6.294803 0.000000
vt 1.537923 6.294803 0.000000
vt 0.000000 0.000000 0.000000
vt -4.011687 6.320253 0.000000
vt -8.767325 0.000000 0.000000
vt 0.000000 0.000000 0.000000
vt -5.220412 -6.318741 0.000000
vt 3.546913 -6.318741 0.000000
vt 0.000000 0.000000 0.000000
vt -5.837814 0.000000 0.000000
vt -2.228319 -6.283202 0.000000
vt 0.000000 0.000000 0.000000
vt -5.933860 -3.675629 0.000000
vt -0.096047 -3.675629 0.000000
vt 0.000000 0.000000 0.000000
vt -3.358338 0.000000 0.000000
vt -3.304845 -3.676495 0.000000
vt 0.000000 0.000000 0.000000
vt -3.465880 -2.295523 0.000000
vt -0.107542 -2.295523 0.000000
vt 0.000000 0.000000 0.000000
vt -3.573423 0.000000 0.000000
vt -3.465880 -2.295523 0.000000
vt 0.000000 0.000000 0.000000
vt -2.958472 0.389789 0.000000
vt -1.211051 -2.727241 0.000000
vt 0.000000 0.000000 0.000000
vt -3.022724 9.297322 0.000000
vt -4.274965 6.588747 0.000000
vt 0.000000 0.000000 0.000000
vt -14.509275 15.169403 0.000000
vt -11.219408 5.963218 0.000000
vt 0.000000 0.000000 0.000000
vt 7.516896 6.295467 0.000000
vt -3.702130 12.259404 0.000000
vt 0.000000 0.000000 0.000000
vt -3.251353 0.000000 0.000000
vt -5.423782 -6.302745 0.000000
vt 0.000000 0.000000 0.000000
vt -3.361118 6.317827 0.000000
vt -8.767325 0.000000 0.000000
vt 0.000000 0.000000 0.000000
vt -3.251351 0.000000 0.000000
vt 0.167735 -6.286644 0.000000
vt 0.000000 0.000000 0.000000
vt -6.480955 -0.000000 0.000000
vt -6.267646 -6.285263 0.000000
vt 0.000000 0.000000 0.000000
vt -6.587583 -3.675338 0.000000
vt -0.106628 -3.675338 0.000000
vt 0.000000 0.000000 0.000000
vt -6.694210 0.000000 0.000000
vt -6.587582 -3.675338 0.000000
vt 0.000000 0.000000 0.000000
vt -6.908576 -2.288021 0.000000
vt -0.214366 -2.288021 0.000000
vt 0.000000 0.000000 0.000000
vt -3.573423 0.000000 0.000000
vt -3.465880 -2.295523 0.000000
vt 0.000000 0.000000 0.000000
vt -0.584293 6.044309 0.000000
vt -1.487431 2.586897 0.000000
vt 0.000000 0.000000 0.000000
vt -6.240943 -6.311778 0.000000
vt 2.526381 -6.311778 0.000000
vt 0.000000 0.000000 0.000000
vt -6.480955 -0.000000 0.000000
vt -3.885043 -6.283502 0.000000
vt 0.000000 0.000000 0.000000
vt -6.587582 -3.675338 0.000000
vt -0.106628 -3.675338 0.000000
vt 0.000000 0.000000 0.000000
vt -3.358338 0.000000 0.000000
vt -3.304845 -3.676495 0.000000
vt 0.000000 0.000000 0.000000
vt -3.465881 -2.295523 0.000000
vt -0.107543 -2.295523 0.000000
vt 0.000000 0.000000 0.000000
vt -3.825739 -6.319785 0.000000
vt 4.941586 -6.319785 0.000000
vt 0.000000 0.000000 0.000000
vt -3.251352 0.000000 0.000000
vt 1.719585 -6.296724 0.000000
vt 0.000000 0.000000 0.000000
vt -3.304845 -3.676495 0.000000
vt -0.053493 -3.676495 0.000000
vt 0.000000 0.000000 0.000000
vt -3.251353 0.000000 0.000000
vt -5.514109 -6.304184 0.000000
vt 0.000000 0.000000 0.000000
vt -3.268254 6.317306 0.000000
vt -8.767325 0.000000 0.000000
vt 0.000000 0.000000 0.000000
vt -6.480955 0.000000 0.000000
vt -3.148380 -6.283612 0.000000
vt 0.000000 0.000000 0.000000
vt -5.684726 6.316143 0.000000
vt -8.767324 0.000000 0.000000
vt 0.000000 0.000000 0.000000
vt -6.480955 -0.000000 0.000000
vt -0.760449 -6.283756 0.000000
vt 0.000000 0.000000 0.000000
vt -3.251353 0.000000 0.000000
vt -3.968599 -6.288833 0.000000
vt 0.000000 0.000000 0.000000
vt -3.304845 -3.676495 0.000000
vt -0.053492 -3.676495 0.000000
vt 0.000000 0.000000 0.000000
vt -3.358338 0.000000 0.000000
vt -3.304844 -3.676495 0.000000
vt 0.000000 0.000000 0.000000
vt -3.465881 -2.295524 0.000000
vt -0.107543 -2.295524 0.000000
vt 0.000000 0.000000 0.000000
vt -3.573423 0.000000 0.000000
vt -3.465880 -2.295524 0.000000
vt 0.000000 0.000000 0.000000
vt 2.908691 0.666336 0.000000
vt 0.184008 2.978360 0.000000
vt 0.000000 0.000000 0.000000
vt -3.918708 -6.320042 0.000000
vt 4.848617 -6.320042 0.000000
vt 0.000000 0.000000 0.000000
vt -3.251352 0.000000 0.000000
vt 1.628789 -6.295732 0.000000
vt 0.000000 0.000000 0.000000
vt -3.304844 -3.676495 0.000000
vt -0.053492 -3.676495 0.000000
vt 0.000000 0.000000 0.000000
vt -3.358338 0.000000 0.000000
vt -3.304845 -3.676495 0.000000
vt 0.000000 0.000000 0.000000
vt -3.465880 -2.295523 0.000000
vt -0.107542 -2.295523 0.000000
vt 0.000000 0.000000 0.000000
vt 8.767325 0.000000 0.000000
vt 2.341278 6.310071 0.000000
vt 0.000000 0.000000 0.000000
vt 0.843056 -6.284798 0.000000
vt 3.251353 -0.000000 0.000000
vt 0.000000 0.000000 0.000000
vt 4.060017 -6.289316 0.000000
vt 3.251352 0.000000 0.000000
vt 0.000000 0.000000 0.000000
vt -3.304845 -3.676495 0.000000
vt -0.053493 -3.676495 0.000000
vt 0.000000 0.000000 0.000000
vt 0.053493 -3.676495 0.000000
vt 3.358338 0.000000 0.000000
vt 0.000000 0.000000 0.000000
vt -3.465880 -2.295523 0.000000
vt -0.107542 -2.295523 0.000000
vt 0.000000 0.000000 0.000000
vt 0.107542 -2.295523 0.000000
vt 3.573422 -0.000000 0.000000
vt 0.000000 0.000000 0.000000
vt 2.969344 -0.295779 0.000000
vt 1.123962 2.764271 0.000000
vt 0.000000 0.000000 0.000000
vt 1.485737 6.616099 0.000000
vt -13.428647 22.462480 0.000000
vt 0.000000 0.000000 0.000000
vt 3.798789 5.827166 0.000000
vt -9.655684 28.274186 0.000000
vt 0.000000 0.000000 0.000000
vt 6.450562 -6.285008 0.000000
vt 6.471359 -0.834253 0.000000
vt 0.000000 0.000000 0.000000
vt -6.544278 -2.664726 0.000000
vt -0.073704 -3.505044 0.000000
vt 0.000000 0.000000 0.000000
vt -6.513249 -5.095519 0.000000
vt -0.047785 -2.244885 0.000000
vt 0.000000 0.000000 0.000000
vt 0.073044 -3.676159 0.000000
vt 6.804721 1.127096 0.000000
vt 0.000000 0.000000 0.000000
vt -6.737343 -3.538793 0.000000
vt -0.063723 -1.795987 0.000000
vt 0.000000 0.000000 0.000000
vt 0.148561 -2.293233 0.000000
vt 7.247658 0.448603 0.000000
vt 0.000000 0.000000 0.000000
vt 2.285836 0.721597 0.000000
vt 0.482433 7.755624 0.000000
vt 0.000000 0.000000 0.000000
vt -1.342744 3.311554 0.000000
vt -3.626484 2.583348 0.000000
vt 0.000000 0.000000 0.000000
vt 1.148691 2.754087 0.000000
vt -2.468470 5.350473 0.000000
vt 0.000000 0.000000 0.000000
vt 0.402450 7.760185 0.000000
vt -4.705814 7.760185 0.000000
vt 0.000000 0.000000 0.000000
vt 12.284158 -10.574300 0.000000
vt 7.570968 -2.818592 0.000000
vt 0.000000 0.000000 0.000000
vt -2.631014 5.272444 0.000000
vt -14.920178 15.840925 0.000000
vt 0.000000 0.000000 0.000000
vt -27.037212 -1.403666 0.000000
vt -7.212790 -11.508474 0.000000
vt 0.000000 0.000000 0.000000
vt -9.400265 -2.685527 0.000000
vt -16.604475 -14.199374 0.000000
vt 0.000000 0.000000 0.000000
vt -6.631357 -4.208564 0.000000
vt 2.695859 -1.279387 0.000000
vt 0.000000 0.000000 0.000000
vt -3.132174 -1.720128 0.000000
vt -0.415616 -2.954955 0.000000
vt 0.000000 0.000000 0.000000
vt 3.465881 2.295523 0.000000
vt -0.107543 2.295523 0.000000
vt 0.000000 0.000000 0.000000
vt 3.358338 -0.000000 0.000000
vt 3.465880 2.295523 0.000000
vt 0.000000 0.000000 0.000000
vt 3.304845 3.676495 0.000000
vt -0.053493 3.676495 0.000000
vt 0.000000 0.000000 0.000000
vt 3.251352 0.000000 0.000000
vt 3.304845 3.676495 0.000000
vt 0.000000 0.000000 0.000000
vt -22.812916 -12.394351 0.000000
vt 1.180384 -6.897375 0.000000
vt 0.000000 0.000000 0.000000
vt -16.586191 -14.220727 0.000000
vt 6.211489 -1.798372 0.000000
vt 0.000000 0.000000 0.000000
vt -2.775721 -2.250494 0.000000
vt -3.109786 -5.215775 0.000000
vt 0.000000 0.000000 0.000000
vt 3.465880 2.295523 0.000000
vt -0.107543 2.295523 0.000000
vt 0.000000 0.000000 0.000000
vt 3.358338 0.000000 0.000000
vt 3.465880 2.295523 0.000000
vt 0.000000 0.000000 0.000000
vt 3.304845 3.676495 0.000000
vt -0.053493 3.676495 0.000000
vt 0.000000 0.000000 0.000000
vt 3.251352 -0.000000 0.000000
vt 3.304845 3.676495 0.000000
vt 0.000000 0.000000 0.000000
vt -6.282126 -4.669365 0.000000
vt -0.070194 -6.466205 0.000000
vt 0.000000 0.000000 0.000000
vt -3.109785 -5.215776 0.000000
vt 2.970283 -0.286187 0.000000
vt 0.000000 0.000000 0.000000
vt -2.398087 -2.649251 0.000000
vt 0.572853 -2.928535 0.000000
vt 0.000000 0.000000 0.000000
vt 3.465880 2.295524 0.000000
vt -0.107543 2.295524 0.000000
vt 0.000000 0.000000 0.000000
vt 3.358338 0.000000 0.000000
vt 3.465880 2.295524 0.000000
vt 0.000000 0.000000 0.000000
vt 3.304845 3.676495 0.000000
vt -0.053493 3.676495 0.000000
vt 0.000000 0.000000 0.000000
vt -10.414924 -14.055616 0.000000
vt -9.234448 -20.952975 0.000000
vt 0.000000 0.000000 0.000000
vt -4.504788 -12.909513 0.000000
vt 5.886335 1.163707 0.000000
vt 0.000000 0.000000 0.000000
vt -9.234166 -20.953099 0.000000
vt 7.518025 6.294118 0.000000
vt 0.000000 0.000000 0.000000
vt 3.535107 -4.714225 0.000000
vt 17.977746 -19.947085 0.000000
vt 0.000000 0.000000 0.000000
vt 5.171702 -3.182541 0.000000
vt 1.763102 1.623949 0.000000
vt 0.000000 0.000000 0.000000
vt 5.025540 -3.988759 0.000000
vt 6.759390 -2.333614 0.000000
vt 0.000000 0.000000 0.000000
vt 6.223000 2.289914 0.000000
vt -0.193093 2.289914 0.000000
vt 0.000000 0.000000 0.000000
vt 6.029908 0.000000 0.000000
vt 6.223001 2.289914 0.000000
vt 0.000000 0.000000 0.000000
vt 5.933861 3.675629 0.000000
vt -0.096047 3.675629 0.000000
vt 0.000000 0.000000 0.000000
vt 5.837814 -0.000000 0.000000
vt 5.933861 3.675629 0.000000
vt 0.000000 0.000000 0.000000
vt 7.055641 -6.582471 0.000000
vt 28.549746 -8.807606 0.000000
vt 0.000000 0.000000 0.000000
vt -6.029907 0.000000 0.000000
vt -5.933861 -3.675629 0.000000
vt 0.000000 0.000000 0.000000
vt 0.096046 3.675629 0.000000
vt -5.837815 -0.000000 0.000000
vt 0.000000 0.000000 0.000000
vt -6.029908 0.000000 0.000000
vt -5.933861 -3.675629 0.000000
vt 0.000000 0.000000 0.000000
vt 0.096047 3.675629 0.000000
vt -5.837814 -0.000000 0.000000
vt 0.000000 0.000000 0.000000
vt -6.029907 0.000000 0.000000
vt -5.933861 -3.675629 0.000000
vt 0.000000 0.000000 0.000000
vt -6.416093 0.000000 0.000000
vt -6.223000 -2.289915 0.000000
vt 0.000000 0.000000 0.000000
vt 0.193093 2.289914 0.000000
vt -6.029907 -0.000000 0.000000
vt 0.000000 0.000000 0.000000
vt -6.416094 0.000000 0.000000
vt -6.223000 -2.289914 0.000000
vt 0.000000 0.000000 0.000000
vt 0.193093 2.289913 0.000000
vt -6.029908 0.000000 0.000000
vt 0.000000 0.000000 0.000000
vt -6.416094 -0.000000 0.000000
vt -6.223001 -2.289913 0.000000
vt 0.000000 0.000000 0.000000
vt 0.193093 2.289914 0.000000
vt -6.029907 0.000000 0.000000
vt 0.000000 0.000000 0.000000
vt -6.416094 0.000000 0.000000
vt -6.223001 -2.289914 0.000000
vt 0.000000 0.000000 0.000000
vt -5.954584 -3.819508 0.000000
vt -4.395640 -5.640342 0.000000
vt 0.000000 0.000000 0.000000
vt -1.004919 2.176209 0.000000
vt -5.400559 -3.464133 0.000000
vt 0.000000 0.000000 0.000000
vt -6.833050 -1.831705 0.000000
vt -5.900400 -4.039851 0.000000
vt 0.000000 0.000000 0.000000
vt -0.296891 2.378572 0.000000
vt -6.197291 -1.661279 0.000000
vt 0.000000 0.000000 0.000000
vt -7.064542 0.371415 0.000000
vt -6.860550 -2.016918 0.000000
vt 0.000000 0.000000 0.000000
vt 0.453305 2.353774 0.000000
vt -6.407245 0.336856 0.000000
vt 0.000000 0.000000 0.000000
vt -6.606521 2.529740 0.000000
vt -7.148230 0.194726 0.000000
vt 0.000000 0.000000 0.000000
vt 1.156391 2.099644 0.000000
vt -5.991839 2.294370 0.000000
vt 0.000000 0.000000 0.000000
vt -5.541093 4.397954 0.000000
vt -6.759390 2.333614 0.000000
vt 0.000000 0.000000 0.000000
vt 3.584964 13.295746 0.000000
vt -6.066632 -3.638913 0.000000
vt 0.000000 0.000000 0.000000
vt -7.054139 6.584080 0.000000
vt -10.653032 -6.707902 0.000000
vt 0.000000 0.000000 0.000000
vt 3.778391 5.004885 0.000000
vt -6.860762 -1.725007 0.000000
vt 0.000000 0.000000 0.000000
vt -3.278239 5.345865 0.000000
vt -7.065741 0.347871 0.000000
vt 0.000000 0.000000 0.000000
vt -21.493561 2.230383 0.000000
vt -18.217207 -3.116638 0.000000
vt 0.000000 0.000000 0.000000
vt 11.557943 5.496531 0.000000
vt -6.660138 2.385009 0.000000
vt 0.000000 0.000000 0.000000
vt 5.877908 9.709994 0.000000
vt -5.681054 4.215605 0.000000
vt 0.000000 0.000000 0.000000
vt -12.187708 29.572056 0.000000
vt -18.069231 19.864251 0.000000
vt 0.000000 0.000000 0.000000
vt 6.694210 0.000000 0.000000
vt 6.908576 2.288020 0.000000
vt 0.000000 0.000000 0.000000
vt 0.214366 -2.288021 0.000000
vt 7.122942 0.000000 0.000000
vt 0.000000 0.000000 0.000000
vt 3.358338 0.000000 0.000000
vt 3.465880 2.295524 0.000000
vt 0.000000 0.000000 0.000000
vt -4.320803 6.558778 0.000000
vt -2.378888 -0.294343 0.000000
vt 0.000000 0.000000 0.000000
vt 0.240053 7.849991 0.000000
vt -2.139028 7.557213 0.000000
vt 0.000000 0.000000 0.000000
vt -3.711138 12.256680 0.000000
vt -3.967221 4.407196 0.000000
vt 0.000000 0.000000 0.000000
vt 2.356745 -0.437599 0.000000
vt 0.217716 7.119614 0.000000
vt 0.000000 0.000000 0.000000
vt 6.908576 2.288020 0.000000
vt -0.214366 2.288020 0.000000
vt 0.000000 0.000000 0.000000
vt -3.304844 -3.676495 0.000000
vt -0.053493 -3.676495 0.000000
vt 0.000000 0.000000 0.000000
vt -6.694210 0.000000 0.000000
vt -6.587583 -3.675338 0.000000
vt 0.000000 0.000000 0.000000
vt 0.053494 -3.676495 0.000000
vt 3.358338 0.000000 0.000000
vt 0.000000 0.000000 0.000000
vt 5.886571 1.162512 0.000000
vt 1.920457 5.570704 0.000000
vt 0.000000 0.000000 0.000000
vt 0.545597 -6.047925 0.000000
vt 2.356195 -0.440551 0.000000
vt 0.000000 0.000000 0.000000
vt 0.107542 -2.295523 0.000000
vt 3.573423 0.000000 0.000000
vt 0.000000 0.000000 0.000000
vt 1.280865 5.935861 0.000000
vt -0.630598 2.916646 0.000000
vt 0.000000 0.000000 0.000000
vt -2.906097 -0.677565 0.000000
vt -4.186963 -6.613426 0.000000
vt 0.000000 0.000000 0.000000
vt 4.498299 12.911776 0.000000
vt 0.057090 6.466334 0.000000
vt 0.000000 0.000000 0.000000
vt 6.480955 -0.000000 0.000000
vt 6.587582 3.675337 0.000000
vt 0.000000 0.000000 0.000000
vt 0.106628 -3.675337 0.000000
vt 6.694210 -0.000000 0.000000
vt 0.000000 0.000000 0.000000
vt 3.251353 0.000000 0.000000
vt 3.304845 3.676495 0.000000
vt 0.000000 0.000000 0.000000
vt -6.908576 -2.288021 0.000000
vt -0.214366 -2.288021 0.000000
vt 0.000000 0.000000 0.000000
vt -7.122941 0.000000 0.000000
vt -6.908576 -2.288021 0.000000
vt 0.000000 0.000000 0.000000
vt 9.553506 0.894177 0.000000
vt 2.472946 1.670037 0.000000
vt 0.000000 0.000000 0.000000
vt -6.694210 -0.000000 0.000000
vt -6.587583 -3.675337 0.000000
vt 0.000000 0.000000 0.000000
vt 0.106628 3.675337 0.000000
vt -6.480955 0.000000 0.000000
vt 0.000000 0.000000 0.000000
vt -3.358337 0.000000 0.000000
vt -3.304845 -3.676495 0.000000
vt 0.000000 0.000000 0.000000
vt -6.908576 -2.288021 0.000000
vt -0.214365 -2.288021 0.000000
vt 0.000000 0.000000 0.000000
vt -3.573423 0.000000 0.000000
vt -3.465880 -2.295523 0.000000
vt 0.000000 0.000000 0.000000
vt 2.522720 1.593854 0.000000
vt -0.814820 2.870637 0.000000
vt 0.000000 0.000000 0.000000
vt 6.689594 -4.064162 0.000000
vt 5.958496 -1.171070 0.000000
vt 0.000000 0.000000 0.000000
vt 17.367745 2.837956 0.000000
vt 10.526819 6.641876 0.000000
vt 0.000000 0.000000 0.000000
vt -3.794653 -5.829861 0.000000
vt 6.732052 0.812198 0.000000
vt 0.000000 0.000000 0.000000
vt 0.107543 2.295523 0.000000
vt -3.358337 0.000000 0.000000
vt 0.000000 0.000000 0.000000
vt 1.671725 -6.284467 0.000000
vt 3.251352 0.000000 0.000000
vt 0.000000 0.000000 0.000000
vt -3.304845 -3.676495 0.000000
vt -0.053493 -3.676495 0.000000
vt 0.000000 0.000000 0.000000
vt 0.107543 -2.295523 0.000000
vt 3.573423 0.000000 0.000000
vt 0.000000 0.000000 0.000000
vt 5.958496 -1.171070 0.000000
vt 2.904509 0.684334 0.000000
vt 0.000000 0.000000 0.000000
vt -3.358338 0.000000 0.000000
vt -3.304846 -3.676495 0.000000
vt 0.000000 0.000000 0.000000
vt 0.053493 3.676495 0.000000
vt -3.251353 0.000000 0.000000
vt 0.000000 0.000000 0.000000
vt -3.573424 -0.000000 0.000000
vt -3.465881 -2.295523 0.000000
vt 0.000000 0.000000 0.000000
vt 0.107543 2.295523 0.000000
vt -3.358338 0.000000 0.000000
vt 0.000000 0.000000 0.000000
vt 3.251353 -0.000000 0.000000
vt 3.304845 3.676495 0.000000
vt 0.000000 0.000000 0.000000
vt -1.164391 -7.631443 0.000000
vt 0.225067 -4.815375 0.000000
vt 0.000000 0.000000 0.000000
vt -5.807127 -13.824680 0.000000
vt -5.582060 -18.640056 0.000000
vt 0.000000 0.000000 0.000000
vt -4.073742 -4.001955 0.000000
vt -9.655802 -22.642011 0.000000
vt 0.000000 0.000000 0.000000
vt -5.427660 -5.489555 0.000000
vt -1.353918 -1.487600 0.000000
vt 0.000000 0.000000 0.000000
vt -12.824008 -7.771061 0.000000
vt -14.177926 -9.258661 0.000000
vt 0.000000 0.000000 0.000000
vt -7.617750 -1.250843 0.000000
vt -1.969733 -0.407681 0.000000
vt 0.000000 0.000000 0.000000
vt -14.942554 1.250843 0.000000
vt -16.912288 0.843163 0.000000
vt 0.000000 0.000000 0.000000
vt -11.637515 7.964258 0.000000
vt -28.549803 8.807421 0.000000
vt 0.000000 0.000000 0.000000
vt -6.898116 3.465649 0.000000
vt 4.739399 -4.498610 0.000000
vt 0.000000 0.000000 0.000000
vt -11.353552 9.794968 0.000000
vt -6.614153 5.296358 0.000000
vt 0.000000 0.000000 0.000000
vt -3.543638 6.858377 0.000000
vt -10.157791 12.154736 0.000000
vt 0.000000 0.000000 0.000000
vt -2.038422 17.413814 0.000000
vt -12.196213 29.568549 0.000000
vt 0.000000 0.000000 0.000000
vt -14.177926 -9.258661 0.000000
vt 5.648017 0.843163 0.000000
vt 0.000000 0.000000 0.000000
vt 1.389458 2.816068 0.000000
vt -2.038422 17.413814 0.000000
vt 0.000000 0.000000 0.000000
vt 0.225067 -4.815375 0.000000
vt 1.389458 2.816068 0.000000
vt 0.000000 0.000000 0.000000
vt -16.752705 -27.246902 0.000000
vt -5.582060 -18.640056 0.000000
vt 0.000000 0.000000 0.000000
vt -0.225067 4.815375 0.000000
vt -5.807127 -13.824680 0.000000
vt 0.000000 0.000000 0.000000
vt -11.170645 -8.606846 0.000000
vt -5.427660 -5.489555 0.000000
vt 0.000000 0.000000 0.000000
vt -7.081023 -4.653770 0.000000
vt 5.742985 3.117290 0.000000
vt 0.000000 0.000000 0.000000
vt -23.993311 -5.496933 0.000000
vt -7.081023 -4.653770 0.000000
vt 0.000000 0.000000 0.000000
vt -4.279284 0.918358 0.000000
vt -9.927301 1.761520 0.000000
vt 0.000000 0.000000 0.000000
vt -16.912288 -0.843163 0.000000
vt -12.633004 -1.761520 0.000000
vt 0.000000 0.000000 0.000000
vt -19.825943 10.101824 0.000000
vt -5.648017 0.843163 0.000000
vt 0.000000 0.000000 0.000000
vt -9.655802 28.274146 0.000000
vt -7.617380 10.860332 0.000000
vt 0.000000 0.000000 0.000000
vt 0.575764 -0.371843 0.000000
vt -7.041616 10.488489 0.000000
vt 0.000000 0.000000 0.000000
vt -1.389458 -2.816068 0.000000
vt 2.038422 -17.413814 0.000000
vt 0.000000 0.000000 0.000000
vt 14.753681 -9.630518 0.000000
vt 0.575763 -0.371844 0.000000
vt 0.000000 0.000000 0.000000
vn 0.036266 -0.001734 -0.093176
vn 0.036266 -0.001734 -0.093176
vn 0.036266 -0.001734 -0.093176
vn 0.039360 0.001324 -0.091919
vn 0.039360 0.001324 -0.091919
vn 0.039360 0.001324 -0.091919
vn 0.043667 -0.000703 -0.089960
vn 0.043667 -0.000703 -0.089960
vn 0.043667 -0.000703 -0.089960
vn 0.046133 0.000435 -0.088722
vn 0.046133 0.000435 -0.088722
vn 0.046133 0.000435 -0.088722
vn 0.054099 -0.001169 -0.084095
vn 0.054099 -0.001169 -0.084095
vn 0.054099 -0.001169 -0.084095
vn 0.052602 0.002656 -0.085006
vn 0.052602 0.002656 -0.085006
vn 0.052602 0.002656 -0.085006
vn 0.056485 0.000439 -0.082518
vn 0.056485 0.000439 -0.082518
vn 0.056485 0.000439 -0.082518
vn 0.051668 -0.000732 -0.085615
vn 0.051668 -0.000732 -0.085615
vn 0.051668 -0.000732 -0.085615
vn 0.046231 0.004791 -0.088542
vn 0.046231 0.004791 -0.088542
vn 0.046231 0.004791 -0.088542
vn 0.059023 0.000114 -0.080723
vn 0.059023 0.000114 -0.080723
vn 0.059023 0.000114 -0.080723
vn 0.063086 0.001413 -0.077577
vn 0.063086 0.001413 -0.077577
vn 0.063086 0.001413 -0.077577
vn 0.036853 0.035141 -0.086064
vn 0.036853 0.035141 -0.086064
vn 0.036853 0.035141 -0.086064
vn 0.035299 0.034974 -0.086780
vn 0.035299 0.034974 -0.086780
vn 0.035299 0.034974 -0.086780
vn 0.044732 0.025681 -0.085671
vn 0.044732 0.025681 -0.085671
vn 0.044732 0.025681 -0.085671
vn 0.042662 0.025652 -0.086729
vn 0.042662 0.025652 -0.086729
vn 0.042662 0.025652 -0.086729
vn 0.048402 0.054543 -0.068427
vn 0.048402 0.054543 -0.068427
vn 0.048402 0.054543 -0.068427
vn 0.032972 0.070272 -0.063045
vn 0.032972 0.070272 -0.063045
vn 0.032972 0.070272 -0.063045
vn 0.031148 0.091427 -0.025904
vn 0.031148 0.091427 -0.025904
vn 0.031148 0.091427 -0.025904
vn 0.021341 0.094585 -0.024458
vn 0.021341 0.094585 -0.024458
vn 0.021341 0.094585 -0.024458
vn 0.003634 0.091809 -0.039470
vn 0.003634 0.091809 -0.039470
vn 0.003634 0.091809 -0.039470
vn 0.037481 0.070292 -0.060450
vn 0.037481 0.070292 -0.060450
vn 0.037481 0.070292 -0.060450
vn 0.024533 0.091815 -0.031114
vn 0.024533 0.091815 -0.031114
vn 0.024533 0.091815 -0.031114
vn -0.068095 0.068884 -0.024861
vn -0.068095 0.068884 -0.024861
vn -0.068095 0.068884 -0.024861
vn -0.068755 0.068040 -0.025365
vn -0.068755 0.068040 -0.025365
vn -0.068755 0.068040 -0.025365
vn -0.067864 0.068956 -0.025289
vn -0.067864 0.068956 -0.025289
vn -0.067864 0.068956 -0.025289
vn -0.067207 0.069767 -0.024815
vn -0.067207 0.069767 -0.024815
vn -0.067207 0.069767 -0.024815
vn 0.060589 -0.071232 0.035426
vn 0.060589 -0.071232 0.035426
vn 0.060589 -0.071232 0.035426
vn 0.061396 -0.070370 0.035758
vn 0.061396 -0.070370 0.035758
vn 0.061396 -0.070370 0.035758
vn 0.060725 -0.071213 0.035231
vn 0.060725 -0.071213 0.035231
vn 0.060725 -0.071213 0.035231
vn 0.059926 -0.072045 0.034905
vn 0.059926 -0.072045 0.034905
vn 0.059926 -0.072045 0.034905
vn 0.059038 0.073084 0.034252
vn 0.059038 0.073084 0.034252
vn 0.059038 0.073084 0.034252
vn 0.057068 0.072000 0.039489
vn 0.057068 0.072000 0.039489
vn 0.057068 0.072000 0.039489
vn 0.056249 0.072337 0.040043
vn 0.056249 0.072337 0.040043
vn 0.056249 0.072337 0.040043
vn 0.056252 0.072334 0.040045
vn 0.056252 0.072334 0.040045
vn 0.056252 0.072334 0.040045
vn 0.052465 0.070632 0.047524
vn 0.052465 0.070632 0.047524
vn 0.052465 0.070632 0.047524
vn 0.057152 0.073636 0.036213
vn 0.057152 0.073636 0.036213
vn 0.057152 0.073636 0.036213
vn 0.051550 -0.071848 0.046695
vn 0.051550 -0.071848 0.046695
vn 0.051550 -0.071848 0.046695
vn 0.053394 -0.070960 0.045976
vn 0.053394 -0.070960 0.045976
vn 0.053394 -0.070960 0.045976
vn 0.054813 -0.071794 0.042908
vn 0.054813 -0.071794 0.042908
vn 0.054813 -0.071794 0.042908
vn 0.055754 -0.070616 0.043645
vn 0.055754 -0.070616 0.043645
vn 0.055754 -0.070616 0.043645
vn 0.057323 -0.072275 0.038606
vn 0.057323 -0.072275 0.038606
vn 0.057323 -0.072275 0.038606
vn 0.051986 -0.072620 0.044987
vn 0.051986 -0.072620 0.044987
vn 0.051986 -0.072620 0.044987
vn -0.057907 -0.071595 -0.038999
vn -0.057907 -0.071595 -0.038999
vn -0.057907 -0.071595 -0.038999
vn -0.059317 -0.071087 -0.037790
vn -0.059317 -0.071087 -0.037790
vn -0.059317 -0.071087 -0.037790
vn -0.060428 -0.072260 -0.033569
vn -0.060428 -0.072260 -0.033569
vn -0.060428 -0.072260 -0.033569
vn -0.059105 -0.072745 -0.034853
vn -0.059105 -0.072745 -0.034853
vn -0.059105 -0.072745 -0.034853
vn -0.061287 0.071308 -0.034045
vn -0.061287 0.071308 -0.034045
vn -0.061287 0.071308 -0.034045
vn -0.061023 0.070481 -0.036175
vn -0.061023 0.070481 -0.036175
vn -0.061023 0.070481 -0.036175
vn -0.059176 0.071357 -0.037501
vn -0.059176 0.071357 -0.037501
vn -0.059176 0.071357 -0.037501
vn -0.059499 0.072154 -0.035408
vn -0.059499 0.072154 -0.035408
vn -0.059499 0.072154 -0.035408
vn -0.057941 -0.072764 -0.036719
vn -0.057941 -0.072764 -0.036719
vn -0.057941 -0.072764 -0.036719
vn -0.060739 -0.072136 -0.033274
vn -0.060739 -0.072136 -0.033274
vn -0.060739 -0.072136 -0.033274
vn -0.060814 -0.073750 -0.029369
vn -0.060814 -0.073750 -0.029369
vn -0.060814 -0.073750 -0.029369
vn -0.061909 -0.073122 -0.028642
vn -0.061909 -0.073122 -0.028642
vn -0.061909 -0.073122 -0.028642
vn -0.061939 -0.075181 -0.022614
vn -0.061939 -0.075181 -0.022614
vn -0.061939 -0.075181 -0.022614
vn -0.059672 -0.074058 -0.030898
vn -0.059672 -0.074058 -0.030898
vn -0.059672 -0.074058 -0.030898
vn -0.059833 -0.073568 -0.031746
vn -0.059833 -0.073568 -0.031746
vn -0.059833 -0.073568 -0.031746
vn -0.074432 0.060750 -0.027736
vn -0.074432 0.060750 -0.027736
vn -0.074432 0.060750 -0.027736
vn -0.069119 0.069990 -0.017999
vn -0.069119 0.069990 -0.017999
vn -0.069119 0.069990 -0.017999
vn -0.086558 0.049226 0.009192
vn -0.086558 0.049226 0.009192
vn -0.086558 0.049226 0.009192
vn -0.083922 0.051889 0.016268
vn -0.083922 0.051889 0.016268
vn -0.083922 0.051889 0.016268
vn -0.096147 0.010176 0.025539
vn -0.096147 0.010176 0.025539
vn -0.096147 0.010176 0.025539
vn -0.090653 0.042088 0.003263
vn -0.090653 0.042088 0.003263
vn -0.090653 0.042088 0.003263
vn -0.086411 0.049591 0.008594
vn -0.086411 0.049591 0.008594
vn -0.086411 0.049591 0.008594
vn -0.076227 0.058835 -0.026979
vn -0.076227 0.058835 -0.026979
vn -0.076227 0.058835 -0.026979
vn -0.066462 0.014116 0.073373
vn -0.066462 0.014116 0.073373
vn -0.066462 0.014116 0.073373
vn -0.064992 0.007657 0.075614
vn -0.064992 0.007657 0.075614
vn -0.064992 0.007657 0.075614
vn -0.062088 -0.003333 0.078319
vn -0.062088 -0.003333 0.078319
vn -0.062088 -0.003333 0.078319
vn -0.063175 0.002463 0.077478
vn -0.063175 0.002463 0.077478
vn -0.063175 0.002463 0.077478
vn -0.059630 0.017056 0.078443
vn -0.059630 0.017056 0.078443
vn -0.059630 0.017056 0.078443
vn -0.069504 0.004838 0.071734
vn -0.069504 0.004838 0.071734
vn -0.069504 0.004838 0.071734
vn 0.095973 -0.025681 -0.011386
vn 0.095973 -0.025681 -0.011386
vn 0.095973 -0.025681 -0.011386
vn 0.099854 -0.001686 -0.005125
vn 0.099854 -0.001686 -0.005125
vn 0.099854 -0.001686 -0.005125
vn 0.098255 -0.018085 0.004357
vn 0.098255 -0.018085 0.004357
vn 0.098255 -0.018085 0.004357
vn 0.088806 -0.045171 0.008545
vn 0.088806 -0.045171 0.008545
vn 0.088806 -0.045171 0.008545
vn 0.086107 -0.047249 0.018791
vn 0.086107 -0.047249 0.018791
vn 0.086107 -0.047249 0.018791
vn 0.073610 -0.063568 0.023253
vn 0.073610 -0.063568 0.023253
vn 0.073610 -0.063568 0.023253
vn 0.070401 -0.057874 0.041163
vn 0.070401 -0.057874 0.041163
vn 0.070401 -0.057874 0.041163
vn 0.089836 -0.043314 0.007315
vn 0.089836 -0.043314 0.007315
vn 0.089836 -0.043314 0.007315
vn 0.078632 -0.061178 0.008616
vn 0.078632 -0.061178 0.008616
vn 0.078632 -0.061178 0.008616
vn 0.035394 -0.000742 -0.093524
vn 0.035394 -0.000742 -0.093524
vn 0.035394 -0.000742 -0.093524
vn 0.029752 -0.000123 -0.095471
vn 0.029752 -0.000123 -0.095471
vn 0.029752 -0.000123 -0.095471
vn 0.027913 -0.000608 -0.096023
vn 0.027913 -0.000608 -0.096023
vn 0.027913 -0.000608 -0.096023
vn 0.027499 -0.001016 -0.096139
vn 0.027499 -0.001016 -0.096139
vn 0.027499 -0.001016 -0.096139
vn 0.016462 0.000937 -0.098631
vn 0.016462 0.000937 -0.098631
vn 0.016462 0.000937 -0.098631
vn 0.015362 0.000174 -0.098813
vn 0.015362 0.000174 -0.098813
vn 0.015362 0.000174 -0.098813
vn 0.007724 0.001503 -0.099690
vn 0.007724 0.001503 -0.099690
vn 0.007724 0.001503 -0.099690
vn 0.006015 0.003264 -0.099766
vn 0.006015 0.003264 -0.099766
vn 0.006015 0.003264 -0.099766
vn 0.021215 0.000663 -0.097721
vn 0.021215 0.000663 -0.097721
vn 0.021215 0.000663 -0.097721
vn 0.015354 0.003279 -0.098760
vn 0.015354 0.003279 -0.098760
vn 0.015354 0.003279 -0.098760
vn 0.014743 -0.025628 -0.095529
vn 0.014743 -0.025628 -0.095529
vn 0.014743 -0.025628 -0.095529
vn 0.004663 -0.036445 -0.093006
vn 0.004663 -0.036445 -0.093006
vn 0.004663 -0.036445 -0.093006
vn 0.014918 -0.065740 -0.073863
vn 0.014918 -0.065740 -0.073863
vn 0.014918 -0.065740 -0.073863
vn 0.013251 -0.073396 -0.066614
vn 0.013251 -0.073396 -0.066614
vn 0.013251 -0.073396 -0.066614
vn 0.019906 -0.089156 -0.040680
vn 0.019906 -0.089156 -0.040680
vn 0.019906 -0.089156 -0.040680
vn 0.007780 -0.095757 -0.027751
vn 0.007780 -0.095757 -0.027751
vn 0.007780 -0.095757 -0.027751
vn 0.013090 -0.025718 -0.095746
vn 0.013090 -0.025718 -0.095746
vn 0.013090 -0.025718 -0.095746
vn 0.024227 -0.054404 -0.080332
vn 0.024227 -0.054404 -0.080332
vn 0.024227 -0.054404 -0.080332
vn -0.008160 -0.093542 -0.034398
vn -0.008160 -0.093542 -0.034398
vn -0.008160 -0.093542 -0.034398
vn 0.007186 -0.036671 -0.092755
vn 0.007186 -0.036671 -0.092755
vn 0.007186 -0.036671 -0.092755
vn 0.066588 -0.068782 0.028898
vn 0.066588 -0.068782 0.028898
vn 0.066588 -0.068782 0.028898
vn 0.067309 -0.070526 0.022260
vn 0.067309 -0.070526 0.022260
vn 0.067309 -0.070526 0.022260
vn 0.068215 -0.069554 0.022560
vn 0.068215 -0.069554 0.022560
vn 0.068215 -0.069554 0.022560
vn 0.068769 -0.071217 0.014105
vn 0.068769 -0.071217 0.014105
vn 0.068769 -0.071217 0.014105
vn -0.071193 -0.070194 -0.002083
vn -0.071193 -0.070194 -0.002083
vn -0.071193 -0.070194 -0.002083
vn -0.072044 -0.069323 -0.002006
vn -0.072044 -0.069323 -0.002006
vn -0.072044 -0.069323 -0.002006
vn -0.071210 -0.070182 -0.001883
vn -0.071210 -0.070182 -0.001883
vn -0.071210 -0.070182 -0.001883
vn -0.070370 -0.071023 -0.001961
vn -0.070370 -0.071023 -0.001961
vn -0.070370 -0.071023 -0.001961
vn -0.068856 0.072495 -0.001820
vn -0.068856 0.072495 -0.001820
vn -0.068856 0.072495 -0.001820
vn -0.068965 0.072016 -0.007591
vn -0.068965 0.072016 -0.007591
vn -0.068965 0.072016 -0.007591
vn -0.068881 0.071735 -0.010463
vn -0.068881 0.071735 -0.010463
vn -0.068881 0.071735 -0.010463
vn -0.068568 0.070880 -0.016569
vn -0.068568 0.070880 -0.016569
vn -0.068568 0.070880 -0.016569
vn -0.070634 0.070045 -0.010228
vn -0.070634 0.070045 -0.010228
vn -0.070634 0.070045 -0.010228
vn -0.066669 0.073510 -0.012308
vn -0.066669 0.073510 -0.012308
vn -0.066669 0.073510 -0.012308
vn -0.066867 -0.072579 -0.016158
vn -0.066867 -0.072579 -0.016158
vn -0.066867 -0.072579 -0.016158
vn -0.068225 -0.071684 -0.014377
vn -0.068225 -0.071684 -0.014377
vn -0.068225 -0.071684 -0.014377
vn -0.067817 -0.072469 -0.012212
vn -0.067817 -0.072469 -0.012212
vn -0.067817 -0.072469 -0.012212
vn -0.066479 -0.073325 -0.014283
vn -0.066479 -0.073325 -0.014283
vn -0.066479 -0.073325 -0.014283
vn -0.070127 0.070162 -0.012628
vn -0.070127 0.070162 -0.012628
vn -0.070127 0.070162 -0.012628
vn -0.070359 0.069268 -0.015862
vn -0.070359 0.069268 -0.015862
vn -0.070359 0.069268 -0.015862
vn -0.068868 0.070104 -0.018510
vn -0.068868 0.070104 -0.018510
vn -0.068868 0.070104 -0.018510
vn -0.068771 0.070969 -0.015297
vn -0.068771 0.070969 -0.015297
vn -0.068771 0.070969 -0.015297
vn 0.067213 0.071805 0.018065
vn 0.067213 0.071805 0.018065
vn 0.067213 0.071805 0.018065
vn 0.064461 0.073266 0.021838
vn 0.064461 0.073266 0.021838
vn 0.064461 0.073266 0.021838
vn 0.063853 0.073441 0.023006
vn 0.063853 0.073441 0.023006
vn 0.063853 0.073441 0.023006
vn 0.063205 0.074011 0.022966
vn 0.063205 0.074011 0.022966
vn 0.063205 0.074011 0.022966
vn 0.062389 0.073311 0.027076
vn 0.062389 0.073311 0.027076
vn 0.062389 0.073311 0.027076
vn 0.065273 0.072371 0.022402
vn 0.065273 0.072371 0.022402
vn 0.065273 0.072371 0.022402
vn 0.070120 -0.069816 0.014450
vn 0.070120 -0.069816 0.014450
vn 0.070120 -0.069816 0.014450
vn 0.075453 -0.063746 0.015598
vn 0.075453 -0.063746 0.015598
vn 0.075453 -0.063746 0.015598
vn 0.080077 -0.057586 0.016478
vn 0.080077 -0.057586 0.016478
vn 0.080077 -0.057586 0.016478
vn 0.075483 -0.063739 0.015482
vn 0.075483 -0.063739 0.015482
vn 0.075483 -0.063739 0.015482
vn 0.074902 0.064487 0.015204
vn 0.074902 0.064487 0.015204
vn 0.074902 0.064487 0.015204
vn 0.073319 0.067669 -0.006733
vn 0.073319 0.067669 -0.006733
vn 0.073319 0.067669 -0.006733
vn 0.084883 0.046325 -0.025473
vn 0.084883 0.046325 -0.025473
vn 0.084883 0.046325 -0.025473
vn 0.081619 0.042589 -0.039046
vn 0.081619 0.042589 -0.039046
vn 0.081619 0.042589 -0.039046
vn 0.090019 0.004473 -0.043320
vn 0.090019 0.004473 -0.043320
vn 0.090019 0.004473 -0.043320
vn 0.088988 0.039039 -0.023603
vn 0.088988 0.039039 -0.023603
vn 0.088988 0.039039 -0.023603
vn 0.084522 0.047991 -0.023512
vn 0.084522 0.047991 -0.023512
vn 0.084522 0.047991 -0.023512
vn 0.082811 0.056053 -0.000596
vn 0.082811 0.056053 -0.000596
vn 0.082811 0.056053 -0.000596
vn 0.082953 0.055846 -0.000283
vn 0.082953 0.055846 -0.000283
vn 0.082953 0.055846 -0.000283
vn -0.026904 -0.005995 0.096126
vn -0.026904 -0.005995 0.096126
vn -0.026904 -0.005995 0.096126
vn -0.027174 -0.005118 0.096101
vn -0.027174 -0.005118 0.096101
vn -0.027174 -0.005118 0.096101
vn -0.026948 -0.004153 0.096211
vn -0.026948 -0.004153 0.096211
vn -0.026948 -0.004153 0.096211
vn -0.026683 -0.005185 0.096235
vn -0.026683 -0.005185 0.096235
vn -0.026683 -0.005185 0.096235
vn -0.088857 -0.002570 0.045802
vn -0.088857 -0.002570 0.045802
vn -0.088857 -0.002570 0.045802
vn -0.081227 -0.028847 0.050695
vn -0.081227 -0.028847 0.050695
vn -0.081227 -0.028847 0.050695
vn -0.083574 -0.043233 0.033856
vn -0.083574 -0.043233 0.033856
vn -0.083574 -0.043233 0.033856
vn -0.074364 -0.059607 0.030282
vn -0.074364 -0.059607 0.030282
vn -0.074364 -0.059607 0.030282
vn -0.077466 -0.063198 -0.002267
vn -0.077466 -0.063198 -0.002267
vn -0.077466 -0.063198 -0.002267
vn -0.083579 -0.044401 0.032297
vn -0.083579 -0.044401 0.032297
vn -0.083579 -0.044401 0.032297
vn -0.083370 -0.044342 0.032913
vn -0.083370 -0.044342 0.032913
vn -0.083370 -0.044342 0.032913
vn -0.089442 -0.004853 0.044459
vn -0.089442 -0.004853 0.044459
vn -0.089442 -0.004853 0.044459
vn 0.000158 0.099994 -0.001039
vn 0.000158 0.099994 -0.001039
vn 0.000158 0.099994 -0.001039
vn -0.001013 0.099989 -0.001107
vn -0.001013 0.099989 -0.001107
vn -0.001013 0.099989 -0.001107
vn -0.000802 0.099938 -0.003414
vn -0.000802 0.099938 -0.003414
vn -0.000802 0.099938 -0.003414
vn -0.007135 0.097565 -0.020738
vn -0.007135 0.097565 -0.020738
vn -0.007135 0.097565 -0.020738
vn -0.009420 0.097033 -0.022267
vn -0.009420 0.097033 -0.022267
vn -0.009420 0.097033 -0.022267
vn -0.021274 0.090534 -0.036756
vn -0.021274 0.090534 -0.036756
vn -0.021274 0.090534 -0.036756
vn -0.031857 0.070113 -0.063791
vn -0.031857 0.070113 -0.063791
vn -0.031857 0.070113 -0.063791
vn -0.034263 0.065606 -0.067245
vn -0.034263 0.065606 -0.067245
vn -0.034263 0.065606 -0.067245
vn -0.041070 0.042617 -0.080604
vn -0.041070 0.042617 -0.080604
vn -0.041070 0.042617 -0.080604
vn -0.045006 0.034266 -0.082464
vn -0.045006 0.034266 -0.082464
vn -0.045006 0.034266 -0.082464
vn 0.000036 0.100000 -0.000267
vn 0.000036 0.100000 -0.000267
vn 0.000036 0.100000 -0.000267
vn 0.005467 0.097033 -0.023551
vn 0.005467 0.097033 -0.023551
vn 0.005467 0.097033 -0.023551
vn 0.006417 0.097565 -0.020971
vn 0.006417 0.097565 -0.020971
vn 0.006417 0.097565 -0.020971
vn 0.022471 0.087776 -0.042313
vn 0.022471 0.087776 -0.042313
vn 0.022471 0.087776 -0.042313
vn 0.001358 0.099938 -0.003234
vn 0.001358 0.099938 -0.003234
vn 0.001358 0.099938 -0.003234
vn -0.000168 0.099989 -0.001491
vn -0.000168 0.099989 -0.001491
vn -0.000168 0.099989 -0.001491
vn 0.000739 0.099994 -0.000747
vn 0.000739 0.099994 -0.000747
vn 0.000739 0.099994 -0.000747
vn 0.000186 0.100000 -0.000195
vn 0.000186 0.100000 -0.000195
vn 0.000186 0.100000 -0.000195
vn 0.018266 0.097033 -0.015840
vn 0.018266 0.097033 -0.015840
vn 0.018266 0.097033 -0.015840
vn 0.017518 0.097565 -0.013194
vn 0.017518 0.097565 -0.013194
vn 0.017518 0.097565 -0.013194
vn 0.043051 0.087776 -0.021024
vn 0.043051 0.087776 -0.021024
vn 0.043051 0.087776 -0.021024
vn 0.003000 0.099938 -0.001818
vn 0.003000 0.099938 -0.001818
vn 0.003000 0.099938 -0.001818
vn 0.000740 0.099989 -0.001305
vn 0.000740 0.099989 -0.001305
vn 0.000740 0.099989 -0.001305
vn 0.001037 0.099994 -0.000170
vn 0.001037 0.099994 -0.000170
vn 0.001037 0.099994 -0.000170
vn 0.000265 0.100000 -0.000048
vn 0.000265 0.100000 -0.000048
vn 0.000265 0.100000 -0.000048
vn 0.024088 0.097033 -0.002078
vn 0.024088 0.097033 -0.002078
vn 0.024088 0.097033 -0.002078
vn 0.021928 0.097565 -0.000377
vn 0.021928 0.097565 -0.000377
vn 0.021928 0.097565 -0.000377
vn 0.047186 0.087776 0.008296
vn 0.047186 0.087776 0.008296
vn 0.047186 0.087776 0.008296
vn 0.003495 0.099938 0.000293
vn 0.003495 0.099938 0.000293
vn 0.003495 0.099938 0.000293
vn 0.001366 0.099989 -0.000621
vn 0.001366 0.099989 -0.000621
vn 0.001366 0.099989 -0.000621
vn 0.000939 0.099994 0.000472
vn 0.000939 0.099994 0.000472
vn 0.000939 0.099994 0.000472
vn 0.000243 0.100000 0.000117
vn 0.000243 0.100000 0.000117
vn 0.000243 0.100000 0.000117
vn 0.020709 0.097033 0.012477
vn 0.020709 0.097033 0.012477
vn 0.020709 0.097033 0.012477
vn 0.017962 0.097565 0.012584
vn 0.017962 0.097565 0.012584
vn 0.017962 0.097565 0.012584
vn 0.033298 0.087776 0.034447
vn 0.033298 0.087776 0.034447
vn 0.033298 0.087776 0.034447
vn 0.002656 0.099938 0.002291
vn 0.002656 0.099938 0.002291
vn 0.002656 0.099938 0.002291
vn 0.001470 0.099989 0.000301
vn 0.001470 0.099989 0.000301
vn 0.001470 0.099989 0.000301
vn 0.000482 0.099994 0.000933
vn 0.000482 0.099994 0.000933
vn 0.000482 0.099994 0.000933
vn 0.000127 0.100000 0.000237
vn 0.000127 0.100000 0.000237
vn 0.000127 0.100000 0.000237
vn 0.009420 0.097033 0.022267
vn 0.009420 0.097033 0.022267
vn 0.009420 0.097033 0.022267
vn 0.007135 0.097565 0.020738
vn 0.007135 0.097565 0.020738
vn 0.007135 0.097565 0.020738
vn 0.006691 0.087776 0.047441
vn 0.006691 0.087776 0.047441
vn 0.006691 0.087776 0.047441
vn 0.000802 0.099938 0.003414
vn 0.000802 0.099938 0.003414
vn 0.000802 0.099938 0.003414
vn 0.001013 0.099989 0.001107
vn 0.001013 0.099989 0.001107
vn 0.001013 0.099989 0.001107
vn -0.000158 0.099994 0.001039
vn -0.000158 0.099994 0.001039
vn -0.000158 0.099994 0.001039
vn -0.000036 0.100000 0.000267
vn -0.000036 0.100000 0.000267
vn -0.000036 0.100000 0.000267
vn -0.005467 0.097033 0.023551
vn -0.005467 0.097033 0.023551
vn -0.005467 0.097033 0.023551
vn -0.006417 0.097565 0.020971
vn -0.006417 0.097565 0.020971
vn -0.006417 0.097565 0.020971
vn -0.022471 0.087776 0.042313
vn -0.022471 0.087776 0.042313
vn -0.022471 0.087776 0.042313
vn -0.001358 0.099938 0.003234
vn -0.001358 0.099938 0.003234
vn -0.001358 0.099938 0.003234
vn 0.000168 0.099989 0.001491
vn 0.000168 0.099989 0.001491
vn 0.000168 0.099989 0.001491
vn -0.000739 0.099994 0.000747
vn -0.000739 0.099994 0.000747
vn -0.000739 0.099994 0.000747
vn -0.000186 0.100000 0.000195
vn -0.000186 0.100000 0.000195
vn -0.000186 0.100000 0.000195
vn -0.018266 0.097033 0.015840
vn -0.018266 0.097033 0.015840
vn -0.018266 0.097033 0.015840
vn -0.017518 0.097565 0.013194
vn -0.017518 0.097565 0.013194
vn -0.017518 0.097565 0.013194
vn -0.043051 0.087776 0.021024
vn -0.043051 0.087776 0.021024
vn -0.043051 0.087776 0.021024
vn -0.003000 0.099938 0.001818
vn -0.003000 0.099938 0.001818
vn -0.003000 0.099938 0.001818
vn -0.000740 0.099989 0.001305
vn -0.000740 0.099989 0.001305
vn -0.000740 0.099989 0.001305
vn -0.001010 0.099995 0.000272
vn -0.001010 0.099995 0.000272
vn -0.001010 0.099995 0.000272
vn -0.000275 0.100000 0.000038
vn -0.000275 0.100000 0.000038
vn -0.000275 0.100000 0.000038
vn -0.024736 0.096864 0.002326
vn -0.024736 0.096864 0.002326
vn -0.024736 0.096864 0.002326
vn -0.026759 0.096345 -0.001233
vn -0.026759 0.096345 -0.001233
vn -0.026759 0.096345 -0.001233
vn -0.047186 0.087776 -0.008296
vn -0.047186 0.087776 -0.008296
vn -0.047186 0.087776 -0.008296
vn -0.004796 0.099881 -0.000851
vn -0.004796 0.099881 -0.000851
vn -0.004796 0.099881 -0.000851
vn -0.001366 0.099989 0.000621
vn -0.001366 0.099989 0.000621
vn -0.001366 0.099989 0.000621
vn -0.000977 0.099995 -0.000374
vn -0.000977 0.099995 -0.000374
vn -0.000977 0.099995 -0.000374
vn -0.000154 0.100000 -0.000100
vn -0.000154 0.100000 -0.000100
vn -0.000154 0.100000 -0.000100
vn -0.015280 0.098212 -0.011000
vn -0.015280 0.098212 -0.011000
vn -0.015280 0.098212 -0.011000
vn -0.011535 0.099263 -0.003709
vn -0.011535 0.099263 -0.003709
vn -0.011535 0.099263 -0.003709
vn -0.033298 0.087776 -0.034447
vn -0.033298 0.087776 -0.034447
vn -0.033298 0.087776 -0.034447
vn -0.003424 0.099880 -0.003508
vn -0.003424 0.099880 -0.003508
vn -0.003424 0.099880 -0.003508
vn -0.000027 0.100000 -0.000040
vn -0.000027 0.100000 -0.000040
vn -0.000027 0.100000 -0.000040
vn -0.000127 0.100000 -0.000237
vn -0.000127 0.100000 -0.000237
vn -0.000127 0.100000 -0.000237
vn 0.023032 0.070504 -0.067072
vn 0.023032 0.070504 -0.067072
vn 0.023032 0.070504 -0.067072
vn 0.039730 0.032379 -0.085867
vn 0.039730 0.032379 -0.085867
vn 0.039730 0.032379 -0.085867
vn 0.027036 0.021822 -0.093770
vn 0.027036 0.021822 -0.093770
vn 0.027036 0.021822 -0.093770
vn 0.014152 0.042617 -0.089351
vn 0.014152 0.042617 -0.089351
vn 0.014152 0.042617 -0.089351
vn 0.012061 0.034266 -0.093169
vn 0.012061 0.034266 -0.093169
vn 0.012061 0.034266 -0.093169
vn -0.002271 0.021329 -0.097673
vn -0.002271 0.021329 -0.097673
vn -0.002271 0.021329 -0.097673
vn -0.019838 0.051160 -0.083601
vn -0.019838 0.051160 -0.083601
vn -0.019838 0.051160 -0.083601
vn 0.011806 0.065606 -0.074542
vn 0.011806 0.065606 -0.074542
vn 0.011806 0.065606 -0.074542
vn 0.011723 0.070113 -0.070333
vn 0.011723 0.070113 -0.070333
vn 0.011723 0.070113 -0.070333
vn 0.004394 0.090534 -0.042241
vn 0.004394 0.090534 -0.042241
vn 0.004394 0.090534 -0.042241
vn -0.006691 0.087776 -0.047441
vn -0.006691 0.087776 -0.047441
vn -0.006691 0.087776 -0.047441
vn -0.020791 0.070504 -0.067800
vn -0.020791 0.070504 -0.067800
vn -0.020791 0.070504 -0.067800
vn -0.018329 0.032379 -0.092820
vn -0.018329 0.032379 -0.092820
vn -0.018329 0.032379 -0.092820
vn -0.033244 0.021821 -0.091753
vn -0.033244 0.021821 -0.091753
vn -0.033244 0.021821 -0.091753
vn -0.059248 0.021329 -0.077684
vn -0.059248 0.021329 -0.077684
vn -0.059248 0.021329 -0.077684
vn -0.065189 0.051160 -0.055974
vn -0.065189 0.051160 -0.055974
vn -0.065189 0.051160 -0.055974
vn -0.056672 0.070504 -0.042631
vn -0.056672 0.070504 -0.042631
vn -0.056672 0.070504 -0.042631
vn -0.069387 0.032379 -0.064319
vn -0.069387 0.032379 -0.064319
vn -0.069387 0.032379 -0.064319
vn -0.080826 0.021822 -0.054690
vn -0.080826 0.021822 -0.054690
vn -0.080826 0.021822 -0.054690
vn -0.080604 0.042617 -0.041070
vn -0.080604 0.042617 -0.041070
vn -0.080604 0.042617 -0.041070
vn -0.084882 0.034266 -0.040261
vn -0.084882 0.034266 -0.040261
vn -0.084882 0.034266 -0.040261
vn -0.093594 0.021329 -0.028023
vn -0.093594 0.021329 -0.028023
vn -0.093594 0.021329 -0.028023
vn -0.085640 0.051160 -0.006967
vn -0.085640 0.051160 -0.006967
vn -0.085640 0.051160 -0.006967
vn -0.067245 0.065606 -0.034263
vn -0.067245 0.065606 -0.034263
vn -0.067245 0.065606 -0.034263
vn -0.063268 0.070113 -0.032883
vn -0.063268 0.070113 -0.032883
vn -0.063268 0.070113 -0.032883
vn -0.038816 0.090534 -0.017232
vn -0.038816 0.090534 -0.017232
vn -0.038816 0.090534 -0.017232
vn -0.070907 0.070504 -0.001178
vn -0.070907 0.070504 -0.001178
vn -0.070907 0.070504 -0.001178
vn -0.093942 0.032379 -0.011251
vn -0.093942 0.032379 -0.011251
vn -0.093942 0.032379 -0.011251
vn -0.097535 0.021821 0.003264
vn -0.097535 0.021821 0.003264
vn -0.097535 0.021821 0.003264
vn -0.089351 0.042617 0.014152
vn -0.089351 0.042617 0.014152
vn -0.089351 0.042617 0.014152
vn -0.092335 0.034266 0.017320
vn -0.092335 0.034266 0.017320
vn -0.092335 0.034266 0.017320
vn -0.092190 0.021329 0.032342
vn -0.092190 0.021329 0.032342
vn -0.092190 0.021329 0.032342
vn -0.073379 0.051160 0.044701
vn -0.073379 0.051160 0.044701
vn -0.073379 0.051160 0.044701
vn -0.074542 0.065606 0.011806
vn -0.074542 0.065606 0.011806
vn -0.074542 0.065606 0.011806
vn -0.070513 0.070113 0.010585
vn -0.070513 0.070113 0.010585
vn -0.070513 0.070113 0.010585
vn -0.041531 0.090534 0.008875
vn -0.041531 0.090534 0.008875
vn -0.041531 0.090534 0.008875
vn -0.058057 0.070504 0.040725
vn -0.058057 0.070504 0.040725
vn -0.058057 0.070504 0.040725
vn -0.082613 0.032379 0.046115
vn -0.082613 0.032379 0.046115
vn -0.082613 0.032379 0.046115
vn -0.076990 0.021822 0.059970
vn -0.076990 0.021822 0.059970
vn -0.076990 0.021822 0.059970
vn -0.063968 0.042617 0.063968
vn -0.063968 0.042617 0.063968
vn -0.063968 0.042617 0.063968
vn -0.064520 0.034266 0.068286
vn -0.064520 0.034266 0.068286
vn -0.064520 0.034266 0.068286
vn -0.055573 0.021329 0.080353
vn -0.055573 0.021329 0.080353
vn -0.055573 0.021329 0.080353
vn -0.033090 0.051160 0.079295
vn -0.033090 0.051160 0.079295
vn -0.033090 0.051160 0.079295
vn -0.053366 0.065606 0.053366
vn -0.053366 0.065606 0.053366
vn -0.053366 0.065606 0.053366
vn -0.050825 0.070113 0.050010
vn -0.050825 0.070113 0.050010
vn -0.050825 0.070113 0.050010
vn -0.028383 0.090534 0.031591
vn -0.028383 0.090534 0.031591
vn -0.028383 0.090534 0.031591
vn -0.023032 0.070504 0.067072
vn -0.023032 0.070504 0.067072
vn -0.023032 0.070504 0.067072
vn -0.039730 0.032379 0.085867
vn -0.039730 0.032379 0.085867
vn -0.039730 0.032379 0.085867
vn -0.027036 0.021822 0.093770
vn -0.027036 0.021822 0.093770
vn -0.027036 0.021822 0.093770
vn -0.014152 0.042617 0.089351
vn -0.014152 0.042617 0.089351
vn -0.014152 0.042617 0.089351
vn -0.012061 0.034266 0.093169
vn -0.012061 0.034266 0.093169
vn -0.012061 0.034266 0.093169
vn 0.002271 0.021329 0.097673
vn 0.002271 0.021329 0.097673
vn 0.002271 0.021329 0.097673
vn 0.019838 0.051160 0.083601
vn 0.019838 0.051160 0.083601
vn 0.019838 0.051160 0.083601
vn -0.011806 0.065606 0.074542
vn -0.011806 0.065606 0.074542
vn -0.011806 0.065606 0.074542
vn 0.020791 0.070504 0.067800
vn 0.020791 0.070504 0.067800
vn 0.020791 0.070504 0.067800
vn 0.018329 0.032379 0.092820
vn 0.018329 0.032379 0.092820
vn 0.018329 0.032379 0.092820
vn 0.033244 0.021821 0.091753
vn 0.033244 0.021821 0.091753
vn 0.033244 0.021821 0.091753
vn 0.041070 0.042617 0.080604
vn 0.041070 0.042617 0.080604
vn 0.041070 0.042617 0.080604
vn 0.045006 0.034266 0.082464
vn 0.045006 0.034266 0.082464
vn 0.045006 0.034266 0.082464
vn 0.059248 0.021329 0.077684
vn 0.059248 0.021329 0.077684
vn 0.059248 0.021329 0.077684
vn 0.065189 0.051160 0.055974
vn 0.065189 0.051160 0.055974
vn 0.065189 0.051160 0.055974
vn 0.034263 0.065606 0.067245
vn 0.034263 0.065606 0.067245
vn 0.034263 0.065606 0.067245
vn 0.031857 0.070113 0.063791
vn 0.031857 0.070113 0.063791
vn 0.031857 0.070113 0.063791
vn 0.021274 0.090534 0.036756
vn 0.021274 0.090534 0.036756
vn 0.021274 0.090534 0.036756
vn 0.056672 0.070504 0.042631
vn 0.056672 0.070504 0.042631
vn 0.056672 0.070504 0.042631
vn 0.069387 0.032379 0.064319
vn 0.069387 0.032379 0.064319
vn 0.069387 0.032379 0.064319
vn 0.080826 0.021822 0.054690
vn 0.080826 0.021822 0.054690
vn 0.080826 0.021822 0.054690
vn 0.080604 0.042617 0.041070
vn 0.080604 0.042617 0.041070
vn 0.080604 0.042617 0.041070
vn 0.084882 0.034266 0.040261
vn 0.084882 0.034266 0.040261
vn 0.084882 0.034266 0.040261
vn 0.093594 0.021329 0.028023
vn 0.093594 0.021329 0.028023
vn 0.093594 0.021329 0.028023
vn 0.085640 0.051160 0.006967
vn 0.085640 0.051160 0.006967
vn 0.085640 0.051160 0.006967
vn 0.067245 0.065606 0.034263
vn 0.067245 0.065606 0.034263
vn 0.067245 0.065606 0.034263
vn 0.063268 0.070113 0.032883
vn 0.063268 0.070113 0.032883
vn 0.063268 0.070113 0.032883
vn 0.038816 0.090534 0.017232
vn 0.038816 0.090534 0.017232
vn 0.038816 0.090534 0.017232
vn 0.070907 0.070504 0.001178
vn 0.070907 0.070504 0.001178
vn 0.070907 0.070504 0.001178
vn 0.093942 0.032379 0.011251
vn 0.093942 0.032379 0.011251
vn 0.093942 0.032379 0.011251
vn 0.097535 0.021821 -0.003264
vn 0.097535 0.021821 -0.003264
vn 0.097535 0.021821 -0.003264
vn 0.089351 0.042617 -0.014152
vn 0.089351 0.042617 -0.014152
vn 0.089351 0.042617 -0.014152
vn 0.092335 0.034266 -0.017320
vn 0.092335 0.034266 -0.017320
vn 0.092335 0.034266 -0.017320
vn 0.092190 0.021329 -0.032342
vn 0.092190 0.021329 -0.032342
vn 0.092190 0.021329 -0.032342
vn 0.073379 0.051160 -0.044701
vn 0.073379 0.051160 -0.044701
vn 0.073379 0.051160 -0.044701
vn 0.074542 0.065606 -0.011806
vn 0.074542 0.065606 -0.011806
vn 0.074542 0.065606 -0.011806
vn 0.070513 0.070113 -0.010585
vn 0.070513 0.070113 -0.010585
vn 0.070513 0.070113 -0.010585
vn 0.041531 0.090534 -0.008875
vn 0.041531 0.090534 -0.008875
vn 0.041531 0.090534 -0.008875
vn 0.058057 0.070504 -0.040725
vn 0.058057 0.070504 -0.040725
vn 0.058057 0.070504 -0.040725
vn 0.082613 0.032379 -0.046115
vn 0.082613 0.032379 -0.046115
vn 0.082613 0.032379 -0.046115
vn 0.076990 0.021822 -0.059970
vn 0.076990 0.021822 -0.059970
vn 0.076990 0.021822 -0.059970
vn 0.063968 0.042617 -0.063968
vn 0.063968 0.042617 -0.063968
vn 0.063968 0.042617 -0.063968
vn 0.064520 0.034266 -0.068286
vn 0.064520 0.034266 -0.068286
vn 0.064520 0.034266 -0.068286
vn 0.055573 0.021329 -0.080353
vn 0.055573 0.021329 -0.080353
vn 0.055573 0.021329 -0.080353
vn 0.033090 0.051160 -0.079295
vn 0.033090 0.051160 -0.079295
vn 0.033090 0.051160 -0.079295
vn 0.053366 0.065606 -0.053366
vn 0.053366 0.065606 -0.053366
vn 0.053366 0.065606 -0.053366
vn 0.050825 0.070113 -0.050010
vn 0.050825 0.070113 -0.050010
vn 0.050825 0.070113 -0.050010
vn 0.028383 0.090534 -0.031591
vn 0.028383 0.090534 -0.031591
vn 0.028383 0.090534 -0.031591
vn -0.004394 0.090534 0.042241
vn -0.004394 0.090534 0.042241
vn -0.004394 0.090534 0.042241
vn -0.011723 0.070113 0.070333
vn -0.011723 0.070113 0.070333
vn -0.011723 0.070113 0.070333
vn 0.000148 -0.099999 -0.000302
vn 0.000148 -0.099999 -0.000302
vn 0.000148 -0.099999 -0.000302
vn 0.011319 -0.098112 -0.015681
vn 0.011319 -0.098112 -0.015681
vn 0.011319 -0.098112 -0.015681
vn 0.006514 -0.098846 -0.013676
vn 0.006514 -0.098846 -0.013676
vn 0.006514 -0.098846 -0.013676
vn 0.032099 -0.090097 -0.029191
vn 0.032099 -0.090097 -0.029191
vn 0.032099 -0.090097 -0.029191
vn 0.041904 -0.070509 -0.057206
vn 0.041904 -0.070509 -0.057206
vn 0.041904 -0.070509 -0.057206
vn 0.065731 -0.031368 -0.068523
vn 0.065731 -0.031368 -0.068523
vn 0.065731 -0.031368 -0.068523
vn 0.053506 -0.022730 -0.081366
vn 0.053506 -0.022730 -0.081366
vn 0.053506 -0.022730 -0.081366
vn 0.040911 -0.043351 -0.080293
vn 0.040911 -0.043351 -0.080293
vn 0.040911 -0.043351 -0.080293
vn 0.039511 -0.031850 -0.086165
vn 0.039511 -0.031850 -0.086165
vn 0.039511 -0.031850 -0.086165
vn 0.026809 -0.022001 -0.093793
vn 0.026809 -0.022001 -0.093793
vn 0.026809 -0.022001 -0.093793
vn 0.027384 -0.007485 -0.095886
vn 0.027384 -0.007485 -0.095886
vn 0.027384 -0.007485 -0.095886
vn 0.000154 -0.099999 -0.000330
vn 0.000154 -0.099999 -0.000330
vn 0.000154 -0.099999 -0.000330
vn -0.000057 -0.099999 -0.000331
vn -0.000057 -0.099999 -0.000331
vn -0.000057 -0.099999 -0.000331
vn -0.000060 -0.098112 -0.019340
vn -0.000060 -0.098112 -0.019340
vn -0.000060 -0.098112 -0.019340
vn -0.002768 -0.098846 -0.014893
vn -0.002768 -0.098846 -0.014893
vn -0.002768 -0.098846 -0.014893
vn 0.008810 -0.090097 -0.042483
vn 0.008810 -0.090097 -0.042483
vn 0.008810 -0.090097 -0.042483
vn 0.000276 -0.070509 -0.070911
vn 0.000276 -0.070509 -0.070911
vn 0.000276 -0.070509 -0.070911
vn 0.012901 -0.031368 -0.094072
vn 0.012901 -0.031368 -0.094072
vn 0.012901 -0.031368 -0.094072
vn -0.004539 -0.022730 -0.097277
vn -0.004539 -0.022730 -0.097277
vn -0.004539 -0.022730 -0.097277
vn -0.014097 -0.043351 -0.089006
vn -0.014097 -0.043351 -0.089006
vn -0.014097 -0.043351 -0.089006
vn -0.018682 -0.031850 -0.092933
vn -0.018682 -0.031850 -0.092933
vn -0.018682 -0.031850 -0.092933
vn -0.033441 -0.022001 -0.091639
vn -0.033441 -0.022001 -0.091639
vn -0.033441 -0.022001 -0.091639
vn -0.034206 -0.007492 -0.093669
vn -0.034206 -0.007492 -0.093669
vn -0.034206 -0.007492 -0.093669
vn -0.000069 -0.099999 -0.000357
vn -0.000069 -0.099999 -0.000357
vn -0.000069 -0.099999 -0.000357
vn -0.000241 -0.099999 -0.000234
vn -0.000241 -0.099999 -0.000234
vn -0.000241 -0.099999 -0.000234
vn -0.011416 -0.098112 -0.015611
vn -0.011416 -0.098112 -0.015611
vn -0.011416 -0.098112 -0.015611
vn -0.010993 -0.098846 -0.010421
vn -0.010993 -0.098846 -0.010421
vn -0.010993 -0.098846 -0.010421
vn -0.017844 -0.090097 -0.039548
vn -0.017844 -0.090097 -0.039548
vn -0.017844 -0.090097 -0.039548
vn -0.041457 -0.070509 -0.057531
vn -0.041457 -0.070509 -0.057531
vn -0.041457 -0.070509 -0.057531
vn -0.044857 -0.031368 -0.083689
vn -0.044857 -0.031368 -0.083689
vn -0.044857 -0.031368 -0.083689
vn -0.060850 -0.022730 -0.076031
vn -0.060850 -0.022730 -0.076031
vn -0.060850 -0.022730 -0.076031
vn -0.063721 -0.043351 -0.063721
vn -0.063721 -0.043351 -0.063721
vn -0.063721 -0.043351 -0.063721
vn -0.069739 -0.031850 -0.064204
vn -0.069739 -0.031850 -0.064204
vn -0.069739 -0.031850 -0.064204
vn -0.080918 -0.022001 -0.054481
vn -0.080918 -0.022001 -0.054481
vn -0.080918 -0.022001 -0.054481
vn -0.082732 -0.007464 -0.055675
vn -0.082732 -0.007464 -0.055675
vn -0.082732 -0.007464 -0.055675
vn -0.000266 -0.099999 -0.000248
vn -0.000266 -0.099999 -0.000248
vn -0.000266 -0.099999 -0.000248
vn -0.000671 -0.099998 -0.000158
vn -0.000671 -0.099998 -0.000158
vn -0.000671 -0.099998 -0.000158
vn -0.018412 -0.098112 -0.005920
vn -0.018412 -0.098112 -0.005920
vn -0.018412 -0.098112 -0.005920
vn -0.015019 -0.098846 -0.001969
vn -0.015019 -0.098846 -0.001969
vn -0.015019 -0.098846 -0.001969
vn -0.037682 -0.090097 -0.021507
vn -0.037682 -0.090097 -0.021507
vn -0.037682 -0.090097 -0.021507
vn -0.067355 -0.070509 -0.022175
vn -0.067355 -0.070509 -0.022175
vn -0.067355 -0.070509 -0.022175
vn -0.085482 -0.031368 -0.041339
vn -0.085482 -0.031368 -0.041339
vn -0.085482 -0.031368 -0.041339
vn -0.093918 -0.022730 -0.025744
vn -0.093918 -0.022730 -0.025744
vn -0.093918 -0.022730 -0.025744
vn -0.089006 -0.043351 -0.014097
vn -0.089006 -0.043351 -0.014097
vn -0.089006 -0.043351 -0.014097
vn -0.094158 -0.031850 -0.010950
vn -0.094158 -0.031850 -0.010950
vn -0.094158 -0.031850 -0.010950
vn -0.097487 -0.022001 0.003487
vn -0.097487 -0.022001 0.003487
vn -0.097487 -0.022001 0.003487
vn -0.099654 -0.007492 0.003587
vn -0.099654 -0.007492 0.003587
vn -0.099654 -0.007492 0.003587
vn -0.002945 -0.099957 0.000055
vn -0.002945 -0.099957 0.000055
vn -0.002945 -0.099957 0.000055
vn -0.000607 -0.099998 0.000094
vn -0.000607 -0.099998 0.000094
vn -0.000607 -0.099998 0.000094
vn -0.003017 -0.099945 0.001403
vn -0.003017 -0.099945 0.001403
vn -0.003017 -0.099945 0.001403
vn -0.024246 -0.096437 0.010586
vn -0.024246 -0.096437 0.010586
vn -0.024246 -0.096437 0.010586
vn -0.025641 -0.096451 0.006306
vn -0.025641 -0.096451 0.006306
vn -0.025641 -0.096451 0.006306
vn -0.043126 -0.090097 0.004749
vn -0.043126 -0.090097 0.004749
vn -0.043126 -0.090097 0.004749
vn -0.067526 -0.070509 0.021650
vn -0.067526 -0.070509 0.021650
vn -0.067526 -0.070509 0.021650
vn -0.093455 -0.031368 0.016800
vn -0.093455 -0.031368 0.016800
vn -0.093455 -0.031368 0.016800
vn -0.091113 -0.022730 0.034377
vn -0.091113 -0.022730 0.034377
vn -0.091113 -0.022730 0.034377
vn -0.080293 -0.043351 0.040911
vn -0.080293 -0.043351 0.040911
vn -0.080293 -0.043351 0.040911
vn -0.082612 -0.031850 0.046485
vn -0.082612 -0.031850 0.046485
vn -0.082612 -0.031850 0.046485
vn -0.076820 -0.022001 0.060122
vn -0.076820 -0.022001 0.060122
vn -0.076820 -0.022001 0.060122
vn -0.078514 -0.007491 0.061477
vn -0.078514 -0.007491 0.061477
vn -0.078514 -0.007491 0.061477
vn -0.002642 -0.099945 0.002006
vn -0.002642 -0.099945 0.002006
vn -0.002642 -0.099945 0.002006
vn -0.000469 -0.099998 0.000409
vn -0.000469 -0.099998 0.000409
vn -0.000469 -0.099998 0.000409
vn -0.000380 -0.099997 0.000689
vn -0.000380 -0.099997 0.000689
vn -0.000380 -0.099997 0.000689
vn -0.012086 -0.097565 0.018303
vn -0.012086 -0.097565 0.018303
vn -0.012086 -0.097565 0.018303
vn -0.015647 -0.096859 0.019324
vn -0.015647 -0.096859 0.019324
vn -0.015647 -0.096859 0.019324
vn -0.032099 -0.090097 0.029191
vn -0.032099 -0.090097 0.029191
vn -0.032099 -0.090097 0.029191
vn -0.041904 -0.070509 0.057206
vn -0.041904 -0.070509 0.057206
vn -0.041904 -0.070509 0.057206
vn -0.065731 -0.031368 0.068523
vn -0.065731 -0.031368 0.068523
vn -0.065731 -0.031368 0.068523
vn -0.053506 -0.022730 0.081366
vn -0.053506 -0.022730 0.081366
vn -0.053506 -0.022730 0.081366
vn -0.040911 -0.043351 0.080293
vn -0.040911 -0.043351 0.080293
vn -0.040911 -0.043351 0.080293
vn -0.039511 -0.031850 0.086165
vn -0.039511 -0.031850 0.086165
vn -0.039511 -0.031850 0.086165
vn -0.026809 -0.022001 0.093793
vn -0.026809 -0.022001 0.093793
vn -0.026809 -0.022001 0.093793
vn -0.027384 -0.007485 0.095886
vn -0.027384 -0.007485 0.095886
vn -0.027384 -0.007485 0.095886
vn -0.000857 -0.099957 0.002818
vn -0.000857 -0.099957 0.002818
vn -0.000857 -0.099957 0.002818
vn -0.000011 -0.099999 0.000353
vn -0.000011 -0.099999 0.000353
vn -0.000011 -0.099999 0.000353
vn -0.005099 -0.099761 0.004658
vn -0.005099 -0.099761 0.004658
vn -0.005099 -0.099761 0.004658
vn 0.000718 -0.097991 0.019934
vn 0.000718 -0.097991 0.019934
vn 0.000718 -0.097991 0.019934
vn -0.008810 -0.090097 0.042483
vn -0.008810 -0.090097 0.042483
vn -0.008810 -0.090097 0.042483
vn -0.000276 -0.070509 0.070911
vn -0.000276 -0.070509 0.070911
vn -0.000276 -0.070509 0.070911
vn -0.012901 -0.031368 0.094072
vn -0.012901 -0.031368 0.094072
vn -0.012901 -0.031368 0.094072
vn 0.004539 -0.022730 0.097277
vn 0.004539 -0.022730 0.097277
vn 0.004539 -0.022730 0.097277
vn 0.014097 -0.043351 0.089006
vn 0.014097 -0.043351 0.089006
vn 0.014097 -0.043351 0.089006
vn 0.018682 -0.031850 0.092933
vn 0.018682 -0.031850 0.092933
vn 0.018682 -0.031850 0.092933
vn 0.033441 -0.022001 0.091639
vn 0.033441 -0.022001 0.091639
vn 0.033441 -0.022001 0.091639
vn 0.034206 -0.007492 0.093669
vn 0.034206 -0.007492 0.093669
vn 0.034206 -0.007492 0.093669
vn 0.001091 -0.099945 0.003132
vn 0.001091 -0.099945 0.003132
vn 0.001091 -0.099945 0.003132
vn 0.000797 -0.099972 0.002243
vn 0.000797 -0.099972 0.002243
vn 0.000797 -0.099972 0.002243
vn 0.001212 -0.099972 0.002048
vn 0.001212 -0.099972 0.002048
vn 0.001212 -0.099972 0.002048
vn 0.000406 -0.099999 0.000324
vn 0.000406 -0.099999 0.000324
vn 0.000406 -0.099999 0.000324
vn 0.017561 -0.096437 0.019788
vn 0.017561 -0.096437 0.019788
vn 0.017561 -0.096437 0.019788
vn 0.013921 -0.096451 0.022437
vn 0.013921 -0.096451 0.022437
vn 0.013921 -0.096451 0.022437
vn 0.017844 -0.090097 0.039548
vn 0.017844 -0.090097 0.039548
vn 0.017844 -0.090097 0.039548
vn 0.041457 -0.070509 0.057531
vn 0.041457 -0.070509 0.057531
vn 0.041457 -0.070509 0.057531
vn 0.044857 -0.031368 0.083689
vn 0.044857 -0.031368 0.083689
vn 0.044857 -0.031368 0.083689
vn 0.060850 -0.022730 0.076031
vn 0.060850 -0.022730 0.076031
vn 0.060850 -0.022730 0.076031
vn 0.063721 -0.043351 0.063721
vn 0.063721 -0.043351 0.063721
vn 0.063721 -0.043351 0.063721
vn 0.069739 -0.031850 0.064204
vn 0.069739 -0.031850 0.064204
vn 0.069739 -0.031850 0.064204
vn 0.080918 -0.022001 0.054481
vn 0.080918 -0.022001 0.054481
vn 0.080918 -0.022001 0.054481
vn 0.082732 -0.007464 0.055675
vn 0.082732 -0.007464 0.055675
vn 0.082732 -0.007464 0.055675
vn 0.000266 -0.099999 0.000248
vn 0.000266 -0.099999 0.000248
vn 0.000266 -0.099999 0.000248
vn 0.000333 -0.099999 0.000048
vn 0.000333 -0.099999 0.000048
vn 0.000333 -0.099999 0.000048
vn 0.018412 -0.098112 0.005920
vn 0.018412 -0.098112 0.005920
vn 0.018412 -0.098112 0.005920
vn 0.015019 -0.098846 0.001969
vn 0.015019 -0.098846 0.001969
vn 0.015019 -0.098846 0.001969
vn 0.037682 -0.090097 0.021507
vn 0.037682 -0.090097 0.021507
vn 0.037682 -0.090097 0.021507
vn 0.067355 -0.070509 0.022175
vn 0.067355 -0.070509 0.022175
vn 0.067355 -0.070509 0.022175
vn 0.085482 -0.031368 0.041339
vn 0.085482 -0.031368 0.041339
vn 0.085482 -0.031368 0.041339
vn 0.093918 -0.022730 0.025744
vn 0.093918 -0.022730 0.025744
vn 0.093918 -0.022730 0.025744
vn 0.089006 -0.043351 0.014097
vn 0.089006 -0.043351 0.014097
vn 0.089006 -0.043351 0.014097
vn 0.094158 -0.031850 0.010950
vn 0.094158 -0.031850 0.010950
vn 0.094158 -0.031850 0.010950
vn 0.097487 -0.022001 -0.003487
vn 0.097487 -0.022001 -0.003487
vn 0.097487 -0.022001 -0.003487
vn 0.099654 -0.007492 -0.003587
vn 0.099654 -0.007492 -0.003587
vn 0.099654 -0.007492 -0.003587
vn 0.000361 -0.099999 0.000044
vn 0.000361 -0.099999 0.000044
vn 0.000361 -0.099999 0.000044
vn 0.000297 -0.099999 -0.000157
vn 0.000297 -0.099999 -0.000157
vn 0.000297 -0.099999 -0.000157
vn 0.018375 -0.098112 -0.006033
vn 0.018375 -0.098112 -0.006033
vn 0.018375 -0.098112 -0.006033
vn 0.013308 -0.098846 -0.007235
vn 0.013308 -0.098846 -0.007235
vn 0.013308 -0.098846 -0.007235
vn 0.043126 -0.090097 -0.004749
vn 0.043126 -0.090097 -0.004749
vn 0.043126 -0.090097 -0.004749
vn 0.067526 -0.070509 -0.021650
vn 0.067526 -0.070509 -0.021650
vn 0.067526 -0.070509 -0.021650
vn 0.093455 -0.031368 -0.016800
vn 0.093455 -0.031368 -0.016800
vn 0.093455 -0.031368 -0.016800
vn 0.091113 -0.022730 -0.034377
vn 0.091113 -0.022730 -0.034377
vn 0.091113 -0.022730 -0.034377
vn 0.080293 -0.043351 -0.040911
vn 0.080293 -0.043351 -0.040911
vn 0.080293 -0.043351 -0.040911
vn 0.082612 -0.031850 -0.046485
vn 0.082612 -0.031850 -0.046485
vn 0.082612 -0.031850 -0.046485
vn 0.076820 -0.022001 -0.060122
vn 0.076820 -0.022001 -0.060122
vn 0.076820 -0.022001 -0.060122
vn 0.078514 -0.007491 -0.061477
vn 0.078514 -0.007491 -0.061477
vn 0.078514 -0.007491 -0.061477
vn 0.000318 -0.099999 -0.000176
vn 0.000318 -0.099999 -0.000176
vn 0.000318 -0.099999 -0.000176
vn 0.039306 -0.089155 -0.022503
vn 0.039306 -0.089155 -0.022503
vn 0.039306 -0.089155 -0.022503
vn 0.063651 -0.070085 -0.032197
vn 0.063651 -0.070085 -0.032197
vn 0.063651 -0.070085 -0.032197
vn 0.064925 -0.068486 -0.033081
vn 0.064925 -0.068486 -0.033081
vn 0.064925 -0.068486 -0.033081
vn 0.059394 -0.048476 -0.064206
vn 0.059394 -0.048476 -0.064206
vn 0.059394 -0.048476 -0.064206
vn 0.045026 -0.089155 0.004899
vn 0.045026 -0.089155 0.004899
vn 0.045026 -0.089155 0.004899
vn 0.070420 -0.070085 0.011365
vn 0.070420 -0.070085 0.011365
vn 0.070420 -0.070085 0.011365
vn 0.071970 -0.068486 0.011399
vn 0.071970 -0.068486 0.011399
vn 0.071970 -0.068486 0.011399
vn 0.085790 -0.048476 -0.017032
vn 0.085790 -0.048476 -0.017032
vn 0.085790 -0.048476 -0.017032
vn 0.033548 -0.089155 0.030429
vn 0.033548 -0.089155 0.030429
vn 0.033548 -0.089155 0.030429
vn 0.050291 -0.070085 0.050586
vn 0.050291 -0.070085 0.050586
vn 0.050291 -0.070085 0.050586
vn 0.051525 -0.068486 0.051525
vn 0.051525 -0.068486 0.051525
vn 0.051525 -0.068486 0.051525
vn 0.079417 -0.048476 0.036647
vn 0.079417 -0.048476 0.036647
vn 0.079417 -0.048476 0.036647
vn 0.009255 -0.089155 0.044336
vn 0.009255 -0.089155 0.044336
vn 0.009255 -0.089155 0.044336
vn 0.010952 -0.070085 0.070485
vn 0.010952 -0.070085 0.070485
vn 0.010952 -0.070085 0.070485
vn 0.011399 -0.068486 0.071970
vn 0.011399 -0.068486 0.071970
vn 0.011399 -0.068486 0.071970
vn 0.042709 -0.048476 0.076328
vn 0.042709 -0.048476 0.076328
vn 0.042709 -0.048476 0.076328
vn -0.018573 -0.089155 0.041309
vn -0.018573 -0.089155 0.041309
vn -0.018573 -0.089155 0.041309
vn -0.032569 -0.070085 0.063461
vn -0.032569 -0.070085 0.063461
vn -0.032569 -0.070085 0.063461
vn -0.033081 -0.068486 0.064925
vn -0.033081 -0.068486 0.064925
vn -0.033081 -0.068486 0.064925
vn -0.010312 -0.048476 0.086855
vn -0.010312 -0.048476 0.086855
vn -0.010312 -0.048476 0.086855
vn -0.039306 -0.089155 0.022503
vn -0.039306 -0.089155 0.022503
vn -0.039306 -0.089155 0.022503
vn -0.063651 -0.070085 0.032197
vn -0.063651 -0.070085 0.032197
vn -0.063651 -0.070085 0.032197
vn -0.064925 -0.068486 0.033081
vn -0.064925 -0.068486 0.033081
vn -0.064925 -0.068486 0.033081
vn -0.059394 -0.048476 0.064206
vn -0.059394 -0.048476 0.064206
vn -0.059394 -0.048476 0.064206
vn -0.045026 -0.089155 -0.004899
vn -0.045026 -0.089155 -0.004899
vn -0.045026 -0.089155 -0.004899
vn -0.070420 -0.070085 -0.011365
vn -0.070420 -0.070085 -0.011365
vn -0.070420 -0.070085 -0.011365
vn -0.071970 -0.068486 -0.011399
vn -0.071970 -0.068486 -0.011399
vn -0.071970 -0.068486 -0.011399
vn -0.085790 -0.048476 0.017032
vn -0.085790 -0.048476 0.017032
vn -0.085790 -0.048476 0.017032
vn -0.033548 -0.089155 -0.030429
vn -0.033548 -0.089155 -0.030429
vn -0.033548 -0.089155 -0.030429
vn -0.050291 -0.070085 -0.050586
vn -0.050291 -0.070085 -0.050586
vn -0.050291 -0.070085 -0.050586
vn -0.051525 -0.068486 -0.051525
vn -0.051525 -0.068486 -0.051525
vn -0.051525 -0.068486 -0.051525
vn -0.079417 -0.048476 -0.036647
vn -0.079417 -0.048476 -0.036647
vn -0.079417 -0.048476 -0.036647
vn -0.009255 -0.089155 -0.044336
vn -0.009255 -0.089155 -0.044336
vn -0.009255 -0.089155 -0.044336
vn -0.010952 -0.070085 -0.070485
vn -0.010952 -0.070085 -0.070485
vn -0.010952 -0.070085 -0.070485
vn -0.011399 -0.068486 -0.071970
vn -0.011399 -0.068486 -0.071970
vn -0.011399 -0.068486 -0.071970
vn -0.042709 -0.048476 -0.076328
vn -0.042709 -0.048476 -0.076328
vn -0.042709 -0.048476 -0.076328
vn 0.018573 -0.089155 -0.041309
vn 0.018573 -0.089155 -0.041309
vn 0.018573 -0.089155 -0.041309
vn 0.032569 -0.070085 -0.063461
vn 0.032569 -0.070085 -0.063461
vn 0.032569 -0.070085 -0.063461
vn 0.033081 -0.068486 -0.064925
vn 0.033081 -0.068486 -0.064925
vn 0.033081 -0.068486 -0.064925
vn 0.010312 -0.048476 -0.086855
vn 0.010312 -0.048476 -0.086855
vn 0.010312 -0.048476 -0.086855
vn 0.027459 -0.000928 -0.096152
vn 0.027459 -0.000928 -0.096152
vn 0.027459 -0.000928 -0.096152
vn 0.033738 0.000966 -0.094132
vn 0.033738 0.000966 -0.094132
vn 0.033738 0.000966 -0.094132
vn 0.041678 -0.001238 -0.090892
vn 0.041678 -0.001238 -0.090892
vn 0.041678 -0.001238 -0.090892
vn 0.044179 -0.000002 -0.089712
vn 0.044179 -0.000002 -0.089712
vn 0.044179 -0.000002 -0.089712
vn 0.044415 0.000038 -0.089595
vn 0.044415 0.000038 -0.089595
vn 0.044415 0.000038 -0.089595
vn 0.049503 0.001788 -0.086869
vn 0.049503 0.001788 -0.086869
vn 0.049503 0.001788 -0.086869
vn 0.038711 0.003059 -0.092152
vn 0.038711 0.003059 -0.092152
vn 0.038711 0.003059 -0.092152
vn 0.039497 -0.000951 -0.091864
vn 0.039497 -0.000951 -0.091864
vn 0.039497 -0.000951 -0.091864
vn 0.030038 0.000192 -0.095382
vn 0.030038 0.000192 -0.095382
vn 0.030038 0.000192 -0.095382
vn 0.027560 0.004208 -0.096035
vn 0.027560 0.004208 -0.096035
vn 0.027560 0.004208 -0.096035
vn 0.022491 -0.000624 -0.097436
vn 0.022491 -0.000624 -0.097436
vn 0.022491 -0.000624 -0.097436
vn 0.012837 0.001104 -0.099166
vn 0.012837 0.001104 -0.099166
vn 0.012837 0.001104 -0.099166
vn 0.013122 0.001343 -0.099126
vn 0.013122 0.001343 -0.099126
vn 0.013122 0.001343 -0.099126
vn 0.002703 -0.001390 -0.099954
vn 0.002703 -0.001390 -0.099954
vn 0.002703 -0.001390 -0.099954
vn 0.019024 -0.001664 -0.098160
vn 0.019024 -0.001664 -0.098160
vn 0.019024 -0.001664 -0.098160
vn 0.014602 -0.000428 -0.098927
vn 0.014602 -0.000428 -0.098927
vn 0.014602 -0.000428 -0.098927
vn 0.008655 -0.001901 -0.099607
vn 0.008655 -0.001901 -0.099607
vn 0.008655 -0.001901 -0.099607
vn 0.009215 -0.000215 -0.099574
vn 0.009215 -0.000215 -0.099574
vn 0.009215 -0.000215 -0.099574
vn -0.000019 0.000430 -0.099999
vn -0.000019 0.000430 -0.099999
vn -0.000019 0.000430 -0.099999
vn -0.004716 -0.004160 -0.099802
vn -0.004716 -0.004160 -0.099802
vn -0.004716 -0.004160 -0.099802
vn -0.007870 -0.000036 -0.099690
vn -0.007870 -0.000036 -0.099690
vn -0.007870 -0.000036 -0.099690
vn -0.016730 0.000038 -0.098591
vn -0.016730 0.000038 -0.098591
vn -0.016730 0.000038 -0.098591
vn -0.004649 -0.007136 -0.099637
vn -0.004649 -0.007136 -0.099637
vn -0.004649 -0.007136 -0.099637
vn -0.016990 -0.000002 -0.098546
vn -0.016990 -0.000002 -0.098546
vn -0.016990 -0.000002 -0.098546
vn -0.019707 -0.001238 -0.098031
vn -0.019707 -0.001238 -0.098031
vn -0.019707 -0.001238 -0.098031
vn -0.028035 0.000966 -0.095985
vn -0.028035 0.000966 -0.095985
vn -0.028035 0.000966 -0.095985
vn -0.034301 -0.000928 -0.093928
vn -0.034301 -0.000928 -0.093928
vn -0.034301 -0.000928 -0.093928
vn -0.022848 0.003059 -0.097307
vn -0.022848 0.003059 -0.097307
vn -0.022848 0.003059 -0.097307
vn -0.022043 -0.000951 -0.097536
vn -0.022043 -0.000951 -0.097536
vn -0.022043 -0.000951 -0.097536
vn -0.031763 0.000192 -0.094821
vn -0.031763 0.000192 -0.094821
vn -0.031763 0.000192 -0.094821
vn -0.034152 0.004208 -0.093893
vn -0.034152 0.004208 -0.093893
vn -0.034152 0.004208 -0.093893
vn -0.039075 -0.000624 -0.092047
vn -0.039075 -0.000624 -0.092047
vn -0.039075 -0.000624 -0.092047
vn -0.047903 0.001104 -0.087773
vn -0.047903 0.001104 -0.087773
vn -0.047903 0.001104 -0.087773
vn -0.047649 0.001343 -0.087908
vn -0.047649 0.001343 -0.087908
vn -0.047649 0.001343 -0.087908
vn -0.056564 -0.001390 -0.082453
vn -0.056564 -0.001390 -0.082453
vn -0.056564 -0.001390 -0.082453
vn -0.042306 -0.001664 -0.090595
vn -0.042306 -0.001664 -0.090595
vn -0.042306 -0.001664 -0.090595
vn -0.046335 -0.000428 -0.088617
vn -0.046335 -0.000428 -0.088617
vn -0.046335 -0.000428 -0.088617
vn -0.051545 -0.001901 -0.085671
vn -0.051545 -0.001901 -0.085671
vn -0.051545 -0.001901 -0.085671
vn -0.051073 -0.000215 -0.085974
vn -0.051073 -0.000215 -0.085974
vn -0.051073 -0.000215 -0.085974
vn -0.058793 0.000430 -0.080890
vn -0.058793 0.000430 -0.080890
vn -0.058793 0.000430 -0.080890
vn -0.062477 -0.004160 -0.077970
vn -0.062477 -0.004160 -0.077970
vn -0.062477 -0.004160 -0.077970
vn -0.064963 -0.000036 -0.076025
vn -0.064963 -0.000036 -0.076025
vn -0.064963 -0.000036 -0.076025
vn -0.071485 0.000038 -0.069928
vn -0.071485 0.000038 -0.069928
vn -0.071485 0.000038 -0.069928
vn -0.062326 -0.007137 -0.077875
vn -0.062326 -0.007137 -0.077875
vn -0.062326 -0.007137 -0.077875
vn -0.071669 -0.000002 -0.069739
vn -0.071669 -0.000002 -0.069739
vn -0.071669 -0.000002 -0.069739
vn -0.073564 -0.001238 -0.067726
vn -0.073564 -0.001238 -0.067726
vn -0.073564 -0.001238 -0.067726
vn -0.079099 0.000966 -0.061175
vn -0.079099 0.000966 -0.061175
vn -0.079099 0.000966 -0.061175
vn -0.082960 -0.000928 -0.055828
vn -0.082960 -0.000928 -0.055828
vn -0.082960 -0.000928 -0.055828
vn -0.075680 0.003059 -0.065293
vn -0.075680 0.003059 -0.065293
vn -0.075680 0.003059 -0.065293
vn -0.075163 -0.000951 -0.065952
vn -0.075163 -0.000951 -0.065952
vn -0.075163 -0.000951 -0.065952
vn -0.081431 0.000192 -0.058042
vn -0.081431 0.000192 -0.058042
vn -0.081431 0.000192 -0.058042
vn -0.082818 0.004208 -0.055887
vn -0.082818 0.004208 -0.055887
vn -0.082818 0.004208 -0.055887
vn -0.085717 -0.000624 -0.051500
vn -0.085717 -0.000624 -0.051500
vn -0.085717 -0.000624 -0.051500
vn -0.090346 0.001104 -0.042853
vn -0.090346 0.001104 -0.042853
vn -0.090346 0.001104 -0.042853
vn -0.090220 0.001343 -0.043111
vn -0.090220 0.001343 -0.043111
vn -0.090220 0.001343 -0.043111
vn -0.094226 -0.001390 -0.033459
vn -0.094226 -0.001390 -0.033459
vn -0.094226 -0.001390 -0.033459
vn -0.087476 -0.001664 -0.048426
vn -0.087476 -0.001664 -0.048426
vn -0.087476 -0.001664 -0.048426
vn -0.089573 -0.000428 -0.044457
vn -0.089573 -0.000428 -0.044457
vn -0.089573 -0.000428 -0.044457
vn -0.092057 -0.001901 -0.039012
vn -0.092057 -0.001901 -0.039012
vn -0.092057 -0.001901 -0.039012
vn -0.091853 -0.000215 -0.039534
vn -0.091853 -0.000215 -0.039534
vn -0.091853 -0.000215 -0.039534
vn -0.095111 0.000430 -0.030884
vn -0.095111 0.000430 -0.030884
vn -0.095111 0.000430 -0.030884
vn -0.096375 -0.004160 -0.026356
vn -0.096375 -0.004160 -0.026356
vn -0.096375 -0.004160 -0.026356
vn -0.097243 -0.000036 -0.023321
vn -0.097243 -0.000036 -0.023321
vn -0.097243 -0.000036 -0.023321
vn -0.098935 0.000038 -0.014554
vn -0.098935 0.000038 -0.014554
vn -0.098935 0.000038 -0.014554
vn -0.096197 -0.007135 -0.026368
vn -0.096197 -0.007135 -0.026368
vn -0.096197 -0.007135 -0.026368
vn -0.098973 -0.000002 -0.014294
vn -0.098973 -0.000002 -0.014294
vn -0.098973 -0.000002 -0.014294
vn -0.099323 -0.001238 -0.011551
vn -0.099323 -0.001238 -0.011551
vn -0.099323 -0.001238 -0.011551
vn -0.099950 0.000966 -0.002999
vn -0.099950 0.000966 -0.002999
vn -0.099950 0.000966 -0.002999
vn -0.099931 -0.000928 0.003597
vn -0.099931 -0.000928 0.003597
vn -0.099931 -0.000928 0.003597
vn -0.099605 0.003059 -0.008340
vn -0.099605 0.003059 -0.008340
vn -0.099605 0.003059 -0.008340
vn -0.099574 -0.000951 -0.009176
vn -0.099574 -0.000951 -0.009176
vn -0.099574 -0.000951 -0.009176
vn -0.099996 0.000192 0.000907
vn -0.099996 0.000192 0.000907
vn -0.099996 0.000192 0.000907
vn -0.099851 0.004208 0.003466
vn -0.099851 0.004208 0.003466
vn -0.099851 0.004208 0.003466
vn -0.099617 -0.000624 0.008719
vn -0.099617 -0.000624 0.008719
vn -0.099617 -0.000624 0.008719
vn -0.098280 0.001104 0.018435
vn -0.098280 0.001104 0.018435
vn -0.098280 0.001104 0.018435
vn -0.098330 0.001343 0.018152
vn -0.098330 0.001343 0.018152
vn -0.098330 0.001343 0.018152
vn -0.095897 -0.001390 0.028316
vn -0.095897 -0.001390 0.028316
vn -0.095897 -0.001390 0.028316
vn -0.099234 -0.001664 0.012240
vn -0.099234 -0.001664 0.012240
vn -0.099234 -0.001664 0.012240
vn -0.098598 -0.000428 0.016683
vn -0.098598 -0.000428 0.016683
vn -0.098598 -0.000428 0.016683
vn -0.097406 -0.001901 0.022548
vn -0.097406 -0.001901 0.022548
vn -0.097406 -0.001901 0.022548
vn -0.097548 -0.000215 0.022006
vn -0.097548 -0.000215 0.022006
vn -0.097548 -0.000215 0.022006
vn -0.095099 0.000430 0.030919
vn -0.095099 0.000430 0.030919
vn -0.095099 0.000430 0.030919
vn -0.093460 -0.004160 0.035325
vn -0.093460 -0.004160 0.035325
vn -0.093460 -0.004160 0.035325
vn -0.092379 -0.000036 0.038291
vn -0.092379 -0.000036 0.038291
vn -0.092379 -0.000036 0.038291
vn -0.088595 0.000038 0.046378
vn -0.088595 0.000038 0.046378
vn -0.088595 0.000038 0.046378
vn -0.093323 -0.007138 0.035211
vn -0.093323 -0.007138 0.035211
vn -0.093323 -0.007138 0.035211
vn -0.088473 -0.000002 0.046610
vn -0.088473 -0.000002 0.046610
vn -0.088473 -0.000002 0.046610
vn -0.087143 -0.001238 0.049036
vn -0.087143 -0.001238 0.049036
vn -0.087143 -0.001238 0.049036
vn -0.082624 0.000966 0.056323
vn -0.082624 0.000966 0.056323
vn -0.082624 0.000966 0.056323
vn -0.078732 -0.000928 0.061648
vn -0.078732 -0.000928 0.061648
vn -0.078732 -0.000928 0.061648
vn -0.085484 0.003059 0.051799
vn -0.085484 0.003059 0.051799
vn -0.085484 0.003059 0.051799
vn -0.085950 -0.000951 0.051104
vn -0.085950 -0.000951 0.051104
vn -0.085950 -0.000951 0.051104
vn -0.080365 0.000192 0.059510
vn -0.080365 0.000192 0.059510
vn -0.080365 0.000192 0.059510
vn -0.078744 0.004208 0.061495
vn -0.078744 0.004208 0.061495
vn -0.078744 0.004208 0.061495
vn -0.075467 -0.000624 0.065607
vn -0.075467 -0.000624 0.065607
vn -0.075467 -0.000624 0.065607
vn -0.068674 0.001104 0.072682
vn -0.068674 0.001104 0.072682
vn -0.068674 0.001104 0.072682
vn -0.068881 0.001343 0.072482
vn -0.068881 0.001343 0.072482
vn -0.068881 0.001343 0.072482
vn -0.060938 -0.001390 0.079275
vn -0.060938 -0.001390 0.079275
vn -0.060938 -0.001390 0.079275
vn -0.073088 -0.001664 0.068230
vn -0.073088 -0.001664 0.068230
vn -0.073088 -0.001664 0.068230
vn -0.069961 -0.000428 0.071451
vn -0.069961 -0.000428 0.071451
vn -0.069961 -0.000428 0.071451
vn -0.065550 -0.001901 0.075496
vn -0.065550 -0.001901 0.075496
vn -0.065550 -0.001901 0.075496
vn -0.065983 -0.000215 0.075141
vn -0.065983 -0.000215 0.075141
vn -0.065983 -0.000215 0.075141
vn -0.058763 0.000430 0.080912
vn -0.058763 0.000430 0.080912
vn -0.058763 0.000430 0.080912
vn -0.054847 -0.004160 0.083513
vn -0.054847 -0.004160 0.083513
vn -0.054847 -0.004160 0.083513
vn -0.052229 -0.000036 0.085277
vn -0.052229 -0.000036 0.085277
vn -0.052229 -0.000036 0.085277
vn -0.044415 0.000038 0.089595
vn -0.044415 0.000038 0.089595
vn -0.044415 0.000038 0.089595
vn -0.054804 -0.007137 0.083340
vn -0.054804 -0.007137 0.083340
vn -0.054804 -0.007137 0.083340
vn -0.044179 -0.000002 0.089712
vn -0.044179 -0.000002 0.089712
vn -0.044179 -0.000002 0.089712
vn -0.041678 -0.001238 0.090892
vn -0.041678 -0.001238 0.090892
vn -0.041678 -0.001238 0.090892
vn -0.033738 0.000966 0.094132
vn -0.033738 0.000966 0.094132
vn -0.033738 0.000966 0.094132
vn -0.027459 -0.000928 0.096152
vn -0.027459 -0.000928 0.096152
vn -0.027459 -0.000928 0.096152
vn -0.038711 0.003059 0.092152
vn -0.038711 0.003059 0.092152
vn -0.038711 0.003059 0.092152
vn -0.039497 -0.000951 0.091864
vn -0.039497 -0.000951 0.091864
vn -0.039497 -0.000951 0.091864
vn -0.030038 0.000192 0.095382
vn -0.030038 0.000192 0.095382
vn -0.030038 0.000192 0.095382
vn -0.027560 0.004208 0.096035
vn -0.027560 0.004208 0.096035
vn -0.027560 0.004208 0.096035
vn -0.022491 -0.000624 0.097436
vn -0.022491 -0.000624 0.097436
vn -0.022491 -0.000624 0.097436
vn -0.012837 0.001104 0.099166
vn -0.012837 0.001104 0.099166
vn -0.012837 0.001104 0.099166
vn -0.013122 0.001343 0.099126
vn -0.013122 0.001343 0.099126
vn -0.013122 0.001343 0.099126
vn -0.002703 -0.001390 0.099954
vn -0.002703 -0.001390 0.099954
vn -0.002703 -0.001390 0.099954
vn -0.019024 -0.001664 0.098160
vn -0.019024 -0.001664 0.098160
vn -0.019024 -0.001664 0.098160
vn -0.014602 -0.000428 0.098927
vn -0.014602 -0.000428 0.098927
vn -0.014602 -0.000428 0.098927
vn -0.008655 -0.001901 0.099607
vn -0.008655 -0.001901 0.099607
vn -0.008655 -0.001901 0.099607
vn -0.009215 -0.000215 0.099574
vn -0.009215 -0.000215 0.099574
vn -0.009215 -0.000215 0.099574
vn 0.000019 0.000430 0.099999
vn 0.000019 0.000430 0.099999
vn 0.000019 0.000430 0.099999
vn 0.004716 -0.004160 0.099802
vn 0.004716 -0.004160 0.099802
vn 0.004716 -0.004160 0.099802
vn 0.007870 -0.000036 0.099690
vn 0.007870 -0.000036 0.099690
vn 0.007870 -0.000036 0.099690
vn 0.016730 0.000038 0.098591
vn 0.016730 0.000038 0.098591
vn 0.016730 0.000038 0.098591
vn 0.004649 -0.007136 0.099637
vn 0.004649 -0.007136 0.099637
vn 0.004649 -0.007136 0.099637
vn 0.016990 -0.000002 0.098546
vn 0.016990 -0.000002 0.098546
vn 0.016990 -0.000002 0.098546
vn 0.019707 -0.001238 0.098031
vn 0.019707 -0.001238 0.098031
vn 0.019707 -0.001238 0.098031
vn 0.028035 0.000966 0.095985
vn 0.028035 0.000966 0.095985
vn 0.028035 0.000966 0.095985
vn 0.034301 -0.000928 0.093928
vn 0.034301 -0.000928 0.093928
vn 0.034301 -0.000928 0.093928
vn 0.022848 0.003059 0.097307
vn 0.022848 0.003059 0.097307
vn 0.022848 0.003059 0.097307
vn 0.022043 -0.000951 0.097536
vn 0.022043 -0.000951 0.097536
vn 0.022043 -0.000951 0.097536
vn 0.031763 0.000192 0.094821
vn 0.031763 0.000192 0.094821
vn 0.031763 0.000192 0.094821
vn 0.034152 0.004208 0.093893
vn 0.034152 0.004208 0.093893
vn 0.034152 0.004208 0.093893
vn 0.039075 -0.000624 0.092047
vn 0.039075 -0.000624 0.092047
vn 0.039075 -0.000624 0.092047
vn 0.047903 0.001104 0.087773
vn 0.047903 0.001104 0.087773
vn 0.047903 0.001104 0.087773
vn 0.047649 0.001343 0.087908
vn 0.047649 0.001343 0.087908
vn 0.047649 0.001343 0.087908
vn 0.056564 -0.001390 0.082453
vn 0.056564 -0.001390 0.082453
vn 0.056564 -0.001390 0.082453
vn 0.042306 -0.001664 0.090595
vn 0.042306 -0.001664 0.090595
vn 0.042306 -0.001664 0.090595
vn 0.046335 -0.000428 0.088617
vn 0.046335 -0.000428 0.088617
vn 0.046335 -0.000428 0.088617
vn 0.051545 -0.001901 0.085671
vn 0.051545 -0.001901 0.085671
vn 0.051545 -0.001901 0.085671
vn 0.051073 -0.000215 0.085974
vn 0.051073 -0.000215 0.085974
vn 0.051073 -0.000215 0.085974
vn 0.058793 0.000430 0.080890
vn 0.058793 0.000430 0.080890
vn 0.058793 0.000430 0.080890
vn 0.074300 -0.065753 -0.012493
vn 0.074300 -0.065753 -0.012493
vn 0.074300 -0.065753 -0.012493
vn 0.062429 -0.004237 0.078004
vn 0.062429 -0.004237 0.078004
vn 0.062429 -0.004237 0.078004
vn 0.073564 -0.001238 0.067726
vn 0.073564 -0.001238 0.067726
vn 0.073564 -0.001238 0.067726
vn 0.071669 -0.000002 0.069739
vn 0.071669 -0.000002 0.069739
vn 0.071669 -0.000002 0.069739
vn 0.071485 0.000038 0.069928
vn 0.071485 0.000038 0.069928
vn 0.071485 0.000038 0.069928
vn 0.067320 0.001788 0.073924
vn 0.067320 0.001788 0.073924
vn 0.067320 0.001788 0.073924
vn 0.082960 -0.000928 0.055828
vn 0.082960 -0.000928 0.055828
vn 0.082960 -0.000928 0.055828
vn 0.079099 0.000966 0.061175
vn 0.079099 0.000966 0.061175
vn 0.079099 0.000966 0.061175
vn 0.075680 0.003059 0.065293
vn 0.075680 0.003059 0.065293
vn 0.075680 0.003059 0.065293
vn 0.075163 -0.000951 0.065952
vn 0.075163 -0.000951 0.065952
vn 0.075163 -0.000951 0.065952
vn 0.081431 0.000192 0.058042
vn 0.081431 0.000192 0.058042
vn 0.081431 0.000192 0.058042
vn 0.082818 0.004208 0.055887
vn 0.082818 0.004208 0.055887
vn 0.082818 0.004208 0.055887
vn 0.085717 -0.000624 0.051500
vn 0.085717 -0.000624 0.051500
vn 0.085717 -0.000624 0.051500
vn 0.090346 0.001104 0.042853
vn 0.090346 0.001104 0.042853
vn 0.090346 0.001104 0.042853
vn 0.090220 0.001343 0.043111
vn 0.090220 0.001343 0.043111
vn 0.090220 0.001343 0.043111
vn 0.094226 -0.001390 0.033459
vn 0.094226 -0.001390 0.033459
vn 0.094226 -0.001390 0.033459
vn 0.087476 -0.001664 0.048426
vn 0.087476 -0.001664 0.048426
vn 0.087476 -0.001664 0.048426
vn 0.089573 -0.000428 0.044457
vn 0.089573 -0.000428 0.044457
vn 0.089573 -0.000428 0.044457
vn 0.092057 -0.001901 0.039012
vn 0.092057 -0.001901 0.039012
vn 0.092057 -0.001901 0.039012
vn 0.091853 -0.000215 0.039534
vn 0.091853 -0.000215 0.039534
vn 0.091853 -0.000215 0.039534
vn 0.095111 0.000430 0.030884
vn 0.095111 0.000430 0.030884
vn 0.095111 0.000430 0.030884
vn 0.052787 -0.065747 -0.053766
vn 0.052787 -0.065747 -0.053766
vn 0.052787 -0.065747 -0.053766
vn 0.096356 -0.004237 0.026412
vn 0.096356 -0.004237 0.026412
vn 0.096356 -0.004237 0.026412
vn 0.099323 -0.001238 0.011551
vn 0.099323 -0.001238 0.011551
vn 0.099323 -0.001238 0.011551
vn 0.098973 -0.000002 0.014294
vn 0.098973 -0.000002 0.014294
vn 0.098973 -0.000002 0.014294
vn 0.098935 0.000038 0.014554
vn 0.098935 0.000038 0.014554
vn 0.098935 0.000038 0.014554
vn 0.097915 0.001788 0.020236
vn 0.097915 0.001788 0.020236
vn 0.097915 0.001788 0.020236
vn 0.099931 -0.000928 -0.003597
vn 0.099931 -0.000928 -0.003597
vn 0.099931 -0.000928 -0.003597
vn 0.099950 0.000966 0.002999
vn 0.099950 0.000966 0.002999
vn 0.099950 0.000966 0.002999
vn 0.099605 0.003059 0.008340
vn 0.099605 0.003059 0.008340
vn 0.099605 0.003059 0.008340
vn 0.099574 -0.000951 0.009176
vn 0.099574 -0.000951 0.009176
vn 0.099574 -0.000951 0.009176
vn 0.099996 0.000192 -0.000907
vn 0.099996 0.000192 -0.000907
vn 0.099996 0.000192 -0.000907
vn 0.099851 0.004208 -0.003466
vn 0.099851 0.004208 -0.003466
vn 0.099851 0.004208 -0.003466
vn 0.099617 -0.000624 -0.008719
vn 0.099617 -0.000624 -0.008719
vn 0.099617 -0.000624 -0.008719
vn 0.098280 0.001104 -0.018435
vn 0.098280 0.001104 -0.018435
vn 0.098280 0.001104 -0.018435
vn 0.098330 0.001343 -0.018152
vn 0.098330 0.001343 -0.018152
vn 0.098330 0.001343 -0.018152
vn 0.095897 -0.001390 -0.028316
vn 0.095897 -0.001390 -0.028316
vn 0.095897 -0.001390 -0.028316
vn 0.099234 -0.001664 -0.012240
vn 0.099234 -0.001664 -0.012240
vn 0.099234 -0.001664 -0.012240
vn 0.098598 -0.000428 -0.016683
vn 0.098598 -0.000428 -0.016683
vn 0.098598 -0.000428 -0.016683
vn 0.097406 -0.001901 -0.022548
vn 0.097406 -0.001901 -0.022548
vn 0.097406 -0.001901 -0.022548
vn 0.097548 -0.000215 -0.022006
vn 0.097548 -0.000215 -0.022006
vn 0.097548 -0.000215 -0.022006
vn 0.095099 0.000430 -0.030919
vn 0.095099 0.000430 -0.030919
vn 0.095099 0.000430 -0.030919
vn 0.011067 -0.065756 -0.074523
vn 0.011067 -0.065756 -0.074523
vn 0.011067 -0.065756 -0.074523
vn 0.093478 -0.004237 -0.035269
vn 0.093478 -0.004237 -0.035269
vn 0.093478 -0.004237 -0.035269
vn 0.087143 -0.001238 -0.049036
vn 0.087143 -0.001238 -0.049036
vn 0.087143 -0.001238 -0.049036
vn 0.088473 -0.000002 -0.046610
vn 0.088473 -0.000002 -0.046610
vn 0.088473 -0.000002 -0.046610
vn 0.088595 0.000038 -0.046378
vn 0.088595 0.000038 -0.046378
vn 0.088595 0.000038 -0.046378
vn 0.091109 0.001788 -0.041182
vn 0.091109 0.001788 -0.041182
vn 0.091109 0.001788 -0.041182
vn 0.078732 -0.000928 -0.061648
vn 0.078732 -0.000928 -0.061648
vn 0.078732 -0.000928 -0.061648
vn 0.082624 0.000966 -0.056323
vn 0.082624 0.000966 -0.056323
vn 0.082624 0.000966 -0.056323
vn 0.085484 0.003059 -0.051799
vn 0.085484 0.003059 -0.051799
vn 0.085484 0.003059 -0.051799
vn 0.085950 -0.000951 -0.051104
vn 0.085950 -0.000951 -0.051104
vn 0.085950 -0.000951 -0.051104
vn 0.080365 0.000192 -0.059510
vn 0.080365 0.000192 -0.059510
vn 0.080365 0.000192 -0.059510
vn 0.078744 0.004208 -0.061495
vn 0.078744 0.004208 -0.061495
vn 0.078744 0.004208 -0.061495
vn 0.075467 -0.000624 -0.065607
vn 0.075467 -0.000624 -0.065607
vn 0.075467 -0.000624 -0.065607
vn 0.068674 0.001104 -0.072682
vn 0.068674 0.001104 -0.072682
vn 0.068674 0.001104 -0.072682
vn 0.068881 0.001343 -0.072482
vn 0.068881 0.001343 -0.072482
vn 0.068881 0.001343 -0.072482
vn 0.060938 -0.001390 -0.079275
vn 0.060938 -0.001390 -0.079275
vn 0.060938 -0.001390 -0.079275
vn 0.073088 -0.001664 -0.068230
vn 0.073088 -0.001664 -0.068230
vn 0.073088 -0.001664 -0.068230
vn 0.069961 -0.000428 -0.071451
vn 0.069961 -0.000428 -0.071451
vn 0.069961 -0.000428 -0.071451
vn 0.065550 -0.001901 -0.075496
vn 0.065550 -0.001901 -0.075496
vn 0.065550 -0.001901 -0.075496
vn 0.065983 -0.000215 -0.075141
vn 0.065983 -0.000215 -0.075141
vn 0.065983 -0.000215 -0.075141
vn 0.058763 0.000430 -0.080912
vn 0.058763 0.000430 -0.080912
vn 0.058763 0.000430 -0.080912
vn -0.034849 -0.065755 -0.066797
vn -0.034849 -0.065755 -0.066797
vn -0.034849 -0.065755 -0.066797
vn 0.054895 -0.004237 -0.083478
vn 0.054895 -0.004237 -0.083478
vn 0.054895 -0.004237 -0.083478
vn 0.027641 0.006725 -0.095868
vn 0.027641 0.006725 -0.095868
vn 0.027641 0.006725 -0.095868
vn 0.052229 -0.000036 -0.085277
vn 0.052229 -0.000036 -0.085277
vn 0.052229 -0.000036 -0.085277
vn 0.056871 0.001985 -0.082230
vn 0.056871 0.001985 -0.082230
vn 0.056871 0.001985 -0.082230
vn 0.052719 -0.002786 -0.084929
vn 0.052719 -0.002786 -0.084929
vn 0.052719 -0.002786 -0.084929
vn 0.078712 0.006725 -0.061312
vn 0.078712 0.006725 -0.061312
vn 0.078712 0.006725 -0.061312
vn 0.092379 -0.000036 -0.038291
vn 0.092379 -0.000036 -0.038291
vn 0.092379 -0.000036 -0.038291
vn 0.094343 0.001985 -0.033097
vn 0.094343 0.001985 -0.033097
vn 0.094343 0.001985 -0.033097
vn 0.092571 -0.002786 -0.037721
vn 0.092571 -0.002786 -0.037721
vn 0.092571 -0.002786 -0.037721
vn 0.099718 0.006726 -0.003337
vn 0.099718 0.006726 -0.003337
vn 0.099718 0.006726 -0.003337
vn 0.097243 -0.000036 0.023321
vn 0.097243 -0.000036 0.023321
vn 0.097243 -0.000036 0.023321
vn 0.095779 0.001985 0.028677
vn 0.095779 0.001985 0.028677
vn 0.095779 0.001985 0.028677
vn 0.097063 -0.002785 0.023896
vn 0.097063 -0.002785 0.023896
vn 0.097063 -0.002785 0.023896
vn 0.082635 0.006726 0.055913
vn 0.082635 0.006726 0.055913
vn 0.082635 0.006726 0.055913
vn 0.064963 -0.000036 0.076025
vn 0.064963 -0.000036 0.076025
vn 0.064963 -0.000036 0.076025
vn 0.060631 0.001985 0.079498
vn 0.060631 0.001985 0.079498
vn 0.060631 0.001985 0.079498
vn 0.064481 -0.002786 0.076384
vn 0.064481 -0.002786 0.076384
vn 0.064481 -0.002786 0.076384
vn 0.033988 0.006727 0.093806
vn 0.033988 0.006727 0.093806
vn 0.033988 0.006727 0.093806
vn 0.011012 0.001788 0.099376
vn 0.011012 0.001788 0.099376
vn 0.011012 0.001788 0.099376
vn 0.002324 0.001985 0.099953
vn 0.002324 0.001985 0.099953
vn 0.002324 0.001985 0.099953
vn 0.007268 -0.002785 0.099697
vn 0.007268 -0.002785 0.099697
vn 0.007268 -0.002785 0.099697
vn -0.027641 0.006725 0.095868
vn -0.027641 0.006725 0.095868
vn -0.027641 0.006725 0.095868
vn -0.049503 0.001788 0.086869
vn -0.049503 0.001788 0.086869
vn -0.049503 0.001788 0.086869
vn -0.056871 0.001985 0.082230
vn -0.056871 0.001985 0.082230
vn -0.056871 0.001985 0.082230
vn -0.052719 -0.002786 0.084929
vn -0.052719 -0.002786 0.084929
vn -0.052719 -0.002786 0.084929
vn -0.078712 0.006725 0.061312
vn -0.078712 0.006725 0.061312
vn -0.078712 0.006725 0.061312
vn -0.091109 0.001788 0.041182
vn -0.091109 0.001788 0.041182
vn -0.091109 0.001788 0.041182
vn -0.094343 0.001985 0.033097
vn -0.094343 0.001985 0.033097
vn -0.094343 0.001985 0.033097
vn -0.092571 -0.002786 0.037721
vn -0.092571 -0.002786 0.037721
vn -0.092571 -0.002786 0.037721
vn -0.099718 0.006726 0.003337
vn -0.099718 0.006726 0.003337
vn -0.099718 0.006726 0.003337
vn -0.097915 0.001788 -0.020236
vn -0.097915 0.001788 -0.020236
vn -0.097915 0.001788 -0.020236
vn -0.095779 0.001985 -0.028677
vn -0.095779 0.001985 -0.028677
vn -0.095779 0.001985 -0.028677
vn -0.097063 -0.002785 -0.023896
vn -0.097063 -0.002785 -0.023896
vn -0.097063 -0.002785 -0.023896
vn -0.082635 0.006726 -0.055913
vn -0.082635 0.006726 -0.055913
vn -0.082635 0.006726 -0.055913
vn -0.067320 0.001788 -0.073924
vn -0.067320 0.001788 -0.073924
vn -0.067320 0.001788 -0.073924
vn -0.060631 0.001985 -0.079498
vn -0.060631 0.001985 -0.079498
vn -0.060631 0.001985 -0.079498
vn -0.064481 -0.002786 -0.076384
vn -0.064481 -0.002786 -0.076384
vn -0.064481 -0.002786 -0.076384
vn -0.033988 0.006727 -0.093806
vn -0.033988 0.006727 -0.093806
vn -0.033988 0.006727 -0.093806
vn -0.011012 0.001788 -0.099376
vn -0.011012 0.001788 -0.099376
vn -0.011012 0.001788 -0.099376
vn -0.002324 0.001985 -0.099953
vn -0.002324 0.001985 -0.099953
vn -0.002324 0.001985 -0.099953
vn -0.007268 -0.002785 -0.099697
vn -0.007268 -0.002785 -0.099697
vn -0.007268 -0.002785 -0.099697
vn 0.084108 -0.001734 -0.054064
vn 0.084108 -0.001734 -0.054064
vn 0.084108 -0.001734 -0.054064
vn 0.085871 0.001324 -0.051229
vn 0.085871 0.001324 -0.051229
vn 0.085871 0.001324 -0.051229
vn 0.088204 -0.000703 -0.047112
vn 0.088204 -0.000703 -0.047112
vn 0.088204 -0.000703 -0.047112
vn 0.089472 0.000435 -0.044662
vn 0.089472 0.000435 -0.044662
vn 0.089472 0.000435 -0.044662
vn 0.093197 -0.001169 -0.036235
vn 0.093197 -0.001169 -0.036235
vn 0.093197 -0.001169 -0.036235
vn 0.092521 0.002656 -0.037852
vn 0.092521 0.002656 -0.037852
vn 0.092521 0.002656 -0.037852
vn 0.094200 0.000439 -0.033557
vn 0.094200 0.000439 -0.033557
vn 0.094200 0.000439 -0.033557
vn 0.092123 -0.000732 -0.038894
vn 0.092123 -0.000732 -0.038894
vn 0.092123 -0.000732 -0.038894
vn 0.089446 0.004790 -0.044458
vn 0.089446 0.004790 -0.044458
vn 0.089446 0.004790 -0.044458
vn 0.095199 0.000114 -0.030613
vn 0.095199 0.000114 -0.030613
vn 0.095199 0.000114 -0.030613
vn 0.096636 0.001413 -0.025681
vn 0.096636 0.001413 -0.025681
vn 0.096636 0.001413 -0.025681
vn 0.080402 0.035141 -0.047965
vn 0.080402 0.035141 -0.047965
vn 0.080402 0.035141 -0.047965
vn 0.079566 0.034974 -0.049459
vn 0.079566 0.034974 -0.049459
vn 0.079566 0.034974 -0.049459
vn 0.086545 0.025681 -0.043016
vn 0.086545 0.025681 -0.043016
vn 0.086545 0.025681 -0.043016
vn 0.085492 0.025652 -0.045089
vn 0.085492 0.025652 -0.045089
vn 0.085492 0.025652 -0.045089
vn 0.079379 0.054543 -0.026908
vn 0.079379 0.054543 -0.026908
vn 0.079379 0.054543 -0.026908
vn 0.063732 0.070272 -0.031624
vn 0.063732 0.070272 -0.031624
vn 0.063732 0.070272 -0.031624
vn 0.040425 0.091427 -0.002648
vn 0.040425 0.091427 -0.002648
vn 0.040425 0.091427 -0.002648
vn 0.031641 0.094585 -0.007243
vn 0.031641 0.094585 -0.007243
vn 0.031641 0.094585 -0.007243
vn 0.026140 0.091809 -0.029796
vn 0.026140 0.091809 -0.029796
vn 0.026140 0.091809 -0.029796
vn 0.065854 0.070292 -0.026874
vn 0.065854 0.070292 -0.026874
vn 0.065854 0.070292 -0.026874
vn 0.038136 0.091815 -0.010751
vn 0.038136 0.091815 -0.010751
vn 0.038136 0.091815 -0.010751
vn -0.040477 0.068884 -0.060138
vn -0.040477 0.068884 -0.060138
vn -0.040477 0.068884 -0.060138
vn -0.040715 0.068040 -0.060934
vn -0.040715 0.068040 -0.060934
vn -0.040715 0.068040 -0.060934
vn -0.040039 0.068956 -0.060349
vn -0.040039 0.068956 -0.060349
vn -0.040039 0.068956 -0.060349
vn -0.039786 0.069767 -0.059579
vn -0.039786 0.069767 -0.059579
vn -0.039786 0.069767 -0.059579
vn 0.028195 -0.071232 0.064274
vn 0.028195 -0.071232 0.064274
vn 0.028195 -0.071232 0.064274
vn 0.028652 -0.070369 0.065017
vn 0.028652 -0.070369 0.065017
vn 0.028652 -0.070369 0.065017
vn 0.028419 -0.071213 0.064195
vn 0.028419 -0.071213 0.064195
vn 0.028419 -0.071213 0.064195
vn 0.027964 -0.072045 0.063462
vn 0.027964 -0.072045 0.063462
vn 0.027964 -0.072045 0.063462
vn 0.027630 0.073084 0.062412
vn 0.027630 0.073084 0.062412
vn 0.027630 0.073084 0.062412
vn 0.022958 0.072000 0.065490
vn 0.022958 0.072000 0.065490
vn 0.022958 0.072000 0.065490
vn 0.021969 0.072337 0.065458
vn 0.021969 0.072337 0.065458
vn 0.021969 0.072337 0.065458
vn 0.021971 0.072334 0.065461
vn 0.021971 0.072334 0.065461
vn 0.021971 0.072334 0.065461
vn 0.014511 0.070632 0.069286
vn 0.014511 0.070632 0.069286
vn 0.014511 0.070632 0.069286
vn 0.024952 0.073636 0.062890
vn 0.024952 0.073636 0.062890
vn 0.024952 0.073636 0.062890
vn 0.014258 -0.071848 0.068078
vn 0.014258 -0.071848 0.068078
vn 0.014258 -0.071848 0.068078
vn 0.016172 -0.070960 0.068579
vn 0.016172 -0.070960 0.068579
vn 0.016172 -0.070960 0.068579
vn 0.019124 -0.071794 0.066932
vn 0.019124 -0.071794 0.066932
vn 0.019124 -0.071794 0.066932
vn 0.019452 -0.070616 0.068081
vn 0.019452 -0.070616 0.068081
vn 0.019452 -0.070616 0.068081
vn 0.023683 -0.072275 0.064926
vn 0.023683 -0.072275 0.064926
vn 0.023683 -0.072275 0.064926
vn 0.015615 -0.072620 0.066952
vn 0.015615 -0.072620 0.066952
vn 0.015615 -0.072620 0.066952
vn -0.023924 -0.071595 -0.065588
vn -0.023924 -0.071595 -0.065588
vn -0.023924 -0.071595 -0.065588
vn -0.025776 -0.071087 -0.065439
vn -0.025776 -0.071087 -0.065439
vn -0.025776 -0.071087 -0.065439
vn -0.029156 -0.072260 -0.062677
vn -0.029156 -0.072260 -0.062677
vn -0.029156 -0.072260 -0.062677
vn -0.027331 -0.072745 -0.062938
vn -0.027331 -0.072745 -0.062938
vn -0.027331 -0.072745 -0.062938
vn -0.029571 0.071308 -0.063567
vn -0.029571 0.071308 -0.063567
vn -0.029571 0.071308 -0.063567
vn -0.028106 0.070481 -0.065134
vn -0.028106 0.070481 -0.065134
vn -0.028106 0.070481 -0.065134
vn -0.025832 0.071357 -0.065122
vn -0.025832 0.071357 -0.065122
vn -0.025832 0.071357 -0.065122
vn -0.027323 0.072154 -0.063618
vn -0.027323 0.072154 -0.063618
vn -0.027323 0.072154 -0.063618
vn -0.025293 -0.072764 -0.063763
vn -0.025293 -0.072764 -0.063763
vn -0.025293 -0.072764 -0.063763
vn -0.029581 -0.072136 -0.062621
vn -0.029581 -0.072136 -0.062621
vn -0.029581 -0.072136 -0.062621
vn -0.031937 -0.073750 -0.059506
vn -0.031937 -0.073750 -0.059506
vn -0.031937 -0.073750 -0.059506
vn -0.033250 -0.073122 -0.059561
vn -0.033250 -0.073122 -0.059561
vn -0.033250 -0.073122 -0.059561
vn -0.036818 -0.075181 -0.054702
vn -0.036818 -0.075181 -0.054702
vn -0.036818 -0.075181 -0.054702
vn -0.030114 -0.074058 -0.060072
vn -0.030114 -0.074058 -0.060072
vn -0.030114 -0.074058 -0.060072
vn -0.029746 -0.073568 -0.060852
vn -0.029746 -0.073568 -0.060852
vn -0.029746 -0.073568 -0.060852
vn -0.043914 0.060750 -0.066189
vn -0.043914 0.060750 -0.066189
vn -0.043914 0.060750 -0.066189
vn -0.045338 0.069990 -0.055189
vn -0.045338 0.069990 -0.055189
vn -0.045338 0.069990 -0.055189
vn -0.075430 0.049226 -0.043441
vn -0.075430 0.049226 -0.043441
vn -0.075430 0.049226 -0.043441
vn -0.077456 0.051889 -0.036167
vn -0.077456 0.051889 -0.036167
vn -0.077456 0.051889 -0.036167
vn -0.092796 0.010176 -0.035852
vn -0.092796 0.010176 -0.035852
vn -0.092796 0.010176 -0.035852
vn -0.075258 0.042088 -0.050644
vn -0.075258 0.042088 -0.050644
vn -0.075258 0.042088 -0.050644
vn -0.074959 0.049591 -0.043839
vn -0.074959 0.049591 -0.043839
vn -0.074959 0.049591 -0.043839
vn -0.045812 0.058835 -0.066632
vn -0.045812 0.058835 -0.066632
vn -0.045812 0.058835 -0.066632
vn -0.096896 0.014116 0.020295
vn -0.096896 0.014116 0.020295
vn -0.096896 0.014116 0.020295
vn -0.097024 0.007657 0.022971
vn -0.097024 0.007657 0.022971
vn -0.097024 0.007657 0.022971
vn -0.096265 -0.003333 0.026867
vn -0.096265 -0.003333 0.026867
vn -0.096265 -0.003333 0.026867
vn -0.096650 0.002463 0.025547
vn -0.096650 0.002463 0.025547
vn -0.096650 0.002463 0.025547
vn -0.094349 0.017056 0.028413
vn -0.094349 0.017056 0.028413
vn -0.094349 0.017056 0.028413
vn -0.098394 0.004838 0.017180
vn -0.098394 0.004838 0.017180
vn -0.098394 0.004838 0.017180
vn 0.084337 -0.025681 0.047200
vn 0.084337 -0.025681 0.047200
vn 0.084337 -0.025681 0.047200
vn 0.083797 -0.001686 0.054546
vn 0.083797 -0.001686 0.054546
vn 0.083797 -0.001686 0.054546
vn 0.076929 -0.018085 0.061277
vn 0.076929 -0.018085 0.061277
vn 0.076929 -0.018085 0.061277
vn 0.066823 -0.045172 0.059112
vn 0.066823 -0.045172 0.059112
vn 0.066823 -0.045172 0.059112
vn 0.058617 -0.047249 0.065815
vn 0.058617 -0.047249 0.065815
vn 0.058617 -0.047249 0.065815
vn 0.045884 -0.063568 0.062079
vn 0.045884 -0.063568 0.062079
vn 0.045884 -0.063568 0.062079
vn 0.032761 -0.057874 0.074682
vn 0.032761 -0.057874 0.074682
vn 0.032761 -0.057874 0.074682
vn 0.068379 -0.043313 0.058722
vn 0.068379 -0.043313 0.058722
vn 0.068379 -0.043313 0.058722
vn 0.058551 -0.061178 0.053189
vn 0.058551 -0.061178 0.053189
vn 0.058551 -0.061178 0.053189
vn 0.083606 -0.000742 -0.054859
vn 0.083606 -0.000742 -0.054859
vn 0.083606 -0.000742 -0.054859
vn 0.080187 -0.000123 -0.059750
vn 0.080187 -0.000123 -0.059750
vn 0.080187 -0.000123 -0.059750
vn 0.079023 -0.000608 -0.061278
vn 0.079023 -0.000608 -0.061278
vn 0.079023 -0.000608 -0.061278
vn 0.078757 -0.001016 -0.061614
vn 0.078757 -0.001016 -0.061614
vn 0.078757 -0.001016 -0.061614
vn 0.071292 0.000937 -0.070118
vn 0.071292 0.000937 -0.070118
vn 0.071292 0.000937 -0.070118
vn 0.070509 0.000174 -0.070911
vn 0.070509 0.000174 -0.070911
vn 0.070509 0.000174 -0.070911
vn 0.064845 0.001503 -0.076111
vn 0.064845 0.001503 -0.076111
vn 0.064845 0.001503 -0.076111
vn 0.063507 0.003264 -0.077177
vn 0.063507 0.003264 -0.077177
vn 0.063507 0.003264 -0.077177
vn 0.074603 0.000663 -0.066588
vn 0.074603 0.000663 -0.066588
vn 0.074603 0.000663 -0.066588
vn 0.070472 0.003259 -0.070874
vn 0.070472 0.003259 -0.070874
vn 0.070472 0.003259 -0.070874
vn 0.068078 -0.025628 -0.068619
vn 0.068078 -0.025628 -0.068619
vn 0.068078 -0.025628 -0.068619
vn 0.058440 -0.036445 -0.072502
vn 0.058440 -0.036445 -0.072502
vn 0.058440 -0.036445 -0.072502
vn 0.055484 -0.065740 -0.050987
vn 0.055484 -0.065740 -0.050987
vn 0.055484 -0.065740 -0.050987
vn 0.049875 -0.073396 -0.046103
vn 0.049875 -0.073396 -0.046103
vn 0.049875 -0.073396 -0.046103
vn 0.040016 -0.089156 -0.021211
vn 0.040016 -0.089156 -0.021211
vn 0.040016 -0.089156 -0.021211
vn 0.022606 -0.095757 -0.017878
vn 0.022606 -0.095757 -0.017878
vn 0.022606 -0.095757 -0.017878
vn 0.066868 -0.025718 -0.069766
vn 0.066868 -0.025718 -0.069766
vn 0.066868 -0.025718 -0.069766
vn 0.066818 -0.054404 -0.050750
vn 0.066818 -0.054404 -0.050750
vn 0.066818 -0.054404 -0.050750
vn 0.013617 -0.093542 -0.032625
vn 0.013617 -0.093542 -0.032625
vn 0.013617 -0.093542 -0.032625
vn 0.060334 -0.036671 -0.070817
vn 0.060334 -0.036671 -0.070817
vn 0.060334 -0.036671 -0.070817
vn 0.036885 -0.068782 0.062518
vn 0.036885 -0.068782 0.062518
vn 0.036885 -0.068782 0.062518
vn 0.041370 -0.070526 0.057572
vn 0.041370 -0.070526 0.057572
vn 0.041370 -0.070526 0.057572
vn 0.041927 -0.069554 0.058347
vn 0.041927 -0.069554 0.058347
vn 0.041927 -0.069554 0.058347
vn 0.047344 -0.071217 0.051832
vn 0.047344 -0.071217 0.051832
vn 0.047344 -0.071217 0.051832
vn -0.056373 -0.070193 -0.043532
vn -0.056373 -0.070193 -0.043532
vn -0.056373 -0.070193 -0.043532
vn -0.057105 -0.069323 -0.043969
vn -0.057105 -0.069323 -0.043969
vn -0.057105 -0.069323 -0.043969
vn -0.056503 -0.070183 -0.043379
vn -0.056503 -0.070183 -0.043379
vn -0.056503 -0.070183 -0.043379
vn -0.055778 -0.071023 -0.042949
vn -0.055778 -0.071023 -0.042949
vn -0.055778 -0.071023 -0.042949
vn -0.054636 0.072495 -0.041945
vn -0.054636 0.072495 -0.041945
vn -0.054636 0.072495 -0.041945
vn -0.051331 0.072016 -0.046678
vn -0.051331 0.072016 -0.046678
vn -0.051331 0.072016 -0.046678
vn -0.049576 0.071735 -0.048952
vn -0.049576 0.071735 -0.048952
vn -0.049576 0.071735 -0.048952
vn -0.045734 0.070880 -0.053708
vn -0.045734 0.070880 -0.053708
vn -0.045734 0.070880 -0.053708
vn -0.051132 0.070045 -0.049792
vn -0.051132 0.070045 -0.049792
vn -0.051132 0.070045 -0.049792
vn -0.046702 0.073510 -0.049144
vn -0.046702 0.073510 -0.049144
vn -0.046702 0.073510 -0.049144
vn -0.044599 -0.072579 -0.052376
vn -0.044599 -0.072579 -0.052376
vn -0.044599 -0.072579 -0.052376
vn -0.046745 -0.071684 -0.051733
vn -0.046745 -0.071684 -0.051733
vn -0.046745 -0.071684 -0.051733
vn -0.047687 -0.072469 -0.049742
vn -0.047687 -0.072469 -0.049742
vn -0.047687 -0.072469 -0.049742
vn -0.045387 -0.073325 -0.050631
vn -0.045387 -0.073325 -0.050631
vn -0.045387 -0.073325 -0.050631
vn -0.049312 0.070162 -0.051436
vn -0.049312 0.070162 -0.051436
vn -0.049312 0.070162 -0.051436
vn -0.047598 0.069268 -0.054189
vn -0.047598 0.069268 -0.054189
vn -0.047598 0.069268 -0.054189
vn -0.044835 0.070104 -0.055454
vn -0.044835 0.070104 -0.055454
vn -0.044835 0.070104 -0.055454
vn -0.046645 0.070969 -0.052798
vn -0.046645 0.070969 -0.052798
vn -0.046645 0.070969 -0.052798
vn 0.043758 0.071805 0.054122
vn 0.043758 0.071805 0.054122
vn 0.043758 0.071805 0.054122
vn 0.039314 0.073266 0.055557
vn 0.039314 0.073266 0.055557
vn 0.039314 0.073266 0.055557
vn 0.038135 0.073441 0.056144
vn 0.038135 0.073441 0.056144
vn 0.038135 0.073441 0.056144
vn 0.037635 0.074011 0.055731
vn 0.037635 0.074011 0.055731
vn 0.037635 0.074011 0.055731
vn 0.034559 0.073311 0.058576
vn 0.034559 0.073311 0.058576
vn 0.034559 0.073311 0.058576
vn 0.039639 0.072371 0.056490
vn 0.039639 0.072371 0.056490
vn 0.039639 0.072371 0.056490
vn 0.048234 -0.069817 0.052906
vn 0.048234 -0.069817 0.052906
vn 0.048234 -0.069817 0.052906
vn 0.051705 -0.064048 0.056785
vn 0.051705 -0.064048 0.056785
vn 0.051705 -0.064048 0.056785
vn 0.055101 -0.057579 0.060403
vn 0.055101 -0.057579 0.060403
vn 0.055101 -0.057579 0.060403
vn 0.051812 -0.064015 0.056723
vn 0.051812 -0.064015 0.056723
vn 0.051812 -0.064015 0.056723
vn 0.051660 0.064487 0.056326
vn 0.051660 0.064487 0.056326
vn 0.051660 0.064487 0.056326
vn 0.063273 0.067669 0.037648
vn 0.063273 0.067669 0.037648
vn 0.063273 0.067669 0.037648
vn 0.083645 0.046325 0.029285
vn 0.083645 0.046325 0.029285
vn 0.083645 0.046325 0.029285
vn 0.088981 0.042589 0.016385
vn 0.088981 0.042589 0.016385
vn 0.088981 0.042589 0.016385
vn 0.098290 0.004473 0.017865
vn 0.098290 0.004473 0.017865
vn 0.098290 0.004473 0.017865
vn 0.085866 0.039039 0.033211
vn 0.085866 0.039039 0.033211
vn 0.085866 0.039039 0.033211
vn 0.082200 0.047991 0.030659
vn 0.082200 0.047991 0.030659
vn 0.082200 0.047991 0.030659
vn 0.067346 0.056053 0.048193
vn 0.067346 0.056053 0.048193
vn 0.067346 0.056053 0.048193
vn 0.067277 0.055846 0.048529
vn 0.067277 0.055846 0.048529
vn 0.067277 0.055846 0.048529
vn -0.078267 -0.005995 0.061954
vn -0.078267 -0.005995 0.061954
vn -0.078267 -0.005995 0.061954
vn -0.078471 -0.005117 0.061775
vn -0.078471 -0.005117 0.061775
vn -0.078471 -0.005117 0.061775
vn -0.078353 -0.004153 0.061996
vn -0.078353 -0.004153 0.061996
vn -0.078353 -0.004153 0.061996
vn -0.078153 -0.005185 0.062171
vn -0.078153 -0.005185 0.062171
vn -0.078153 -0.005185 0.062171
vn -0.098809 -0.002570 -0.015175
vn -0.098809 -0.002570 -0.015175
vn -0.098809 -0.002570 -0.015175
vn -0.095512 -0.028847 -0.006731
vn -0.095512 -0.028847 -0.006731
vn -0.095512 -0.028847 -0.006731
vn -0.087513 -0.043233 -0.021733
vn -0.087513 -0.043233 -0.021733
vn -0.087513 -0.043233 -0.021733
vn -0.077961 -0.059607 -0.019211
vn -0.077961 -0.059607 -0.019211
vn -0.077961 -0.059607 -0.019211
vn -0.061338 -0.063198 -0.047367
vn -0.061338 -0.063198 -0.047367
vn -0.061338 -0.063198 -0.047367
vn -0.086601 -0.044401 -0.022998
vn -0.086601 -0.044401 -0.022998
vn -0.086601 -0.044401 -0.022998
vn -0.086794 -0.044342 -0.022376
vn -0.086794 -0.044342 -0.022376
vn -0.086794 -0.044342 -0.022376
vn -0.098492 -0.004853 -0.016604
vn -0.098492 -0.004853 -0.016604
vn -0.098492 -0.004853 -0.016604
vn 0.099822 -0.001734 0.005698
vn 0.099822 -0.001734 0.005698
vn 0.099822 -0.001734 0.005698
vn 0.099583 0.001324 0.009029
vn 0.099583 0.001324 0.009029
vn 0.099583 0.001324 0.009029
vn 0.099050 -0.000703 0.013731
vn 0.099050 -0.000703 0.013731
vn 0.099050 -0.000703 0.013731
vn 0.098635 0.000435 0.016458
vn 0.098635 0.000435 0.016458
vn 0.098635 0.000435 0.016458
vn 0.096696 -0.001169 0.025465
vn 0.096696 -0.001169 0.025465
vn 0.096696 -0.001169 0.025465
vn 0.097100 0.002656 0.023759
vn 0.097100 0.002656 0.023759
vn 0.097100 0.002656 0.023759
vn 0.095934 0.000439 0.028221
vn 0.095934 0.000439 0.028221
vn 0.095934 0.000439 0.028221
vn 0.097391 -0.000732 0.022682
vn 0.097391 -0.000732 0.022682
vn 0.097391 -0.000732 0.022682
vn 0.098495 0.004793 0.016608
vn 0.098495 0.004793 0.016608
vn 0.098495 0.004793 0.016608
vn 0.095011 0.000114 0.031190
vn 0.095011 0.000114 0.031190
vn 0.095011 0.000114 0.031190
vn 0.093275 0.001413 0.036025
vn 0.093275 0.001413 0.036025
vn 0.093275 0.001413 0.036025
vn 0.093240 0.035141 0.008454
vn 0.093240 0.035141 0.008454
vn 0.093240 0.035141 0.008454
vn 0.093441 0.034974 0.006755
vn 0.093441 0.034974 0.006755
vn 0.093441 0.034974 0.006755
vn 0.095301 0.025681 0.016069
vn 0.095301 0.025681 0.016069
vn 0.095301 0.025681 0.016069
vn 0.095668 0.025652 0.013773
vn 0.095668 0.025652 0.013773
vn 0.095668 0.025652 0.013773
vn 0.080035 0.054543 0.024888
vn 0.080035 0.054543 0.024888
vn 0.080035 0.054543 0.024888
vn 0.070148 0.070272 0.011877
vn 0.070148 0.070272 0.011877
vn 0.070148 0.070272 0.011877
vn 0.034261 0.091427 0.021619
vn 0.034261 0.091427 0.021619
vn 0.034261 0.091427 0.021619
vn 0.029855 0.094585 0.012739
vn 0.029855 0.094585 0.012739
vn 0.029855 0.094585 0.012739
vn 0.038661 0.091809 -0.008741
vn 0.038661 0.091809 -0.008741
vn 0.038661 0.091809 -0.008741
vn 0.069073 0.070292 0.016967
vn 0.069073 0.070292 0.016967
vn 0.069073 0.070292 0.016967
vn 0.037172 0.091815 0.013718
vn 0.037172 0.091815 0.013718
vn 0.037172 0.091815 0.013718
vn 0.002602 0.068884 -0.072445
vn 0.002602 0.068884 -0.072445
vn 0.002602 0.068884 -0.072445
vn 0.002877 0.068040 -0.073228
vn 0.002877 0.068040 -0.073228
vn 0.002877 0.068040 -0.073228
vn 0.003080 0.068956 -0.072357
vn 0.003080 0.068956 -0.072357
vn 0.003080 0.068956 -0.072357
vn 0.002832 0.069767 -0.071586
vn 0.002832 0.069767 -0.071586
vn 0.002832 0.069767 -0.071586
vn -0.014969 -0.071233 0.068570
vn -0.014969 -0.071233 0.068570
vn -0.014969 -0.071233 0.068570
vn -0.015036 -0.070370 0.069441
vn -0.015036 -0.070370 0.069441
vn -0.015036 -0.070370 0.069441
vn -0.014742 -0.071213 0.068639
vn -0.014742 -0.071213 0.068639
vn -0.014742 -0.071213 0.068639
vn -0.014679 -0.072046 0.067779
vn -0.014679 -0.072046 0.067779
vn -0.014679 -0.072046 0.067779
vn -0.014332 0.073084 0.066733
vn -0.014332 0.073084 0.066733
vn -0.014332 0.073084 0.066733
vn -0.019921 0.072000 0.066477
vn -0.019921 0.072000 0.066477
vn -0.019921 0.072000 0.066477
vn -0.020701 0.072337 0.065870
vn -0.020701 0.072337 0.065870
vn -0.020701 0.072337 0.065870
vn -0.020702 0.072334 0.065873
vn -0.020702 0.072334 0.065873
vn -0.020702 0.072334 0.065873
vn -0.028985 0.070632 0.064583
vn -0.028985 0.070632 0.064583
vn -0.028985 0.070632 0.064583
vn -0.016779 0.073636 0.065545
vn -0.016779 0.073636 0.065545
vn -0.016779 0.073636 0.065545
vn -0.028480 -0.071848 0.063457
vn -0.028480 -0.071848 0.063457
vn -0.028480 -0.071848 0.063457
vn -0.027226 -0.070960 0.064987
vn -0.027226 -0.070960 0.064987
vn -0.027226 -0.070960 0.064987
vn -0.023870 -0.071794 0.065390
vn -0.023870 -0.071794 0.065390
vn -0.023870 -0.071794 0.065390
vn -0.024280 -0.070616 0.066512
vn -0.024280 -0.070616 0.066512
vn -0.024280 -0.070616 0.066512
vn -0.019003 -0.072275 0.066447
vn -0.019003 -0.072275 0.066447
vn -0.019003 -0.072275 0.066447
vn -0.026721 -0.072620 0.063343
vn -0.026721 -0.072620 0.063343
vn -0.026721 -0.072620 0.063343
vn 0.019196 -0.071595 -0.067124
vn 0.019196 -0.071595 -0.067124
vn 0.019196 -0.071595 -0.067124
vn 0.017611 -0.071087 -0.068092
vn 0.017611 -0.071087 -0.068092
vn 0.017611 -0.071087 -0.068092
vn 0.013252 -0.072260 -0.067844
vn 0.013252 -0.072260 -0.067844
vn 0.013252 -0.072260 -0.067844
vn 0.014883 -0.072745 -0.066983
vn 0.014883 -0.072745 -0.066983
vn 0.014883 -0.072745 -0.066983
vn 0.013441 0.071308 -0.068808
vn 0.013441 0.071308 -0.068808
vn 0.013441 0.071308 -0.068808
vn 0.015547 0.070481 -0.069215
vn 0.015547 0.070481 -0.069215
vn 0.015547 0.070481 -0.069215
vn 0.017379 0.071357 -0.067868
vn 0.017379 0.071357 -0.067868
vn 0.017379 0.071357 -0.067868
vn 0.015289 0.072154 -0.067528
vn 0.015289 0.072154 -0.067528
vn 0.015289 0.072154 -0.067528
vn 0.017017 -0.072764 -0.066452
vn 0.017017 -0.072764 -0.066452
vn 0.017017 -0.072764 -0.066452
vn 0.012876 -0.072136 -0.068048
vn 0.012876 -0.072136 -0.068048
vn 0.012876 -0.072136 -0.068048
vn 0.009139 -0.073750 -0.066914
vn 0.009139 -0.073750 -0.066914
vn 0.009139 -0.073750 -0.066914
vn 0.008110 -0.073122 -0.067730
vn 0.008110 -0.073122 -0.067730
vn 0.008110 -0.073122 -0.067730
vn 0.002367 -0.075181 -0.065896
vn 0.002367 -0.075181 -0.065896
vn 0.002367 -0.075181 -0.065896
vn 0.010946 -0.074058 -0.066300
vn 0.010946 -0.074058 -0.066300
vn 0.010946 -0.074058 -0.066300
vn 0.011703 -0.073568 -0.066715
vn 0.011703 -0.073568 -0.066715
vn 0.011703 -0.073568 -0.066715
vn 0.003378 0.060750 -0.079360
vn 0.003378 0.060750 -0.079360
vn 0.003378 0.060750 -0.079360
vn -0.004240 0.069990 -0.071298
vn -0.004240 0.069990 -0.071298
vn -0.004240 0.069990 -0.071298
vn -0.035490 0.049226 -0.079481
vn -0.035490 0.049226 -0.079481
vn -0.035490 0.049226 -0.079481
vn -0.041405 0.051889 -0.074788
vn -0.041405 0.051889 -0.074788
vn -0.041405 0.051889 -0.074788
vn -0.054000 0.010176 -0.083549
vn -0.054000 0.010176 -0.083549
vn -0.054000 0.010176 -0.083549
vn -0.031117 0.042088 -0.085208
vn -0.031117 0.042088 -0.085208
vn -0.031117 0.042088 -0.085208
vn -0.034875 0.049591 -0.079526
vn -0.034875 0.049591 -0.079526
vn -0.034875 0.049591 -0.079526
vn 0.002103 0.058835 -0.080833
vn 0.002103 0.058835 -0.080833
vn 0.002103 0.058835 -0.080833
vn -0.090319 0.014116 -0.040536
vn -0.090319 0.014116 -0.040536
vn -0.090319 0.014116 -0.040536
vn -0.091996 0.007656 -0.038445
vn -0.091996 0.007656 -0.038445
vn -0.091996 0.007656 -0.038445
vn -0.093673 -0.003333 -0.034847
vn -0.093673 -0.003333 -0.034847
vn -0.093673 -0.003333 -0.034847
vn -0.093208 0.002463 -0.036141
vn -0.093208 0.002463 -0.036141
vn -0.093208 0.002463 -0.036141
vn -0.093031 0.017056 -0.032471
vn -0.093031 0.017056 -0.032471
vn -0.093031 0.017056 -0.032471
vn -0.089701 0.004838 -0.043936
vn -0.089701 0.004838 -0.043936
vn -0.089701 0.004838 -0.043936
vn 0.040486 -0.025681 0.087758
vn 0.040486 -0.025681 0.087758
vn 0.040486 -0.025681 0.087758
vn 0.035731 -0.001686 0.093383
vn 0.035731 -0.001686 0.093383
vn 0.035731 -0.001686 0.093383
vn 0.026219 -0.018086 0.094792
vn 0.026219 -0.018086 0.094792
vn 0.026219 -0.018086 0.094792
vn 0.019315 -0.045171 0.087100
vn 0.019315 -0.045171 0.087100
vn 0.019315 -0.045171 0.087100
vn 0.008737 -0.047249 0.087699
vn 0.008737 -0.047249 0.087699
vn 0.008737 -0.047249 0.087699
vn 0.000632 -0.063568 0.077193
vn 0.000632 -0.063568 0.077193
vn 0.000632 -0.063568 0.077193
vn -0.017393 -0.057874 0.079675
vn -0.017393 -0.057874 0.079675
vn -0.017393 -0.057874 0.079675
vn 0.020804 -0.043314 0.087699
vn 0.020804 -0.043314 0.087699
vn 0.020804 -0.043314 0.087699
vn 0.016105 -0.061178 0.077446
vn 0.016105 -0.061178 0.077446
vn 0.016105 -0.061178 0.077446
vn 0.099884 -0.000742 0.004761
vn 0.099884 -0.000742 0.004761
vn 0.099884 -0.000742 0.004761
vn 0.099993 -0.000123 -0.001207
vn 0.099993 -0.000123 -0.001207
vn 0.099993 -0.000123 -0.001207
vn 0.099949 -0.000608 -0.003126
vn 0.099949 -0.000608 -0.003126
vn 0.099949 -0.000608 -0.003126
vn 0.099932 -0.001016 -0.003555
vn 0.099932 -0.001016 -0.003555
vn 0.099932 -0.001016 -0.003555
vn 0.098891 0.000937 -0.014822
vn 0.098891 0.000937 -0.014822
vn 0.098891 0.000937 -0.014822
vn 0.098724 0.000174 -0.015924
vn 0.098724 0.000174 -0.015924
vn 0.098724 0.000174 -0.015924
vn 0.097197 0.001503 -0.023460
vn 0.097197 0.001503 -0.023460
vn 0.097197 0.001503 -0.023460
vn 0.096741 0.003264 -0.025109
vn 0.096741 0.003264 -0.025109
vn 0.096741 0.003264 -0.025109
vn 0.099494 0.000663 -0.010021
vn 0.099494 0.000663 -0.010021
vn 0.099494 0.000663 -0.010021
vn 0.098671 0.003278 -0.015916
vn 0.098671 0.003278 -0.015916
vn 0.098671 0.003278 -0.015916
vn 0.095410 -0.025628 -0.015498
vn 0.095410 -0.025628 -0.015498
vn 0.095410 -0.025628 -0.015498
vn 0.089894 -0.036445 -0.024306
vn 0.089894 -0.036445 -0.024306
vn 0.089894 -0.036445 -0.024306
vn 0.074857 -0.065740 -0.008637
vn 0.074857 -0.065740 -0.008637
vn 0.074857 -0.065740 -0.008637
vn 0.067449 -0.073396 -0.007982
vn 0.067449 -0.073396 -0.007982
vn 0.067449 -0.073396 -0.007982
vn 0.044841 -0.089156 0.006361
vn 0.044841 -0.089156 0.006361
vn 0.044841 -0.089156 0.006361
vn 0.028797 -0.095757 -0.001177
vn 0.028797 -0.095757 -0.001177
vn 0.028797 -0.095757 -0.001177
vn 0.095105 -0.025718 -0.017138
vn 0.095105 -0.025718 -0.017138
vn 0.095105 -0.025718 -0.017138
vn 0.083887 -0.054404 -0.001783
vn 0.083887 -0.054404 -0.001783
vn 0.083887 -0.054404 -0.001783
vn 0.030193 -0.093542 -0.018390
vn 0.030193 -0.093542 -0.018390
vn 0.030193 -0.093542 -0.018390
vn 0.090436 -0.036671 -0.021828
vn 0.090436 -0.036671 -0.021828
vn 0.090436 -0.036671 -0.021828
vn -0.006907 -0.068782 0.072259
vn -0.006907 -0.068782 0.072259
vn -0.006907 -0.068782 0.072259
vn -0.000371 -0.070526 0.070894
vn -0.000371 -0.070526 0.070894
vn -0.000371 -0.070526 0.070894
vn -0.000376 -0.069554 0.071847
vn -0.000376 -0.069554 0.071847
vn -0.000376 -0.069554 0.071847
vn 0.007836 -0.071217 0.069762
vn 0.007836 -0.071217 0.069762
vn 0.007836 -0.071217 0.069762
vn -0.020019 -0.070193 -0.068353
vn -0.020019 -0.070193 -0.068353
vn -0.020019 -0.070193 -0.068353
vn -0.020355 -0.069323 -0.069138
vn -0.020355 -0.069323 -0.069138
vn -0.020355 -0.069323 -0.069138
vn -0.020215 -0.070182 -0.068307
vn -0.020215 -0.070182 -0.068307
vn -0.020215 -0.070182 -0.068307
vn -0.019880 -0.071023 -0.067531
vn -0.019880 -0.071023 -0.067531
vn -0.019880 -0.071023 -0.067531
vn -0.019546 0.072495 -0.066049
vn -0.019546 0.072495 -0.066049
vn -0.019546 0.072495 -0.066049
vn -0.014092 0.072016 -0.067935
vn -0.014092 0.072016 -0.067935
vn -0.014092 0.072016 -0.067935
vn -0.011334 0.071735 -0.068743
vn -0.011334 0.071735 -0.068743
vn -0.011334 0.071735 -0.068743
vn -0.005431 0.070880 -0.070332
vn -0.005431 0.070880 -0.070332
vn -0.005431 0.070880 -0.070332
vn -0.012100 0.070045 -0.070337
vn -0.012100 0.070045 -0.070337
vn -0.012100 0.070045 -0.070337
vn -0.008896 0.073510 -0.067209
vn -0.008896 0.073510 -0.067209
vn -0.008896 0.073510 -0.067209
vn -0.005296 -0.072579 -0.068587
vn -0.005296 -0.072579 -0.068587
vn -0.005296 -0.072579 -0.068587
vn -0.007410 -0.071684 -0.069329
vn -0.007410 -0.071684 -0.069329
vn -0.007410 -0.071684 -0.069329
vn -0.009342 -0.072469 -0.068272
vn -0.009342 -0.072469 -0.068272
vn -0.009342 -0.072469 -0.068272
vn -0.006959 -0.073325 -0.067639
vn -0.006959 -0.073325 -0.067639
vn -0.006959 -0.073325 -0.067639
vn -0.009661 0.070162 -0.070597
vn -0.009661 0.070162 -0.070597
vn -0.009661 0.070162 -0.070597
vn -0.006656 0.069268 -0.071817
vn -0.006656 0.069268 -0.071817
vn -0.006656 0.069268 -0.071817
vn -0.003678 0.070104 -0.071217
vn -0.003678 0.070104 -0.071217
vn -0.003678 0.070104 -0.071217
vn -0.006703 0.070969 -0.070132
vn -0.006703 0.070969 -0.070132
vn -0.006703 0.070969 -0.070132
vn 0.003589 0.071805 0.069506
vn 0.003589 0.071805 0.069506
vn 0.003589 0.071805 0.069506
vn -0.000850 0.073266 0.068054
vn -0.000850 0.073266 0.068054
vn -0.000850 0.073266 0.068054
vn -0.002149 0.073441 0.067837
vn -0.002149 0.073441 0.067837
vn -0.002149 0.073441 0.067837
vn -0.002310 0.074011 0.067209
vn -0.002310 0.074011 0.067209
vn -0.002310 0.074011 0.067209
vn -0.006471 0.073311 0.067702
vn -0.006471 0.073311 0.067702
vn -0.006471 0.073311 0.067702
vn -0.001135 0.072371 0.069001
vn -0.001135 0.072371 0.069001
vn -0.001135 0.072371 0.069001
vn 0.007925 -0.069817 0.071153
vn 0.007925 -0.069817 0.071153
vn 0.007925 -0.069817 0.071153
vn 0.008482 -0.063741 0.076584
vn 0.008482 -0.063741 0.076584
vn 0.008482 -0.063741 0.076584
vn 0.009074 -0.057583 0.081252
vn 0.009074 -0.057583 0.081252
vn 0.009074 -0.057583 0.081252
vn 0.008601 -0.063742 0.076570
vn 0.008601 -0.063742 0.076570
vn 0.008601 -0.063742 0.076570
vn 0.008686 0.064487 0.075934
vn 0.008686 0.064487 0.075934
vn 0.008686 0.064487 0.075934
vn 0.029060 0.067669 0.067649
vn 0.029060 0.067669 0.067649
vn 0.029060 0.067669 0.067649
vn 0.050457 0.046325 0.072857
vn 0.050457 0.046325 0.072857
vn 0.050457 0.046325 0.072857
vn 0.062356 0.042589 0.065558
vn 0.062356 0.042589 0.065558
vn 0.062356 0.042589 0.065558
vn 0.069017 0.004473 0.072226
vn 0.069017 0.004473 0.072226
vn 0.069017 0.004473 0.072226
vn 0.049946 0.039039 0.077339
vn 0.049946 0.039039 0.077339
vn 0.049946 0.039039 0.077339
vn 0.048480 0.047991 0.073120
vn 0.048480 0.047991 0.073120
vn 0.048480 0.047991 0.073120
vn 0.026157 0.056053 0.078574
vn 0.026157 0.056053 0.078574
vn 0.026157 0.056053 0.078574
vn 0.025903 0.055846 0.078805
vn 0.025903 0.055846 0.078805
vn 0.025903 0.055846 0.078805
vn -0.099735 -0.005995 0.004118
vn -0.099735 -0.005995 0.004118
vn -0.099735 -0.005995 0.004118
vn -0.099795 -0.005118 0.003853
vn -0.099795 -0.005118 0.003853
vn -0.099795 -0.005118 0.003853
vn -0.099829 -0.004153 0.004101
vn -0.099829 -0.004153 0.004101
vn -0.099829 -0.004153 0.004101
vn -0.099770 -0.005185 0.004361
vn -0.099770 -0.005185 0.004361
vn -0.099770 -0.005185 0.004361
vn -0.071018 -0.002570 -0.070355
vn -0.071018 -0.002570 -0.070355
vn -0.071018 -0.002570 -0.070355
vn -0.073314 -0.028847 -0.061586
vn -0.073314 -0.028847 -0.061586
vn -0.073314 -0.028847 -0.061586
vn -0.058025 -0.043233 -0.069022
vn -0.058025 -0.043233 -0.069022
vn -0.058025 -0.043233 -0.069022
vn -0.051780 -0.059607 -0.061367
vn -0.051780 -0.059607 -0.061367
vn -0.051780 -0.059607 -0.061367
vn -0.021782 -0.063198 -0.074375
vn -0.021782 -0.063198 -0.074375
vn -0.021782 -0.063198 -0.074375
vn -0.056544 -0.044401 -0.069508
vn -0.056544 -0.044401 -0.069508
vn -0.056544 -0.044401 -0.069508
vn -0.057065 -0.044342 -0.069119
vn -0.057065 -0.044342 -0.069119
vn -0.057065 -0.044342 -0.069119
vn -0.069922 -0.004853 -0.071326
vn -0.069922 -0.004853 -0.071326
vn -0.069922 -0.004853 -0.071326
vn 0.077408 -0.001734 0.063285
vn 0.077408 -0.001734 0.063285
vn 0.077408 -0.001734 0.063285
vn 0.075257 0.001324 0.065838
vn 0.075257 0.001324 0.065838
vn 0.075257 0.001324 0.065838
vn 0.072063 -0.000703 0.069329
vn 0.072063 -0.000703 0.069329
vn 0.072063 -0.000703 0.069329
vn 0.070124 0.000435 0.071291
vn 0.070124 0.000435 0.071291
vn 0.070124 0.000435 0.071291
vn 0.063261 -0.001169 0.077438
vn 0.063261 -0.001169 0.077438
vn 0.063261 -0.001169 0.077438
vn 0.064590 0.002656 0.076296
vn 0.064590 0.002656 0.076296
vn 0.064590 0.002656 0.076296
vn 0.061025 0.000439 0.079220
vn 0.061025 0.000439 0.079220
vn 0.061025 0.000439 0.079220
vn 0.065458 -0.000732 0.075595
vn 0.065458 -0.000732 0.075595
vn 0.065458 -0.000732 0.075595
vn 0.069922 0.004793 0.071330
vn 0.069922 0.004793 0.071330
vn 0.069922 0.004793 0.071330
vn 0.058533 0.000114 0.081079
vn 0.058533 0.000114 0.081079
vn 0.058533 0.000114 0.081079
vn 0.054286 0.001413 0.083971
vn 0.054286 0.001413 0.083971
vn 0.054286 0.001413 0.083971
vn 0.070463 0.035141 0.061644
vn 0.070463 0.035141 0.061644
vn 0.070463 0.035141 0.061644
vn 0.071625 0.034974 0.060388
vn 0.071625 0.034974 0.060388
vn 0.071625 0.034974 0.060388
vn 0.067655 0.025681 0.069017
vn 0.067655 0.025681 0.069017
vn 0.067655 0.025681 0.069017
vn 0.069301 0.025652 0.067375
vn 0.069301 0.025652 0.067375
vn 0.069301 0.025652 0.067375
vn 0.050121 0.054543 0.067178
vn 0.050121 0.054543 0.067178
vn 0.050121 0.054543 0.067178
vn 0.049770 0.070272 0.050840
vn 0.049770 0.070272 0.050840
vn 0.049770 0.070272 0.050840
vn 0.015011 0.091427 0.037628
vn 0.015011 0.091427 0.037628
vn 0.015011 0.091427 0.037628
vn 0.016666 0.094585 0.027854
vn 0.016666 0.094585 0.027854
vn 0.016666 0.094585 0.027854
vn 0.036415 0.091809 0.015653
vn 0.036415 0.091809 0.015653
vn 0.036415 0.091809 0.015653
vn 0.045909 0.070292 0.054327
vn 0.045909 0.070292 0.054327
vn 0.045909 0.070292 0.054327
vn 0.022010 0.091815 0.032947
vn 0.022010 0.091815 0.032947
vn 0.022010 0.091815 0.032947
vn 0.044687 0.068884 -0.057080
vn 0.044687 0.068884 -0.057080
vn 0.044687 0.068884 -0.057080
vn 0.045370 0.068040 -0.057551
vn 0.045370 0.068040 -0.057551
vn 0.045370 0.068040 -0.057551
vn 0.045022 0.068957 -0.056727
vn 0.045022 0.068957 -0.056727
vn 0.045022 0.068957 -0.056727
vn 0.044369 0.069767 -0.056249
vn 0.044369 0.069767 -0.056249
vn 0.044369 0.069767 -0.056249
vn -0.052414 -0.071233 0.046676
vn -0.052414 -0.071233 0.046676
vn -0.052414 -0.071233 0.046676
vn -0.052980 -0.070370 0.047341
vn -0.052980 -0.070370 0.047341
vn -0.052980 -0.070370 0.047341
vn -0.052272 -0.071213 0.046866
vn -0.052272 -0.071213 0.046866
vn -0.052272 -0.071213 0.046866
vn -0.051715 -0.072045 0.046207
vn -0.051715 -0.072045 0.046207
vn -0.051715 -0.072045 0.046207
vn -0.050820 0.073084 0.045564
vn -0.050820 0.073084 0.045564
vn -0.050820 0.073084 0.045564
vn -0.055191 0.072000 0.042072
vn -0.055191 0.072000 0.042072
vn -0.055191 0.072000 0.042072
vn -0.055465 0.072337 0.041122
vn -0.055465 0.072337 0.041122
vn -0.055465 0.072337 0.041122
vn -0.055468 0.072334 0.041124
vn -0.055468 0.072334 0.041124
vn -0.055468 0.072334 0.041124
vn -0.061411 0.070632 0.035212
vn -0.061411 0.070632 0.035212
vn -0.061411 0.070632 0.035212
vn -0.052101 0.073636 0.043164
vn -0.052101 0.073636 0.043164
vn -0.052101 0.073636 0.043164
vn -0.060340 -0.071848 0.034598
vn -0.060340 -0.071848 0.034598
vn -0.060340 -0.071848 0.034598
vn -0.060225 -0.070960 0.036573
vn -0.060225 -0.070960 0.036573
vn -0.060225 -0.070960 0.036573
vn -0.057746 -0.071794 0.038871
vn -0.057746 -0.071794 0.038871
vn -0.057746 -0.071794 0.038871
vn -0.058738 -0.070616 0.039538
vn -0.058738 -0.070616 0.039538
vn -0.058738 -0.070616 0.039538
vn -0.054430 -0.072275 0.042587
vn -0.054430 -0.072275 0.042587
vn -0.054430 -0.072275 0.042587
vn -0.058850 -0.072620 0.035540
vn -0.058850 -0.072620 0.035540
vn -0.058850 -0.072620 0.035540
vn 0.054985 -0.071595 -0.043021
vn 0.054985 -0.071595 -0.043021
vn 0.054985 -0.071595 -0.043021
vn 0.054271 -0.071087 -0.044736
vn 0.054271 -0.071087 -0.044736
vn 0.054271 -0.071087 -0.044736
vn 0.050599 -0.072260 -0.047098
vn 0.050599 -0.072260 -0.047098
vn 0.050599 -0.072260 -0.047098
vn 0.051412 -0.072745 -0.045442
vn 0.051412 -0.072745 -0.045442
vn 0.051412 -0.072745 -0.045442
vn 0.051318 0.071308 -0.047766
vn 0.051318 0.071308 -0.047766
vn 0.051318 0.071308 -0.047766
vn 0.053261 0.070481 -0.046858
vn 0.053261 0.070481 -0.046858
vn 0.053261 0.070481 -0.046858
vn 0.053952 0.071357 -0.044691
vn 0.053952 0.071357 -0.044691
vn 0.053952 0.071357 -0.044691
vn 0.052061 0.072154 -0.045645
vn 0.052061 0.072154 -0.045645
vn 0.052061 0.072154 -0.045645
vn 0.052826 -0.072764 -0.043759
vn 0.052826 -0.072764 -0.043759
vn 0.052826 -0.072764 -0.043759
vn 0.050415 -0.072136 -0.047484
vn 0.050415 -0.072136 -0.047484
vn 0.050415 -0.072136 -0.047484
vn 0.046724 -0.073750 -0.048762
vn 0.046724 -0.073750 -0.048762
vn 0.046724 -0.073750 -0.048762
vn 0.046371 -0.073122 -0.050028
vn 0.046371 -0.073122 -0.050028
vn 0.046371 -0.073122 -0.050028
vn 0.040647 -0.075181 -0.051920
vn 0.040647 -0.075181 -0.051920
vn 0.040647 -0.075181 -0.051920
vn 0.047826 -0.074058 -0.047204
vn 0.047826 -0.074058 -0.047204
vn 0.047826 -0.074058 -0.047204
vn 0.048682 -0.073568 -0.047094
vn 0.048682 -0.073568 -0.047094
vn 0.048682 -0.073568 -0.047094
vn 0.049380 0.060750 -0.062218
vn 0.049380 0.060750 -0.062218
vn 0.049380 0.060750 -0.062218
vn 0.038477 0.069990 -0.060174
vn 0.038477 0.069990 -0.060174
vn 0.038477 0.069990 -0.060174
vn 0.018006 0.049226 -0.085162
vn 0.018006 0.049226 -0.085162
vn 0.018006 0.049226 -0.085162
vn 0.010462 0.051889 -0.084842
vn 0.010462 0.051889 -0.084842
vn 0.010462 0.051889 -0.084842
vn 0.005422 0.010176 -0.099333
vn 0.005422 0.010176 -0.099333
vn 0.005422 0.010176 -0.099333
vn 0.024910 0.042088 -0.087225
vn 0.024910 0.042088 -0.087225
vn 0.024910 0.042088 -0.087225
vn 0.018530 0.049591 -0.084837
vn 0.018530 0.049591 -0.084837
vn 0.018530 0.049591 -0.084837
vn 0.049214 0.058835 -0.064160
vn 0.049214 0.058835 -0.064160
vn 0.049214 0.058835 -0.064160
vn -0.049244 0.014116 -0.085882
vn -0.049244 0.014116 -0.085882
vn -0.049244 0.014116 -0.085882
vn -0.051829 0.007657 -0.085177
vn -0.051829 0.007657 -0.085177
vn -0.051829 0.007657 -0.085177
vn -0.055300 -0.003334 -0.083251
vn -0.055300 -0.003334 -0.083251
vn -0.055300 -0.003334 -0.083251
vn -0.054163 0.002463 -0.084025
vn -0.054163 0.002463 -0.084025
vn -0.054163 0.002463 -0.084025
vn -0.056178 0.017056 -0.080952
vn -0.056178 0.017056 -0.080952
vn -0.056178 0.017056 -0.080952
vn -0.046745 0.004837 -0.088270
vn -0.046745 0.004837 -0.088270
vn -0.046745 0.004837 -0.088270
vn -0.018829 -0.025681 0.094794
vn -0.018829 -0.025681 0.094794
vn -0.018829 -0.025681 0.094794
vn -0.025982 -0.001686 0.096551
vn -0.025982 -0.001686 0.096551
vn -0.025982 -0.001686 0.096551
vn -0.034506 -0.018085 0.092099
vn -0.034506 -0.018085 0.092099
vn -0.034506 -0.018085 0.092099
vn -0.035570 -0.045171 0.081819
vn -0.035570 -0.045171 0.081819
vn -0.035570 -0.045171 0.081819
vn -0.044480 -0.047249 0.076086
vn -0.044480 -0.047249 0.076086
vn -0.044480 -0.047249 0.076086
vn -0.044862 -0.063568 0.062822
vn -0.044862 -0.063568 0.062822
vn -0.044862 -0.063568 0.062822
vn -0.060903 -0.057874 0.054235
vn -0.060903 -0.057874 0.054235
vn -0.060903 -0.057874 0.054235
vn -0.034717 -0.043314 0.083178
vn -0.034717 -0.043314 0.083178
vn -0.034717 -0.043314 0.083178
vn -0.032493 -0.061178 0.072121
vn -0.032493 -0.061178 0.072121
vn -0.032493 -0.061178 0.072121
vn 0.078009 -0.000742 0.062562
vn 0.078009 -0.000742 0.062562
vn 0.078009 -0.000742 0.062562
vn 0.081605 -0.000123 0.057798
vn 0.081605 -0.000123 0.057798
vn 0.081605 -0.000123 0.057798
vn 0.082698 -0.000608 0.056220
vn 0.082698 -0.000608 0.056220
vn 0.082698 -0.000608 0.056220
vn 0.082936 -0.001016 0.055862
vn 0.082936 -0.001016 0.055862
vn 0.082936 -0.001016 0.055862
vn 0.088717 0.000937 0.046135
vn 0.088717 0.000937 0.046135
vn 0.088717 0.000937 0.046135
vn 0.089229 0.000174 0.045145
vn 0.089229 0.000174 0.045145
vn 0.089229 0.000174 0.045145
vn 0.092424 0.001503 0.038151
vn 0.092424 0.001503 0.038151
vn 0.092424 0.001503 0.038151
vn 0.093024 0.003264 0.036550
vn 0.093024 0.003264 0.036550
vn 0.093024 0.003264 0.036550
vn 0.086383 0.000663 0.050374
vn 0.086383 0.000663 0.050374
vn 0.086383 0.000663 0.050374
vn 0.089182 0.003276 0.045121
vn 0.089182 0.003276 0.045121
vn 0.089182 0.003276 0.045121
vn 0.086298 -0.025628 0.043542
vn 0.086298 -0.025628 0.043542
vn 0.086298 -0.025628 0.043542
vn 0.087013 -0.036445 0.033175
vn 0.087013 -0.036445 0.033175
vn 0.087013 -0.036445 0.033175
vn 0.065638 -0.065740 0.037013
vn 0.065638 -0.065740 0.037013
vn 0.065638 -0.065740 0.037013
vn 0.059259 -0.073396 0.033188
vn 0.059259 -0.073396 0.033188
vn 0.059259 -0.073396 0.033188
vn 0.032538 -0.089156 0.031503
vn 0.032538 -0.089156 0.031503
vn 0.032538 -0.089156 0.031503
vn 0.023989 -0.095757 0.015974
vn 0.023989 -0.095757 0.015974
vn 0.023989 -0.095757 0.015974
vn 0.087014 -0.025718 0.042036
vn 0.087014 -0.025718 0.042036
vn 0.087014 -0.025718 0.042036
vn 0.068914 -0.054404 0.047865
vn 0.068914 -0.054404 0.047865
vn 0.068914 -0.054404 0.047865
vn 0.035236 -0.093542 0.002869
vn 0.035236 -0.093542 0.002869
vn 0.035236 -0.093542 0.002869
vn 0.085995 -0.036671 0.035498
vn 0.085995 -0.036671 0.035498
vn 0.085995 -0.036671 0.035498
vn -0.048060 -0.068782 0.054399
vn -0.048060 -0.068782 0.054399
vn -0.048060 -0.068782 0.054399
vn -0.041970 -0.070526 0.057136
vn -0.041970 -0.070526 0.057136
vn -0.041970 -0.070526 0.057136
vn -0.042535 -0.069554 0.057905
vn -0.042535 -0.069554 0.057905
vn -0.042535 -0.069554 0.057905
vn -0.034665 -0.071217 0.061044
vn -0.034665 -0.071217 0.061044
vn -0.034665 -0.071217 0.061044
vn 0.023981 -0.070194 -0.067065
vn 0.023981 -0.070194 -0.067065
vn 0.023981 -0.070194 -0.067065
vn 0.024171 -0.069322 -0.067898
vn 0.024171 -0.069322 -0.067898
vn 0.024171 -0.069322 -0.067898
vn 0.023796 -0.070182 -0.067144
vn 0.023796 -0.070182 -0.067144
vn 0.023796 -0.070182 -0.067144
vn 0.023610 -0.071023 -0.066320
vn 0.023610 -0.071023 -0.066320
vn 0.023610 -0.071023 -0.066320
vn 0.023009 0.072495 -0.064924
vn 0.023009 0.072495 -0.064924
vn 0.023009 0.072495 -0.064924
vn 0.028531 0.072016 -0.063244
vn 0.028531 0.072016 -0.063244
vn 0.028531 0.072016 -0.063244
vn 0.031237 0.071735 -0.062277
vn 0.031237 0.071735 -0.062277
vn 0.031237 0.071735 -0.062277
vn 0.036947 0.070880 -0.060092
vn 0.036947 0.070880 -0.060092
vn 0.036947 0.070880 -0.060092
vn 0.031554 0.070045 -0.064016
vn 0.031554 0.070045 -0.064016
vn 0.031554 0.070045 -0.064016
vn 0.032307 0.073510 -0.059603
vn 0.032307 0.073510 -0.059603
vn 0.032307 0.073510 -0.059603
vn 0.036030 -0.072579 -0.058601
vn 0.036030 -0.072579 -0.058601
vn 0.036030 -0.072579 -0.058601
vn 0.034756 -0.071684 -0.060444
vn 0.034756 -0.071684 -0.060444
vn 0.034756 -0.071684 -0.060444
vn 0.032571 -0.072469 -0.060724
vn 0.032571 -0.072469 -0.060724
vn 0.032571 -0.072469 -0.060724
vn 0.034127 -0.073325 -0.058811
vn 0.034127 -0.073325 -0.058811
vn 0.034127 -0.073325 -0.058811
vn 0.033680 0.070162 -0.062793
vn 0.033680 0.070162 -0.062793
vn 0.033680 0.070162 -0.062793
vn 0.036828 0.069268 -0.062014
vn 0.036828 0.069268 -0.062014
vn 0.036828 0.069268 -0.062014
vn 0.038885 0.070104 -0.059777
vn 0.038885 0.070104 -0.059777
vn 0.038885 0.070104 -0.059777
vn 0.035800 0.070969 -0.060678
vn 0.035800 0.070969 -0.060678
vn 0.035800 0.070969 -0.060678
vn -0.037951 0.071805 0.058341
vn -0.037951 0.071805 0.058341
vn -0.037951 0.071805 0.058341
vn -0.040689 0.073266 0.054558
vn -0.040689 0.073266 0.054558
vn -0.040689 0.073266 0.054558
vn -0.041612 0.073441 0.053618
vn -0.041612 0.073441 0.053618
vn -0.041612 0.073441 0.053618
vn -0.041374 0.074011 0.053015
vn -0.041374 0.074011 0.053015
vn -0.041374 0.074011 0.053015
vn -0.045030 0.073311 0.050968
vn -0.045030 0.073311 0.050968
vn -0.045030 0.073311 0.050968
vn -0.041476 0.072371 0.055156
vn -0.041476 0.072371 0.055156
vn -0.041476 0.072371 0.055156
vn -0.035409 -0.069822 0.062218
vn -0.035409 -0.069822 0.062218
vn -0.035409 -0.069822 0.062218
vn -0.038492 -0.062896 0.067545
vn -0.038492 -0.062896 0.067545
vn -0.038492 -0.062896 0.067545
vn -0.040419 -0.057579 0.071070
vn -0.040419 -0.057579 0.071070
vn -0.040419 -0.057579 0.071070
vn -0.038402 -0.062866 0.067625
vn -0.038402 -0.062866 0.067625
vn -0.038402 -0.062866 0.067625
vn -0.037606 0.064487 0.066538
vn -0.037606 0.064487 0.066538
vn -0.037606 0.064487 0.066538
vn -0.016253 0.067669 0.071811
vn -0.016253 0.067669 0.071811
vn -0.016253 0.067669 0.071811
vn -0.002004 0.046324 0.088600
vn -0.002004 0.046324 0.088600
vn -0.002004 0.046324 0.088600
vn 0.011913 0.042589 0.089690
vn 0.011913 0.042589 0.089690
vn 0.011913 0.042589 0.089690
vn 0.013382 0.004473 0.098999
vn 0.013382 0.004473 0.098999
vn 0.013382 0.004473 0.098999
vn -0.005051 0.039039 0.091926
vn -0.005051 0.039039 0.091926
vn -0.005051 0.039039 0.091926
vn -0.003758 0.047991 0.087651
vn -0.003758 0.047991 0.087651
vn -0.003758 0.047991 0.087651
vn -0.025023 0.056053 0.078942
vn -0.025023 0.056053 0.078942
vn -0.025023 0.056053 0.078942
vn -0.025364 0.055846 0.078980
vn -0.025364 0.055846 0.078980
vn -0.025364 0.055846 0.078980
vn -0.083108 -0.005995 -0.055291
vn -0.083108 -0.005995 -0.055291
vn -0.083108 -0.005995 -0.055291
vn -0.083000 -0.005117 -0.055541
vn -0.083000 -0.005117 -0.055541
vn -0.083000 -0.005117 -0.055541
vn -0.083174 -0.004153 -0.055360
vn -0.083174 -0.004153 -0.055360
vn -0.083174 -0.004153 -0.055360
vn -0.083279 -0.005185 -0.055115
vn -0.083279 -0.005185 -0.055115
vn -0.083279 -0.005185 -0.055115
vn -0.016102 -0.002570 -0.098662
vn -0.016102 -0.002570 -0.098662
vn -0.016102 -0.002570 -0.098662
vn -0.023113 -0.028847 -0.092917
vn -0.023113 -0.028847 -0.092917
vn -0.023113 -0.028847 -0.092917
vn -0.006373 -0.043233 -0.089946
vn -0.006373 -0.043233 -0.089946
vn -0.006373 -0.043233 -0.089946
vn -0.005820 -0.059607 -0.080082
vn -0.005820 -0.059607 -0.080082
vn -0.005820 -0.059607 -0.080082
vn 0.026094 -0.063198 -0.072974
vn 0.026094 -0.063198 -0.072974
vn 0.026094 -0.063198 -0.072974
vn -0.004889 -0.044401 -0.089469
vn -0.004889 -0.044401 -0.089469
vn -0.004889 -0.044401 -0.089469
vn -0.005540 -0.044342 -0.089460
vn -0.005540 -0.044342 -0.089460
vn -0.005540 -0.044342 -0.089460
vn -0.014644 -0.004853 -0.098803
vn -0.014644 -0.004853 -0.098803
vn -0.014644 -0.004853 -0.098803
vn 0.025427 -0.001733 0.096698
vn 0.025427 -0.001733 0.096698
vn 0.025427 -0.001733 0.096698
vn 0.022185 0.001325 0.097499
vn 0.022185 0.001325 0.097499
vn 0.022185 0.001325 0.097499
vn 0.017550 -0.000703 0.098445
vn 0.017550 -0.000703 0.098445
vn 0.017550 -0.000703 0.098445
vn 0.014828 0.000435 0.098894
vn 0.014828 0.000435 0.098894
vn 0.014828 0.000435 0.098894
vn 0.005662 -0.001169 0.099833
vn 0.005662 -0.001169 0.099833
vn 0.005662 -0.001169 0.099833
vn 0.007409 0.002656 0.099690
vn 0.007409 0.002656 0.099690
vn 0.007409 0.002656 0.099690
vn 0.002805 0.000439 0.099960
vn 0.002805 0.000439 0.099960
vn 0.002805 0.000439 0.099960
vn 0.008523 -0.000732 0.099633
vn 0.008523 -0.000732 0.099633
vn 0.008523 -0.000732 0.099633
vn 0.014642 0.004793 0.098806
vn 0.014642 0.004793 0.098806
vn 0.014642 0.004793 0.098806
vn -0.000303 0.000114 0.099999
vn -0.000303 0.000114 0.099999
vn -0.000303 0.000114 0.099999
vn -0.005439 0.001413 0.099842
vn -0.005439 0.001413 0.099842
vn -0.005439 0.001413 0.099842
vn 0.020772 0.035141 0.091289
vn 0.020772 0.035141 0.091289
vn 0.020772 0.035141 0.091289
vn 0.022451 0.034974 0.090955
vn 0.022451 0.034974 0.090955
vn 0.022451 0.034974 0.090955
vn 0.014167 0.025681 0.095602
vn 0.014167 0.025681 0.095602
vn 0.014167 0.025681 0.095602
vn 0.016464 0.025652 0.095241
vn 0.016464 0.025652 0.095241
vn 0.016464 0.025652 0.095241
vn 0.001062 0.054543 0.083809
vn 0.001062 0.054543 0.083809
vn 0.001062 0.054543 0.083809
vn 0.010382 0.070272 0.070385
vn 0.010382 0.070272 0.070385
vn 0.010382 0.070272 0.070385
vn -0.009973 0.091427 0.039265
vn -0.009973 0.091427 0.039265
vn -0.009973 0.091427 0.039265
vn -0.002889 0.094585 0.032331
vn -0.002889 0.094585 0.032331
vn -0.002889 0.094585 0.032331
vn 0.020260 0.091809 0.034068
vn 0.020260 0.091809 0.034068
vn 0.020260 0.091809 0.034068
vn 0.005209 0.070292 0.070936
vn 0.005209 0.070292 0.070936
vn 0.005209 0.070292 0.070936
vn -0.001560 0.091815 0.039592
vn -0.001560 0.091815 0.039592
vn -0.001560 0.091815 0.039592
vn 0.069703 0.068884 -0.019912
vn 0.069703 0.068884 -0.019912
vn 0.069703 0.068884 -0.019912
vn 0.070533 0.068040 -0.019892
vn 0.070533 0.068040 -0.019892
vn 0.070533 0.068040 -0.019892
vn 0.069767 0.068956 -0.019430
vn 0.069767 0.068956 -0.019430
vn 0.069767 0.068956 -0.019430
vn 0.068957 0.069767 -0.019427
vn 0.068957 0.069767 -0.019427
vn 0.068957 0.069767 -0.019427
vn -0.069840 -0.071233 0.006953
vn -0.069840 -0.071233 0.006953
vn -0.069840 -0.071233 0.006953
vn -0.070688 -0.070370 0.007159
vn -0.070688 -0.070370 0.007159
vn -0.070688 -0.070370 0.007159
vn -0.069835 -0.071213 0.007191
vn -0.069835 -0.071213 0.007191
vn -0.069835 -0.071213 0.007191
vn -0.068998 -0.072045 0.006985
vn -0.068998 -0.072045 0.006985
vn -0.068998 -0.072045 0.006985
vn -0.067896 0.073084 0.006991
vn -0.067896 0.073084 0.006991
vn -0.067896 0.073084 0.006991
vn -0.069379 0.072000 0.001596
vn -0.069379 0.072000 0.001596
vn -0.069379 0.072000 0.001596
vn -0.069043 0.072337 0.000667
vn -0.069043 0.072337 0.000667
vn -0.069043 0.072337 0.000667
vn -0.069046 0.072334 0.000667
vn -0.069046 0.072334 0.000667
vn -0.069046 0.072334 0.000667
vn -0.070379 0.070632 -0.007609
vn -0.070379 0.070632 -0.007609
vn -0.070379 0.070632 -0.007609
vn -0.067522 0.073636 0.004296
vn -0.067522 0.073636 0.004296
vn -0.067522 0.073636 0.004296
vn -0.069152 -0.071848 -0.007477
vn -0.069152 -0.071848 -0.007477
vn -0.069152 -0.071848 -0.007477
vn -0.070220 -0.070960 -0.005811
vn -0.070220 -0.070960 -0.005811
vn -0.070220 -0.070960 -0.005811
vn -0.069566 -0.071794 -0.002495
vn -0.069566 -0.071794 -0.002495
vn -0.069566 -0.071794 -0.002495
vn -0.070760 -0.070616 -0.002538
vn -0.070760 -0.070616 -0.002538
vn -0.070760 -0.070616 -0.002538
vn -0.069067 -0.072275 0.002461
vn -0.069067 -0.072275 0.002461
vn -0.069067 -0.072275 0.002461
vn -0.068500 -0.072620 -0.005839
vn -0.068500 -0.072620 -0.005839
vn -0.068500 -0.072620 -0.005839
vn 0.069771 -0.071595 -0.002486
vn 0.069771 -0.071595 -0.002486
vn 0.069771 -0.071595 -0.002486
vn 0.070201 -0.071087 -0.004293
vn 0.070201 -0.071087 -0.004293
vn 0.070201 -0.071087 -0.004293
vn 0.068619 -0.072260 -0.008361
vn 0.068619 -0.072260 -0.008361
vn 0.068619 -0.072260 -0.008361
vn 0.068304 -0.072745 -0.006544
vn 0.068304 -0.072745 -0.006544
vn 0.068304 -0.072745 -0.006544
vn 0.069593 0.071308 -0.008480
vn 0.069593 0.071308 -0.008480
vn 0.069593 0.071308 -0.008480
vn 0.070632 0.070481 -0.006602
vn 0.070632 0.070481 -0.006602
vn 0.070632 0.070481 -0.006602
vn 0.069917 0.071357 -0.004444
vn 0.069917 0.071357 -0.004444
vn 0.069917 0.071357 -0.004444
vn 0.068948 0.072154 -0.006327
vn 0.068948 0.072154 -0.006327
vn 0.068948 0.072154 -0.006327
vn 0.068458 -0.072764 -0.004351
vn 0.068458 -0.072764 -0.004351
vn 0.068458 -0.072764 -0.004351
vn 0.068697 -0.072136 -0.008782
vn 0.068697 -0.072136 -0.008782
vn 0.068697 -0.072136 -0.008782
vn 0.066463 -0.073750 -0.011986
vn 0.066463 -0.073750 -0.011986
vn 0.066463 -0.073750 -0.011986
vn 0.066921 -0.073122 -0.013217
vn 0.066921 -0.073122 -0.013217
vn 0.066921 -0.073122 -0.013217
vn 0.063402 -0.075181 -0.018112
vn 0.063402 -0.075181 -0.018112
vn 0.063402 -0.075181 -0.018112
vn 0.066437 -0.074058 -0.010077
vn 0.066437 -0.074058 -0.010077
vn 0.066437 -0.074058 -0.010077
vn 0.067066 -0.073568 -0.009486
vn 0.067066 -0.073568 -0.009486
vn 0.067066 -0.073568 -0.009486
vn 0.076520 0.060750 -0.021311
vn 0.076520 0.060750 -0.021311
vn 0.076520 0.060750 -0.021311
vn 0.066498 0.069990 -0.026065
vn 0.066498 0.069990 -0.026065
vn 0.066498 0.069990 -0.026065
vn 0.064624 0.049226 -0.058314
vn 0.064624 0.049226 -0.058314
vn 0.064624 0.049226 -0.058314
vn 0.058332 0.051889 -0.062489
vn 0.058332 0.051889 -0.062489
vn 0.058332 0.051889 -0.062489
vn 0.062773 0.010176 -0.077175
vn 0.062773 0.010176 -0.077175
vn 0.062773 0.010176 -0.077175
vn 0.071422 0.042088 -0.055925
vn 0.071422 0.042088 -0.055925
vn 0.071422 0.042088 -0.055925
vn 0.064857 0.049591 -0.057744
vn 0.064857 0.049591 -0.057744
vn 0.064857 0.049591 -0.057744
vn 0.077527 0.058835 -0.022979
vn 0.077527 0.058835 -0.022979
vn 0.077527 0.058835 -0.022979
vn 0.010641 0.014116 -0.098425
vn 0.010641 0.014116 -0.098425
vn 0.010641 0.014116 -0.098425
vn 0.008135 0.007657 -0.099374
vn 0.008135 0.007657 -0.099374
vn 0.008135 0.007657 -0.099374
vn 0.004195 -0.003333 -0.099856
vn 0.004195 -0.003333 -0.099856
vn 0.004195 -0.003333 -0.099856
vn 0.005570 0.002463 -0.099814
vn 0.005570 0.002463 -0.099814
vn 0.005570 0.002463 -0.099814
vn 0.002134 0.017056 -0.098512
vn 0.002134 0.017056 -0.098512
vn 0.002134 0.017056 -0.098512
vn 0.014066 0.004838 -0.098888
vn 0.014066 0.004838 -0.098888
vn 0.014066 0.004838 -0.098888
vn -0.070951 -0.025680 0.065623
vn -0.070951 -0.025680 0.065623
vn -0.070951 -0.025680 0.065623
vn -0.077771 -0.001686 0.062840
vn -0.077771 -0.001686 0.062840
vn -0.077771 -0.001686 0.062840
vn -0.082050 -0.018086 0.054228
vn -0.082050 -0.018086 0.054228
vn -0.082050 -0.018086 0.054228
vn -0.076869 -0.045171 0.045285
vn -0.076869 -0.045171 0.045285
vn -0.076869 -0.045171 0.045285
vn -0.080707 -0.047249 0.035410
vn -0.080707 -0.047249 0.035410
vn -0.080707 -0.047249 0.035410
vn -0.073220 -0.063568 0.024455
vn -0.073220 -0.063568 0.024455
vn -0.073220 -0.063568 0.024455
vn -0.081150 -0.057874 0.008079
vn -0.081150 -0.057874 0.008079
vn -0.081150 -0.057874 0.008079
vn -0.076978 -0.043314 0.046886
vn -0.076978 -0.043314 0.046886
vn -0.076978 -0.043314 0.046886
vn -0.068679 -0.061178 0.039249
vn -0.068679 -0.061178 0.039249
vn -0.068679 -0.061178 0.039249
vn 0.026338 -0.000742 0.096466
vn 0.026338 -0.000742 0.096466
vn 0.026338 -0.000742 0.096466
vn 0.032047 -0.000123 0.094726
vn 0.032047 -0.000123 0.094726
vn 0.032047 -0.000123 0.094726
vn 0.033859 -0.000608 0.094091
vn 0.033859 -0.000608 0.094091
vn 0.033859 -0.000608 0.094091
vn 0.034262 -0.001016 0.093942
vn 0.034262 -0.001016 0.093942
vn 0.034262 -0.001016 0.093942
vn 0.044656 0.000937 0.089471
vn 0.044656 0.000937 0.089471
vn 0.044656 0.000937 0.089471
vn 0.045652 0.000174 0.088971
vn 0.045652 0.000174 0.088971
vn 0.045652 0.000174 0.088971
vn 0.052348 0.001503 0.085191
vn 0.052348 0.001503 0.085191
vn 0.052348 0.001503 0.085191
vn 0.053774 0.003264 0.084248
vn 0.053774 0.003264 0.084248
vn 0.053774 0.003264 0.084248
vn 0.040276 0.000663 0.091528
vn 0.040276 0.000663 0.091528
vn 0.040276 0.000663 0.091528
vn 0.045628 0.003244 0.088924
vn 0.045628 0.003244 0.088924
vn 0.045628 0.003244 0.088924
vn 0.044223 -0.025628 0.085951
vn 0.044223 -0.025628 0.085951
vn 0.044223 -0.025628 0.085951
vn 0.050895 -0.036445 0.077984
vn 0.050895 -0.036445 0.077984
vn 0.050895 -0.036445 0.077984
vn 0.031346 -0.065740 0.068525
vn 0.031346 -0.065740 0.068525
vn 0.031346 -0.065740 0.068525
vn 0.028434 -0.073396 0.061681
vn 0.028434 -0.073396 0.061681
vn 0.028434 -0.073396 0.061681
vn 0.007807 -0.089156 0.044612
vn 0.007807 -0.089156 0.044612
vn 0.007807 -0.089156 0.044612
vn 0.010018 -0.095757 0.027024
vn 0.010018 -0.095757 0.027024
vn 0.010018 -0.095757 0.027024
vn 0.045688 -0.025718 0.085154
vn 0.045688 -0.025718 0.085154
vn 0.045688 -0.025718 0.085154
vn 0.027618 -0.054404 0.079231
vn 0.027618 -0.054404 0.079231
vn 0.027618 -0.054404 0.079231
vn 0.026820 -0.093542 0.023032
vn 0.026820 -0.093542 0.023032
vn 0.026820 -0.093542 0.023032
vn 0.048706 -0.036671 0.079265
vn 0.048706 -0.036671 0.079265
vn 0.048706 -0.036671 0.079265
vn -0.070857 -0.068782 0.015760
vn -0.070857 -0.068782 0.015760
vn -0.070857 -0.068782 0.015760
vn -0.067538 -0.070526 0.021555
vn -0.067538 -0.070526 0.021555
vn -0.067538 -0.070526 0.021555
vn -0.068447 -0.069554 0.021845
vn -0.068447 -0.069554 0.021845
vn -0.068447 -0.069554 0.021845
vn -0.063926 -0.071217 0.029010
vn -0.063926 -0.071217 0.029010
vn -0.063926 -0.071217 0.029010
vn 0.058821 -0.070194 -0.040161
vn 0.058821 -0.070194 -0.040161
vn 0.058821 -0.070194 -0.040161
vn 0.059464 -0.069323 -0.040723
vn 0.059464 -0.069323 -0.040723
vn 0.059464 -0.069323 -0.040723
vn 0.058718 -0.070182 -0.040334
vn 0.058718 -0.070182 -0.040334
vn 0.058718 -0.070182 -0.040334
vn 0.058083 -0.071023 -0.039776
vn 0.058083 -0.071023 -0.039776
vn 0.058083 -0.071023 -0.039776
vn 0.056776 0.072495 -0.039000
vn 0.056776 0.072495 -0.039000
vn 0.056776 0.072495 -0.039000
vn 0.060256 0.072016 -0.034395
vn 0.060256 0.072016 -0.034395
vn 0.060256 0.072016 -0.034395
vn 0.061876 0.071735 -0.032023
vn 0.061876 0.071735 -0.032023
vn 0.061876 0.071735 -0.032023
vn 0.065212 0.070880 -0.026899
vn 0.065212 0.070880 -0.026899
vn 0.065212 0.070880 -0.026899
vn 0.063155 0.070045 -0.033243
vn 0.063155 0.070045 -0.033243
vn 0.063155 0.070045 -0.033243
vn 0.061171 0.073510 -0.029230
vn 0.061171 0.073510 -0.029230
vn 0.061171 0.073510 -0.029230
vn 0.063594 -0.072579 -0.026231
vn 0.063594 -0.072579 -0.026231
vn 0.063594 -0.072579 -0.026231
vn 0.063646 -0.071684 -0.028471
vn 0.063646 -0.071684 -0.028471
vn 0.063646 -0.071684 -0.028471
vn 0.062043 -0.072469 -0.029982
vn 0.062043 -0.072469 -0.029982
vn 0.062043 -0.072469 -0.029982
vn 0.062178 -0.073325 -0.027520
vn 0.062178 -0.073325 -0.027520
vn 0.062178 -0.073325 -0.027520
vn 0.064157 0.070162 -0.031003
vn 0.064157 0.070162 -0.031003
vn 0.064157 0.070162 -0.031003
vn 0.066245 0.069268 -0.028523
vn 0.066245 0.069268 -0.028523
vn 0.066245 0.069268 -0.028523
vn 0.066595 0.070104 -0.025505
vn 0.066595 0.070104 -0.025505
vn 0.066595 0.070104 -0.025505
vn 0.064628 0.070969 -0.028047
vn 0.064628 0.070969 -0.028047
vn 0.064628 0.070969 -0.028047
vn -0.064995 0.071805 0.024892
vn -0.064995 0.071805 0.024892
vn -0.064995 0.071805 0.024892
vn -0.064986 0.073266 0.020222
vn -0.064986 0.073266 0.020222
vn -0.064986 0.073266 0.020222
vn -0.065181 0.073441 0.018919
vn -0.065181 0.073441 0.018919
vn -0.065181 0.073441 0.018919
vn -0.064633 0.074011 0.018571
vn -0.064633 0.074011 0.018571
vn -0.064633 0.074011 0.018571
vn -0.066388 0.073311 0.014766
vn -0.066388 0.073311 0.014766
vn -0.066388 0.073311 0.014766
vn -0.065974 0.072371 0.020243
vn -0.065974 0.072371 0.020243
vn -0.065974 0.072371 0.020243
vn -0.065222 -0.069817 0.029525
vn -0.065222 -0.069817 0.029525
vn -0.065222 -0.069817 0.029525
vn -0.070844 -0.062895 0.032021
vn -0.070844 -0.062895 0.032021
vn -0.070844 -0.062895 0.032021
vn -0.074469 -0.057587 0.033737
vn -0.074469 -0.057587 0.033737
vn -0.074469 -0.057587 0.033737
vn -0.070814 -0.062870 0.032136
vn -0.070814 -0.062870 0.032136
vn -0.070814 -0.062870 0.032136
vn -0.069534 0.064487 0.031726
vn -0.069534 0.064487 0.031726
vn -0.069534 0.064487 0.031726
vn -0.055358 0.067669 0.048543
vn -0.055358 0.067669 0.048543
vn -0.055358 0.067669 0.048543
vn -0.053699 0.046325 0.070501
vn -0.053699 0.046325 0.070501
vn -0.053699 0.046325 0.070501
vn -0.043080 0.042589 0.079563
vn -0.043080 0.042589 0.079563
vn -0.043080 0.042589 0.079563
vn -0.047364 0.004473 0.087958
vn -0.047364 0.004473 0.087958
vn -0.047364 0.004473 0.087958
vn -0.058120 0.039039 0.071401
vn -0.058120 0.039039 0.071401
vn -0.058120 0.039039 0.071401
vn -0.054560 0.047991 0.068703
vn -0.054560 0.047991 0.068703
vn -0.054560 0.047991 0.068703
vn -0.066645 0.056053 0.049157
vn -0.066645 0.056053 0.049157
vn -0.066645 0.056053 0.049157
vn -0.066944 0.055846 0.048988
vn -0.066944 0.055846 0.048988
vn -0.066944 0.055846 0.048988
vn -0.034736 -0.005995 -0.093581
vn -0.034736 -0.005995 -0.093581
vn -0.034736 -0.005995 -0.093581
vn -0.034502 -0.005118 -0.093720
vn -0.034502 -0.005118 -0.093720
vn -0.034502 -0.005118 -0.093720
vn -0.034750 -0.004153 -0.093676
vn -0.034750 -0.004153 -0.093676
vn -0.034750 -0.004153 -0.093676
vn -0.034978 -0.005185 -0.093540
vn -0.034978 -0.005185 -0.093540
vn -0.034978 -0.005185 -0.093540
vn 0.044966 -0.002570 -0.089283
vn 0.044966 -0.002570 -0.089283
vn 0.044966 -0.002570 -0.089283
vn 0.035916 -0.028847 -0.088757
vn 0.035916 -0.028847 -0.088757
vn 0.035916 -0.028847 -0.088757
vn 0.047713 -0.043233 -0.076514
vn 0.047713 -0.043233 -0.076514
vn 0.047713 -0.043233 -0.076514
vn 0.042362 -0.059607 -0.068209
vn 0.042362 -0.059607 -0.068209
vn 0.042362 -0.059607 -0.068209
vn 0.064003 -0.063198 -0.043699
vn 0.064003 -0.063198 -0.043699
vn 0.064003 -0.063198 -0.043699
vn 0.048633 -0.044401 -0.075255
vn 0.048633 -0.044401 -0.075255
vn 0.048633 -0.044401 -0.075255
vn 0.048102 -0.044342 -0.075631
vn 0.048102 -0.044342 -0.075631
vn 0.048102 -0.044342 -0.075631
vn 0.046227 -0.004853 -0.088541
vn 0.046227 -0.004853 -0.088541
vn 0.046227 -0.004853 -0.088541
vn -0.036266 -0.001734 0.093176
vn -0.036266 -0.001734 0.093176
vn -0.036266 -0.001734 0.093176
vn -0.039360 0.001324 0.091919
vn -0.039360 0.001324 0.091919
vn -0.039360 0.001324 0.091919
vn -0.043667 -0.000703 0.089960
vn -0.043667 -0.000703 0.089960
vn -0.043667 -0.000703 0.089960
vn -0.046133 0.000435 0.088722
vn -0.046133 0.000435 0.088722
vn -0.046133 0.000435 0.088722
vn -0.054099 -0.001169 0.084095
vn -0.054099 -0.001169 0.084095
vn -0.054099 -0.001169 0.084095
vn -0.052602 0.002656 0.085006
vn -0.052602 0.002656 0.085006
vn -0.052602 0.002656 0.085006
vn -0.056485 0.000439 0.082518
vn -0.056485 0.000439 0.082518
vn -0.056485 0.000439 0.082518
vn -0.051668 -0.000732 0.085615
vn -0.051668 -0.000732 0.085615
vn -0.051668 -0.000732 0.085615
vn -0.046231 0.004791 0.088542
vn -0.046231 0.004791 0.088542
vn -0.046231 0.004791 0.088542
vn -0.059023 0.000114 0.080723
vn -0.059023 0.000114 0.080723
vn -0.059023 0.000114 0.080723
vn -0.063086 0.001413 0.077577
vn -0.063086 0.001413 0.077577
vn -0.063086 0.001413 0.077577
vn -0.036853 0.035141 0.086064
vn -0.036853 0.035141 0.086064
vn -0.036853 0.035141 0.086064
vn -0.035299 0.034974 0.086780
vn -0.035299 0.034974 0.086780
vn -0.035299 0.034974 0.086780
vn -0.044732 0.025681 0.085671
vn -0.044732 0.025681 0.085671
vn -0.044732 0.025681 0.085671
vn -0.042662 0.025652 0.086729
vn -0.042662 0.025652 0.086729
vn -0.042662 0.025652 0.086729
vn -0.048402 0.054543 0.068427
vn -0.048402 0.054543 0.068427
vn -0.048402 0.054543 0.068427
vn -0.032972 0.070272 0.063045
vn -0.032972 0.070272 0.063045
vn -0.032972 0.070272 0.063045
vn -0.031148 0.091427 0.025904
vn -0.031148 0.091427 0.025904
vn -0.031148 0.091427 0.025904
vn -0.021341 0.094585 0.024458
vn -0.021341 0.094585 0.024458
vn -0.021341 0.094585 0.024458
vn -0.003634 0.091809 0.039470
vn -0.003634 0.091809 0.039470
vn -0.003634 0.091809 0.039470
vn -0.037481 0.070292 0.060450
vn -0.037481 0.070292 0.060450
vn -0.037481 0.070292 0.060450
vn -0.024533 0.091815 0.031114
vn -0.024533 0.091815 0.031114
vn -0.024533 0.091815 0.031114
vn 0.068095 0.068884 0.024861
vn 0.068095 0.068884 0.024861
vn 0.068095 0.068884 0.024861
vn 0.068755 0.068040 0.025365
vn 0.068755 0.068040 0.025365
vn 0.068755 0.068040 0.025365
vn 0.067864 0.068956 0.025289
vn 0.067864 0.068956 0.025289
vn 0.067864 0.068956 0.025289
vn 0.067207 0.069767 0.024815
vn 0.067207 0.069767 0.024815
vn 0.067207 0.069767 0.024815
vn -0.060589 -0.071232 -0.035426
vn -0.060589 -0.071232 -0.035426
vn -0.060589 -0.071232 -0.035426
vn -0.061396 -0.070370 -0.035758
vn -0.061396 -0.070370 -0.035758
vn -0.061396 -0.070370 -0.035758
vn -0.060725 -0.071213 -0.035231
vn -0.060725 -0.071213 -0.035231
vn -0.060725 -0.071213 -0.035231
vn -0.059926 -0.072045 -0.034905
vn -0.059926 -0.072045 -0.034905
vn -0.059926 -0.072045 -0.034905
vn -0.059038 0.073084 -0.034252
vn -0.059038 0.073084 -0.034252
vn -0.059038 0.073084 -0.034252
vn -0.057068 0.072000 -0.039489
vn -0.057068 0.072000 -0.039489
vn -0.057068 0.072000 -0.039489
vn -0.056249 0.072337 -0.040043
vn -0.056249 0.072337 -0.040043
vn -0.056249 0.072337 -0.040043
vn -0.056252 0.072334 -0.040045
vn -0.056252 0.072334 -0.040045
vn -0.056252 0.072334 -0.040045
vn -0.052465 0.070632 -0.047524
vn -0.052465 0.070632 -0.047524
vn -0.052465 0.070632 -0.047524
vn -0.057152 0.073636 -0.036213
vn -0.057152 0.073636 -0.036213
vn -0.057152 0.073636 -0.036213
vn -0.051550 -0.071848 -0.046695
vn -0.051550 -0.071848 -0.046695
vn -0.051550 -0.071848 -0.046695
vn -0.053394 -0.070960 -0.045976
vn -0.053394 -0.070960 -0.045976
vn -0.053394 -0.070960 -0.045976
vn -0.054813 -0.071794 -0.042908
vn -0.054813 -0.071794 -0.042908
vn -0.054813 -0.071794 -0.042908
vn -0.055754 -0.070616 -0.043645
vn -0.055754 -0.070616 -0.043645
vn -0.055754 -0.070616 -0.043645
vn -0.057323 -0.072275 -0.038606
vn -0.057323 -0.072275 -0.038606
vn -0.057323 -0.072275 -0.038606
vn -0.051986 -0.072620 -0.044987
vn -0.051986 -0.072620 -0.044987
vn -0.051986 -0.072620 -0.044987
vn 0.057907 -0.071595 0.038999
vn 0.057907 -0.071595 0.038999
vn 0.057907 -0.071595 0.038999
vn 0.059317 -0.071087 0.037790
vn 0.059317 -0.071087 0.037790
vn 0.059317 -0.071087 0.037790
vn 0.060428 -0.072260 0.033569
vn 0.060428 -0.072260 0.033569
vn 0.060428 -0.072260 0.033569
vn 0.059105 -0.072745 0.034853
vn 0.059105 -0.072745 0.034853
vn 0.059105 -0.072745 0.034853
vn 0.061287 0.071308 0.034045
vn 0.061287 0.071308 0.034045
vn 0.061287 0.071308 0.034045
vn 0.061023 0.070481 0.036175
vn 0.061023 0.070481 0.036175
vn 0.061023 0.070481 0.036175
vn 0.059176 0.071357 0.037501
vn 0.059176 0.071357 0.037501
vn 0.059176 0.071357 0.037501
vn 0.059499 0.072154 0.035408
vn 0.059499 0.072154 0.035408
vn 0.059499 0.072154 0.035408
vn 0.057941 -0.072764 0.036719
vn 0.057941 -0.072764 0.036719
vn 0.057941 -0.072764 0.036719
vn 0.060739 -0.072136 0.033274
vn 0.060739 -0.072136 0.033274
vn 0.060739 -0.072136 0.033274
vn 0.060814 -0.073750 0.029369
vn 0.060814 -0.073750 0.029369
vn 0.060814 -0.073750 0.029369
vn 0.061909 -0.073122 0.028642
vn 0.061909 -0.073122 0.028642
vn 0.061909 -0.073122 0.028642
vn 0.061939 -0.075181 0.022614
vn 0.061939 -0.075181 0.022614
vn 0.061939 -0.075181 0.022614
vn 0.059672 -0.074058 0.030898
vn 0.059672 -0.074058 0.030898
vn 0.059672 -0.074058 0.030898
vn 0.059833 -0.073568 0.031746
vn 0.059833 -0.073568 0.031746
vn 0.059833 -0.073568 0.031746
vn 0.074432 0.060750 0.027736
vn 0.074432 0.060750 0.027736
vn 0.074432 0.060750 0.027736
vn 0.069119 0.069990 0.017999
vn 0.069119 0.069990 0.017999
vn 0.069119 0.069990 0.017999
vn 0.086558 0.049226 -0.009192
vn 0.086558 0.049226 -0.009192
vn 0.086558 0.049226 -0.009192
vn 0.083922 0.051889 -0.016268
vn 0.083922 0.051889 -0.016268
vn 0.083922 0.051889 -0.016268
vn 0.096147 0.010176 -0.025539
vn 0.096147 0.010176 -0.025539
vn 0.096147 0.010176 -0.025539
vn 0.090653 0.042088 -0.003263
vn 0.090653 0.042088 -0.003263
vn 0.090653 0.042088 -0.003263
vn 0.086411 0.049591 -0.008594
vn 0.086411 0.049591 -0.008594
vn 0.086411 0.049591 -0.008594
vn 0.076227 0.058835 0.026979
vn 0.076227 0.058835 0.026979
vn 0.076227 0.058835 0.026979
vn 0.066462 0.014116 -0.073373
vn 0.066462 0.014116 -0.073373
vn 0.066462 0.014116 -0.073373
vn 0.064992 0.007657 -0.075614
vn 0.064992 0.007657 -0.075614
vn 0.064992 0.007657 -0.075614
vn 0.062088 -0.003333 -0.078319
vn 0.062088 -0.003333 -0.078319
vn 0.062088 -0.003333 -0.078319
vn 0.063175 0.002463 -0.077478
vn 0.063175 0.002463 -0.077478
vn 0.063175 0.002463 -0.077478
vn 0.059630 0.017056 -0.078443
vn 0.059630 0.017056 -0.078443
vn 0.059630 0.017056 -0.078443
vn 0.069504 0.004838 -0.071734
vn 0.069504 0.004838 -0.071734
vn 0.069504 0.004838 -0.071734
vn -0.095973 -0.025681 0.011386
vn -0.095973 -0.025681 0.011386
vn -0.095973 -0.025681 0.011386
vn -0.099854 -0.001686 0.005125
vn -0.099854 -0.001686 0.005125
vn -0.099854 -0.001686 0.005125
vn -0.098255 -0.018085 -0.004357
vn -0.098255 -0.018085 -0.004357
vn -0.098255 -0.018085 -0.004357
vn -0.088806 -0.045171 -0.008545
vn -0.088806 -0.045171 -0.008545
vn -0.088806 -0.045171 -0.008545
vn -0.086107 -0.047249 -0.018791
vn -0.086107 -0.047249 -0.018791
vn -0.086107 -0.047249 -0.018791
vn -0.073610 -0.063568 -0.023253
vn -0.073610 -0.063568 -0.023253
vn -0.073610 -0.063568 -0.023253
vn -0.070401 -0.057874 -0.041163
vn -0.070401 -0.057874 -0.041163
vn -0.070401 -0.057874 -0.041163
vn -0.089836 -0.043314 -0.007315
vn -0.089836 -0.043314 -0.007315
vn -0.089836 -0.043314 -0.007315
vn -0.078632 -0.061178 -0.008616
vn -0.078632 -0.061178 -0.008616
vn -0.078632 -0.061178 -0.008616
vn -0.035394 -0.000742 0.093524
vn -0.035394 -0.000742 0.093524
vn -0.035394 -0.000742 0.093524
vn -0.029752 -0.000123 0.095471
vn -0.029752 -0.000123 0.095471
vn -0.029752 -0.000123 0.095471
vn -0.027913 -0.000608 0.096023
vn -0.027913 -0.000608 0.096023
vn -0.027913 -0.000608 0.096023
vn -0.027499 -0.001016 0.096139
vn -0.027499 -0.001016 0.096139
vn -0.027499 -0.001016 0.096139
vn -0.016462 0.000937 0.098631
vn -0.016462 0.000937 0.098631
vn -0.016462 0.000937 0.098631
vn -0.015362 0.000174 0.098813
vn -0.015362 0.000174 0.098813
vn -0.015362 0.000174 0.098813
vn -0.007724 0.001503 0.099690
vn -0.007724 0.001503 0.099690
vn -0.007724 0.001503 0.099690
vn -0.006015 0.003264 0.099766
vn -0.006015 0.003264 0.099766
vn -0.006015 0.003264 0.099766
vn -0.021215 0.000663 0.097721
vn -0.021215 0.000663 0.097721
vn -0.021215 0.000663 0.097721
vn -0.015354 0.003279 0.098760
vn -0.015354 0.003279 0.098760
vn -0.015354 0.003279 0.098760
vn -0.014743 -0.025628 0.095529
vn -0.014743 -0.025628 0.095529
vn -0.014743 -0.025628 0.095529
vn -0.004663 -0.036445 0.093006
vn -0.004663 -0.036445 0.093006
vn -0.004663 -0.036445 0.093006
vn -0.014918 -0.065740 0.073863
vn -0.014918 -0.065740 0.073863
vn -0.014918 -0.065740 0.073863
vn -0.013251 -0.073396 0.066614
vn -0.013251 -0.073396 0.066614
vn -0.013251 -0.073396 0.066614
vn -0.019906 -0.089156 0.040680
vn -0.019906 -0.089156 0.040680
vn -0.019906 -0.089156 0.040680
vn -0.007780 -0.095757 0.027751
vn -0.007780 -0.095757 0.027751
vn -0.007780 -0.095757 0.027751
vn -0.013090 -0.025718 0.095746
vn -0.013090 -0.025718 0.095746
vn -0.013090 -0.025718 0.095746
vn -0.024227 -0.054404 0.080332
vn -0.024227 -0.054404 0.080332
vn -0.024227 -0.054404 0.080332
vn 0.008160 -0.093542 0.034398
vn 0.008160 -0.093542 0.034398
vn 0.008160 -0.093542 0.034398
vn -0.007186 -0.036671 0.092755
vn -0.007186 -0.036671 0.092755
vn -0.007186 -0.036671 0.092755
vn -0.066588 -0.068782 -0.028898
vn -0.066588 -0.068782 -0.028898
vn -0.066588 -0.068782 -0.028898
vn -0.067309 -0.070526 -0.022260
vn -0.067309 -0.070526 -0.022260
vn -0.067309 -0.070526 -0.022260
vn -0.068215 -0.069554 -0.022560
vn -0.068215 -0.069554 -0.022560
vn -0.068215 -0.069554 -0.022560
vn -0.068769 -0.071217 -0.014105
vn -0.068769 -0.071217 -0.014105
vn -0.068769 -0.071217 -0.014105
vn 0.071193 -0.070194 0.002083
vn 0.071193 -0.070194 0.002083
vn 0.071193 -0.070194 0.002083
vn 0.072044 -0.069323 0.002006
vn 0.072044 -0.069323 0.002006
vn 0.072044 -0.069323 0.002006
vn 0.071210 -0.070182 0.001883
vn 0.071210 -0.070182 0.001883
vn 0.071210 -0.070182 0.001883
vn 0.070370 -0.071023 0.001961
vn 0.070370 -0.071023 0.001961
vn 0.070370 -0.071023 0.001961
vn 0.068856 0.072495 0.001820
vn 0.068856 0.072495 0.001820
vn 0.068856 0.072495 0.001820
vn 0.068965 0.072016 0.007591
vn 0.068965 0.072016 0.007591
vn 0.068965 0.072016 0.007591
vn 0.068881 0.071735 0.010463
vn 0.068881 0.071735 0.010463
vn 0.068881 0.071735 0.010463
vn 0.068568 0.070880 0.016569
vn 0.068568 0.070880 0.016569
vn 0.068568 0.070880 0.016569
vn 0.070634 0.070045 0.010228
vn 0.070634 0.070045 0.010228
vn 0.070634 0.070045 0.010228
vn 0.066669 0.073510 0.012308
vn 0.066669 0.073510 0.012308
vn 0.066669 0.073510 0.012308
vn 0.066867 -0.072579 0.016158
vn 0.066867 -0.072579 0.016158
vn 0.066867 -0.072579 0.016158
vn 0.068225 -0.071684 0.014377
vn 0.068225 -0.071684 0.014377
vn 0.068225 -0.071684 0.014377
vn 0.067817 -0.072469 0.012212
vn 0.067817 -0.072469 0.012212
vn 0.067817 -0.072469 0.012212
vn 0.066479 -0.073325 0.014283
vn 0.066479 -0.073325 0.014283
vn 0.066479 -0.073325 0.014283
vn 0.070127 0.070162 0.012628
vn 0.070127 0.070162 0.012628
vn 0.070127 0.070162 0.012628
vn 0.070359 0.069268 0.015862
vn 0.070359 0.069268 0.015862
vn 0.070359 0.069268 0.015862
vn 0.068868 0.070104 0.018510
vn 0.068868 0.070104 0.018510
vn 0.068868 0.070104 0.018510
vn 0.068771 0.070969 0.015297
vn 0.068771 0.070969 0.015297
vn 0.068771 0.070969 0.015297
vn -0.067213 0.071805 -0.018065
vn -0.067213 0.071805 -0.018065
vn -0.067213 0.071805 -0.018065
vn -0.064461 0.073266 -0.021838
vn -0.064461 0.073266 -0.021838
vn -0.064461 0.073266 -0.021838
vn -0.063853 0.073441 -0.023006
vn -0.063853 0.073441 -0.023006
vn -0.063853 0.073441 -0.023006
vn -0.063205 0.074011 -0.022966
vn -0.063205 0.074011 -0.022966
vn -0.063205 0.074011 -0.022966
vn -0.062389 0.073311 -0.027076
vn -0.062389 0.073311 -0.027076
vn -0.062389 0.073311 -0.027076
vn -0.065273 0.072371 -0.022402
vn -0.065273 0.072371 -0.022402
vn -0.065273 0.072371 -0.022402
vn -0.070120 -0.069816 -0.014450
vn -0.070120 -0.069816 -0.014450
vn -0.070120 -0.069816 -0.014450
vn -0.075453 -0.063746 -0.015598
vn -0.075453 -0.063746 -0.015598
vn -0.075453 -0.063746 -0.015598
vn -0.080077 -0.057586 -0.016478
vn -0.080077 -0.057586 -0.016478
vn -0.080077 -0.057586 -0.016478
vn -0.075483 -0.063739 -0.015482
vn -0.075483 -0.063739 -0.015482
vn -0.075483 -0.063739 -0.015482
vn -0.074902 0.064487 -0.015204
vn -0.074902 0.064487 -0.015204
vn -0.074902 0.064487 -0.015204
vn -0.073319 0.067669 0.006733
vn -0.073319 0.067669 0.006733
vn -0.073319 0.067669 0.006733
vn -0.084883 0.046325 0.025473
vn -0.084883 0.046325 0.025473
vn -0.084883 0.046325 0.025473
vn -0.081619 0.042589 0.039046
vn -0.081619 0.042589 0.039046
vn -0.081619 0.042589 0.039046
vn -0.090019 0.004473 0.043320
vn -0.090019 0.004473 0.043320
vn -0.090019 0.004473 0.043320
vn -0.088988 0.039039 0.023603
vn -0.088988 0.039039 0.023603
vn -0.088988 0.039039 0.023603
vn -0.084522 0.047991 0.023512
vn -0.084522 0.047991 0.023512
vn -0.084522 0.047991 0.023512
vn -0.082811 0.056053 0.000596
vn -0.082811 0.056053 0.000596
vn -0.082811 0.056053 0.000596
vn -0.082953 0.055846 0.000283
vn -0.082953 0.055846 0.000283
vn -0.082953 0.055846 0.000283
vn 0.026904 -0.005995 -0.096126
vn 0.026904 -0.005995 -0.096126
vn 0.026904 -0.005995 -0.096126
vn 0.027174 -0.005118 -0.096101
vn 0.027174 -0.005118 -0.096101
vn 0.027174 -0.005118 -0.096101
vn 0.026948 -0.004153 -0.096211
vn 0.026948 -0.004153 -0.096211
vn 0.026948 -0.004153 -0.096211
vn 0.026683 -0.005185 -0.096235
vn 0.026683 -0.005185 -0.096235
vn 0.026683 -0.005185 -0.096235
vn 0.088857 -0.002570 -0.045802
vn 0.088857 -0.002570 -0.045802
vn 0.088857 -0.002570 -0.045802
vn 0.081227 -0.028847 -0.050695
vn 0.081227 -0.028847 -0.050695
vn 0.081227 -0.028847 -0.050695
vn 0.083574 -0.043233 -0.033856
vn 0.083574 -0.043233 -0.033856
vn 0.083574 -0.043233 -0.033856
vn 0.074364 -0.059607 -0.030282
vn 0.074364 -0.059607 -0.030282
vn 0.074364 -0.059607 -0.030282
vn 0.077466 -0.063198 0.002267
vn 0.077466 -0.063198 0.002267
vn 0.077466 -0.063198 0.002267
vn 0.083579 -0.044401 -0.032297
vn 0.083579 -0.044401 -0.032297
vn 0.083579 -0.044401 -0.032297
vn 0.083370 -0.044342 -0.032913
vn 0.083370 -0.044342 -0.032913
vn 0.083370 -0.044342 -0.032913
vn 0.089442 -0.004853 -0.044459
vn 0.089442 -0.004853 -0.044459
vn 0.089442 -0.004853 -0.044459
vn -0.077408 -0.001734 -0.063285
vn -0.077408 -0.001734 -0.063285
vn -0.077408 -0.001734 -0.063285
vn -0.075257 0.001324 -0.065838
vn -0.075257 0.001324 -0.065838
vn -0.075257 0.001324 -0.065838
vn -0.072063 -0.000703 -0.069329
vn -0.072063 -0.000703 -0.069329
vn -0.072063 -0.000703 -0.069329
vn -0.070124 0.000435 -0.071291
vn -0.070124 0.000435 -0.071291
vn -0.070124 0.000435 -0.071291
vn -0.063261 -0.001169 -0.077438
vn -0.063261 -0.001169 -0.077438
vn -0.063261 -0.001169 -0.077438
vn -0.064590 0.002656 -0.076296
vn -0.064590 0.002656 -0.076296
vn -0.064590 0.002656 -0.076296
vn -0.061025 0.000439 -0.079220
vn -0.061025 0.000439 -0.079220
vn -0.061025 0.000439 -0.079220
vn -0.065458 -0.000732 -0.075595
vn -0.065458 -0.000732 -0.075595
vn -0.065458 -0.000732 -0.075595
vn -0.069922 0.004793 -0.071330
vn -0.069922 0.004793 -0.071330
vn -0.069922 0.004793 -0.071330
vn -0.058533 0.000114 -0.081079
vn -0.058533 0.000114 -0.081079
vn -0.058533 0.000114 -0.081079
vn -0.054286 0.001413 -0.083971
vn -0.054286 0.001413 -0.083971
vn -0.054286 0.001413 -0.083971
vn -0.070463 0.035141 -0.061644
vn -0.070463 0.035141 -0.061644
vn -0.070463 0.035141 -0.061644
vn -0.071625 0.034974 -0.060388
vn -0.071625 0.034974 -0.060388
vn -0.071625 0.034974 -0.060388
vn -0.067655 0.025681 -0.069017
vn -0.067655 0.025681 -0.069017
vn -0.067655 0.025681 -0.069017
vn -0.069301 0.025652 -0.067375
vn -0.069301 0.025652 -0.067375
vn -0.069301 0.025652 -0.067375
vn -0.050121 0.054543 -0.067178
vn -0.050121 0.054543 -0.067178
vn -0.050121 0.054543 -0.067178
vn -0.049770 0.070272 -0.050840
vn -0.049770 0.070272 -0.050840
vn -0.049770 0.070272 -0.050840
vn -0.015011 0.091427 -0.037628
vn -0.015011 0.091427 -0.037628
vn -0.015011 0.091427 -0.037628
vn -0.016666 0.094585 -0.027854
vn -0.016666 0.094585 -0.027854
vn -0.016666 0.094585 -0.027854
vn -0.036415 0.091809 -0.015653
vn -0.036415 0.091809 -0.015653
vn -0.036415 0.091809 -0.015653
vn -0.045909 0.070292 -0.054327
vn -0.045909 0.070292 -0.054327
vn -0.045909 0.070292 -0.054327
vn -0.022010 0.091815 -0.032947
vn -0.022010 0.091815 -0.032947
vn -0.022010 0.091815 -0.032947
vn -0.044687 0.068884 0.057080
vn -0.044687 0.068884 0.057080
vn -0.044687 0.068884 0.057080
vn -0.045370 0.068040 0.057551
vn -0.045370 0.068040 0.057551
vn -0.045370 0.068040 0.057551
vn -0.045022 0.068957 0.056727
vn -0.045022 0.068957 0.056727
vn -0.045022 0.068957 0.056727
vn -0.044369 0.069767 0.056249
vn -0.044369 0.069767 0.056249
vn -0.044369 0.069767 0.056249
vn 0.052414 -0.071233 -0.046676
vn 0.052414 -0.071233 -0.046676
vn 0.052414 -0.071233 -0.046676
vn 0.052980 -0.070370 -0.047341
vn 0.052980 -0.070370 -0.047341
vn 0.052980 -0.070370 -0.047341
vn 0.052272 -0.071213 -0.046866
vn 0.052272 -0.071213 -0.046866
vn 0.052272 -0.071213 -0.046866
vn 0.051715 -0.072045 -0.046207
vn 0.051715 -0.072045 -0.046207
vn 0.051715 -0.072045 -0.046207
vn 0.050820 0.073084 -0.045564
vn 0.050820 0.073084 -0.045564
vn 0.050820 0.073084 -0.045564
vn 0.055191 0.072000 -0.042072
vn 0.055191 0.072000 -0.042072
vn 0.055191 0.072000 -0.042072
vn 0.055465 0.072337 -0.041122
vn 0.055465 0.072337 -0.041122
vn 0.055465 0.072337 -0.041122
vn 0.055468 0.072334 -0.041124
vn 0.055468 0.072334 -0.041124
vn 0.055468 0.072334 -0.041124
vn 0.061411 0.070632 -0.035212
vn 0.061411 0.070632 -0.035212
vn 0.061411 0.070632 -0.035212
vn 0.052101 0.073636 -0.043164
vn 0.052101 0.073636 -0.043164
vn 0.052101 0.073636 -0.043164
vn 0.060340 -0.071848 -0.034598
vn 0.060340 -0.071848 -0.034598
vn 0.060340 -0.071848 -0.034598
vn 0.060225 -0.070960 -0.036573
vn 0.060225 -0.070960 -0.036573
vn 0.060225 -0.070960 -0.036573
vn 0.057746 -0.071794 -0.038871
vn 0.057746 -0.071794 -0.038871
vn 0.057746 -0.071794 -0.038871
vn 0.058738 -0.070616 -0.039538
vn 0.058738 -0.070616 -0.039538
vn 0.058738 -0.070616 -0.039538
vn 0.054430 -0.072275 -0.042587
vn 0.054430 -0.072275 -0.042587
vn 0.054430 -0.072275 -0.042587
vn 0.058850 -0.072620 -0.035540
vn 0.058850 -0.072620 -0.035540
vn 0.058850 -0.072620 -0.035540
vn -0.054985 -0.071595 0.043021
vn -0.054985 -0.071595 0.043021
vn -0.054985 -0.071595 0.043021
vn -0.054271 -0.071087 0.044736
vn -0.054271 -0.071087 0.044736
vn -0.054271 -0.071087 0.044736
vn -0.050599 -0.072260 0.047098
vn -0.050599 -0.072260 0.047098
vn -0.050599 -0.072260 0.047098
vn -0.051412 -0.072745 0.045442
vn -0.051412 -0.072745 0.045442
vn -0.051412 -0.072745 0.045442
vn -0.051318 0.071308 0.047766
vn -0.051318 0.071308 0.047766
vn -0.051318 0.071308 0.047766
vn -0.053261 0.070481 0.046858
vn -0.053261 0.070481 0.046858
vn -0.053261 0.070481 0.046858
vn -0.053952 0.071357 0.044691
vn -0.053952 0.071357 0.044691
vn -0.053952 0.071357 0.044691
vn -0.052061 0.072154 0.045645
vn -0.052061 0.072154 0.045645
vn -0.052061 0.072154 0.045645
vn -0.052826 -0.072764 0.043759
vn -0.052826 -0.072764 0.043759
vn -0.052826 -0.072764 0.043759
vn -0.050415 -0.072136 0.047484
vn -0.050415 -0.072136 0.047484
vn -0.050415 -0.072136 0.047484
vn -0.046724 -0.073750 0.048762
vn -0.046724 -0.073750 0.048762
vn -0.046724 -0.073750 0.048762
vn -0.046371 -0.073122 0.050028
vn -0.046371 -0.073122 0.050028
vn -0.046371 -0.073122 0.050028
vn -0.040647 -0.075181 0.051920
vn -0.040647 -0.075181 0.051920
vn -0.040647 -0.075181 0.051920
vn -0.047826 -0.074058 0.047204
vn -0.047826 -0.074058 0.047204
vn -0.047826 -0.074058 0.047204
vn -0.048682 -0.073568 0.047094
vn -0.048682 -0.073568 0.047094
vn -0.048682 -0.073568 0.047094
vn -0.049380 0.060750 0.062218
vn -0.049380 0.060750 0.062218
vn -0.049380 0.060750 0.062218
vn -0.038477 0.069990 0.060174
vn -0.038477 0.069990 0.060174
vn -0.038477 0.069990 0.060174
vn -0.018006 0.049226 0.085162
vn -0.018006 0.049226 0.085162
vn -0.018006 0.049226 0.085162
vn -0.010462 0.051889 0.084842
vn -0.010462 0.051889 0.084842
vn -0.010462 0.051889 0.084842
vn -0.005422 0.010176 0.099333
vn -0.005422 0.010176 0.099333
vn -0.005422 0.010176 0.099333
vn -0.024910 0.042088 0.087225
vn -0.024910 0.042088 0.087225
vn -0.024910 0.042088 0.087225
vn -0.018530 0.049591 0.084837
vn -0.018530 0.049591 0.084837
vn -0.018530 0.049591 0.084837
vn -0.049214 0.058835 0.064160
vn -0.049214 0.058835 0.064160
vn -0.049214 0.058835 0.064160
vn 0.049244 0.014116 0.085882
vn 0.049244 0.014116 0.085882
vn 0.049244 0.014116 0.085882
vn 0.051829 0.007657 0.085177
vn 0.051829 0.007657 0.085177
vn 0.051829 0.007657 0.085177
vn 0.055300 -0.003334 0.083251
vn 0.055300 -0.003334 0.083251
vn 0.055300 -0.003334 0.083251
vn 0.054163 0.002463 0.084025
vn 0.054163 0.002463 0.084025
vn 0.054163 0.002463 0.084025
vn 0.056178 0.017056 0.080952
vn 0.056178 0.017056 0.080952
vn 0.056178 0.017056 0.080952
vn 0.046745 0.004837 0.088270
vn 0.046745 0.004837 0.088270
vn 0.046745 0.004837 0.088270
vn 0.018829 -0.025681 -0.094794
vn 0.018829 -0.025681 -0.094794
vn 0.018829 -0.025681 -0.094794
vn 0.025982 -0.001686 -0.096551
vn 0.025982 -0.001686 -0.096551
vn 0.025982 -0.001686 -0.096551
vn 0.034506 -0.018085 -0.092099
vn 0.034506 -0.018085 -0.092099
vn 0.034506 -0.018085 -0.092099
vn 0.035570 -0.045171 -0.081819
vn 0.035570 -0.045171 -0.081819
vn 0.035570 -0.045171 -0.081819
vn 0.044480 -0.047249 -0.076086
vn 0.044480 -0.047249 -0.076086
vn 0.044480 -0.047249 -0.076086
vn 0.044862 -0.063568 -0.062822
vn 0.044862 -0.063568 -0.062822
vn 0.044862 -0.063568 -0.062822
vn 0.060903 -0.057874 -0.054235
vn 0.060903 -0.057874 -0.054235
vn 0.060903 -0.057874 -0.054235
vn 0.034717 -0.043314 -0.083178
vn 0.034717 -0.043314 -0.083178
vn 0.034717 -0.043314 -0.083178
vn 0.032493 -0.061178 -0.072121
vn 0.032493 -0.061178 -0.072121
vn 0.032493 -0.061178 -0.072121
vn -0.078009 -0.000742 -0.062562
vn -0.078009 -0.000742 -0.062562
vn -0.078009 -0.000742 -0.062562
vn -0.081605 -0.000123 -0.057798
vn -0.081605 -0.000123 -0.057798
vn -0.081605 -0.000123 -0.057798
vn -0.082698 -0.000608 -0.056220
vn -0.082698 -0.000608 -0.056220
vn -0.082698 -0.000608 -0.056220
vn -0.082936 -0.001016 -0.055862
vn -0.082936 -0.001016 -0.055862
vn -0.082936 -0.001016 -0.055862
vn -0.088717 0.000937 -0.046135
vn -0.088717 0.000937 -0.046135
vn -0.088717 0.000937 -0.046135
vn -0.089229 0.000174 -0.045145
vn -0.089229 0.000174 -0.045145
vn -0.089229 0.000174 -0.045145
vn -0.092424 0.001503 -0.038151
vn -0.092424 0.001503 -0.038151
vn -0.092424 0.001503 -0.038151
vn -0.093024 0.003264 -0.036550
vn -0.093024 0.003264 -0.036550
vn -0.093024 0.003264 -0.036550
vn -0.086383 0.000663 -0.050374
vn -0.086383 0.000663 -0.050374
vn -0.086383 0.000663 -0.050374
vn -0.089182 0.003276 -0.045121
vn -0.089182 0.003276 -0.045121
vn -0.089182 0.003276 -0.045121
vn -0.086298 -0.025628 -0.043542
vn -0.086298 -0.025628 -0.043542
vn -0.086298 -0.025628 -0.043542
vn -0.087013 -0.036445 -0.033175
vn -0.087013 -0.036445 -0.033175
vn -0.087013 -0.036445 -0.033175
vn -0.065638 -0.065740 -0.037013
vn -0.065638 -0.065740 -0.037013
vn -0.065638 -0.065740 -0.037013
vn -0.059259 -0.073396 -0.033188
vn -0.059259 -0.073396 -0.033188
vn -0.059259 -0.073396 -0.033188
vn -0.032538 -0.089156 -0.031503
vn -0.032538 -0.089156 -0.031503
vn -0.032538 -0.089156 -0.031503
vn -0.023989 -0.095757 -0.015974
vn -0.023989 -0.095757 -0.015974
vn -0.023989 -0.095757 -0.015974
vn -0.087014 -0.025718 -0.042036
vn -0.087014 -0.025718 -0.042036
vn -0.087014 -0.025718 -0.042036
vn -0.068914 -0.054404 -0.047865
vn -0.068914 -0.054404 -0.047865
vn -0.068914 -0.054404 -0.047865
vn -0.035236 -0.093542 -0.002869
vn -0.035236 -0.093542 -0.002869
vn -0.035236 -0.093542 -0.002869
vn -0.085995 -0.036671 -0.035498
vn -0.085995 -0.036671 -0.035498
vn -0.085995 -0.036671 -0.035498
vn 0.048060 -0.068782 -0.054399
vn 0.048060 -0.068782 -0.054399
vn 0.048060 -0.068782 -0.054399
vn 0.041970 -0.070526 -0.057136
vn 0.041970 -0.070526 -0.057136
vn 0.041970 -0.070526 -0.057136
vn 0.042535 -0.069554 -0.057905
vn 0.042535 -0.069554 -0.057905
vn 0.042535 -0.069554 -0.057905
vn 0.034665 -0.071217 -0.061044
vn 0.034665 -0.071217 -0.061044
vn 0.034665 -0.071217 -0.061044
vn -0.023981 -0.070194 0.067065
vn -0.023981 -0.070194 0.067065
vn -0.023981 -0.070194 0.067065
vn -0.024171 -0.069322 0.067898
vn -0.024171 -0.069322 0.067898
vn -0.024171 -0.069322 0.067898
vn -0.023796 -0.070182 0.067144
vn -0.023796 -0.070182 0.067144
vn -0.023796 -0.070182 0.067144
vn -0.023610 -0.071023 0.066320
vn -0.023610 -0.071023 0.066320
vn -0.023610 -0.071023 0.066320
vn -0.023009 0.072495 0.064924
vn -0.023009 0.072495 0.064924
vn -0.023009 0.072495 0.064924
vn -0.028531 0.072016 0.063244
vn -0.028531 0.072016 0.063244
vn -0.028531 0.072016 0.063244
vn -0.031237 0.071735 0.062277
vn -0.031237 0.071735 0.062277
vn -0.031237 0.071735 0.062277
vn -0.036947 0.070880 0.060092
vn -0.036947 0.070880 0.060092
vn -0.036947 0.070880 0.060092
vn -0.031554 0.070045 0.064016
vn -0.031554 0.070045 0.064016
vn -0.031554 0.070045 0.064016
vn -0.032307 0.073510 0.059603
vn -0.032307 0.073510 0.059603
vn -0.032307 0.073510 0.059603
vn -0.036030 -0.072579 0.058601
vn -0.036030 -0.072579 0.058601
vn -0.036030 -0.072579 0.058601
vn -0.034756 -0.071684 0.060444
vn -0.034756 -0.071684 0.060444
vn -0.034756 -0.071684 0.060444
vn -0.032571 -0.072469 0.060724
vn -0.032571 -0.072469 0.060724
vn -0.032571 -0.072469 0.060724
vn -0.034127 -0.073325 0.058811
vn -0.034127 -0.073325 0.058811
vn -0.034127 -0.073325 0.058811
vn -0.033680 0.070162 0.062793
vn -0.033680 0.070162 0.062793
vn -0.033680 0.070162 0.062793
vn -0.036828 0.069268 0.062014
vn -0.036828 0.069268 0.062014
vn -0.036828 0.069268 0.062014
vn -0.038885 0.070104 0.059777
vn -0.038885 0.070104 0.059777
vn -0.038885 0.070104 0.059777
vn -0.035800 0.070969 0.060678
vn -0.035800 0.070969 0.060678
vn -0.035800 0.070969 0.060678
vn 0.037951 0.071805 -0.058341
vn 0.037951 0.071805 -0.058341
vn 0.037951 0.071805 -0.058341
vn 0.040689 0.073266 -0.054558
vn 0.040689 0.073266 -0.054558
vn 0.040689 0.073266 -0.054558
vn 0.041612 0.073441 -0.053618
vn 0.041612 0.073441 -0.053618
vn 0.041612 0.073441 -0.053618
vn 0.041374 0.074011 -0.053015
vn 0.041374 0.074011 -0.053015
vn 0.041374 0.074011 -0.053015
vn 0.045030 0.073311 -0.050968
vn 0.045030 0.073311 -0.050968
vn 0.045030 0.073311 -0.050968
vn 0.041476 0.072371 -0.055156
vn 0.041476 0.072371 -0.055156
vn 0.041476 0.072371 -0.055156
vn 0.035409 -0.069822 -0.062218
vn 0.035409 -0.069822 -0.062218
vn 0.035409 -0.069822 -0.062218
vn 0.038492 -0.062896 -0.067545
vn 0.038492 -0.062896 -0.067545
vn 0.038492 -0.062896 -0.067545
vn 0.040419 -0.057579 -0.071070
vn 0.040419 -0.057579 -0.071070
vn 0.040419 -0.057579 -0.071070
vn 0.038402 -0.062866 -0.067625
vn 0.038402 -0.062866 -0.067625
vn 0.038402 -0.062866 -0.067625
vn 0.037606 0.064487 -0.066538
vn 0.037606 0.064487 -0.066538
vn 0.037606 0.064487 -0.066538
vn 0.016253 0.067669 -0.071811
vn 0.016253 0.067669 -0.071811
vn 0.016253 0.067669 -0.071811
vn 0.002004 0.046324 -0.088600
vn 0.002004 0.046324 -0.088600
vn 0.002004 0.046324 -0.088600
vn -0.011913 0.042589 -0.089690
vn -0.011913 0.042589 -0.089690
vn -0.011913 0.042589 -0.089690
vn -0.013382 0.004473 -0.098999
vn -0.013382 0.004473 -0.098999
vn -0.013382 0.004473 -0.098999
vn 0.005051 0.039039 -0.091926
vn 0.005051 0.039039 -0.091926
vn 0.005051 0.039039 -0.091926
vn 0.003758 0.047991 -0.087651
vn 0.003758 0.047991 -0.087651
vn 0.003758 0.047991 -0.087651
vn 0.025023 0.056053 -0.078942
vn 0.025023 0.056053 -0.078942
vn 0.025023 0.056053 -0.078942
vn 0.025364 0.055846 -0.078980
vn 0.025364 0.055846 -0.078980
vn 0.025364 0.055846 -0.078980
vn 0.083108 -0.005995 0.055291
vn 0.083108 -0.005995 0.055291
vn 0.083108 -0.005995 0.055291
vn 0.083000 -0.005117 0.055541
vn 0.083000 -0.005117 0.055541
vn 0.083000 -0.005117 0.055541
vn 0.083174 -0.004153 0.055360
vn 0.083174 -0.004153 0.055360
vn 0.083174 -0.004153 0.055360
vn 0.083279 -0.005185 0.055115
vn 0.083279 -0.005185 0.055115
vn 0.083279 -0.005185 0.055115
vn 0.016102 -0.002570 0.098662
vn 0.016102 -0.002570 0.098662
vn 0.016102 -0.002570 0.098662
vn 0.023113 -0.028847 0.092917
vn 0.023113 -0.028847 0.092917
vn 0.023113 -0.028847 0.092917
vn 0.006373 -0.043233 0.089946
vn 0.006373 -0.043233 0.089946
vn 0.006373 -0.043233 0.089946
vn 0.005820 -0.059607 0.080082
vn 0.005820 -0.059607 0.080082
vn 0.005820 -0.059607 0.080082
vn -0.026094 -0.063198 0.072974
vn -0.026094 -0.063198 0.072974
vn -0.026094 -0.063198 0.072974
vn 0.004889 -0.044401 0.089469
vn 0.004889 -0.044401 0.089469
vn 0.004889 -0.044401 0.089469
vn 0.005540 -0.044342 0.089460
vn 0.005540 -0.044342 0.089460
vn 0.005540 -0.044342 0.089460
vn 0.014644 -0.004853 0.098803
vn 0.014644 -0.004853 0.098803
vn 0.014644 -0.004853 0.098803
vn -0.099822 -0.001734 -0.005698
vn -0.099822 -0.001734 -0.005698
vn -0.099822 -0.001734 -0.005698
vn -0.099583 0.001324 -0.009029
vn -0.099583 0.001324 -0.009029
vn -0.099583 0.001324 -0.009029
vn -0.099050 -0.000703 -0.013731
vn -0.099050 -0.000703 -0.013731
vn -0.099050 -0.000703 -0.013731
vn -0.098635 0.000435 -0.016458
vn -0.098635 0.000435 -0.016458
vn -0.098635 0.000435 -0.016458
vn -0.096696 -0.001169 -0.025465
vn -0.096696 -0.001169 -0.025465
vn -0.096696 -0.001169 -0.025465
vn -0.097100 0.002656 -0.023759
vn -0.097100 0.002656 -0.023759
vn -0.097100 0.002656 -0.023759
vn -0.095934 0.000439 -0.028221
vn -0.095934 0.000439 -0.028221
vn -0.095934 0.000439 -0.028221
vn -0.097391 -0.000732 -0.022682
vn -0.097391 -0.000732 -0.022682
vn -0.097391 -0.000732 -0.022682
vn -0.098495 0.004793 -0.016608
vn -0.098495 0.004793 -0.016608
vn -0.098495 0.004793 -0.016608
vn -0.095011 0.000114 -0.031190
vn -0.095011 0.000114 -0.031190
vn -0.095011 0.000114 -0.031190
vn -0.093275 0.001413 -0.036025
vn -0.093275 0.001413 -0.036025
vn -0.093275 0.001413 -0.036025
vn -0.093240 0.035141 -0.008454
vn -0.093240 0.035141 -0.008454
vn -0.093240 0.035141 -0.008454
vn -0.093441 0.034974 -0.006755
vn -0.093441 0.034974 -0.006755
vn -0.093441 0.034974 -0.006755
vn -0.095301 0.025681 -0.016069
vn -0.095301 0.025681 -0.016069
vn -0.095301 0.025681 -0.016069
vn -0.095668 0.025652 -0.013773
vn -0.095668 0.025652 -0.013773
vn -0.095668 0.025652 -0.013773
vn -0.080035 0.054543 -0.024888
vn -0.080035 0.054543 -0.024888
vn -0.080035 0.054543 -0.024888
vn -0.070148 0.070272 -0.011877
vn -0.070148 0.070272 -0.011877
vn -0.070148 0.070272 -0.011877
vn -0.034261 0.091427 -0.021619
vn -0.034261 0.091427 -0.021619
vn -0.034261 0.091427 -0.021619
vn -0.029855 0.094585 -0.012739
vn -0.029855 0.094585 -0.012739
vn -0.029855 0.094585 -0.012739
vn -0.038661 0.091809 0.008741
vn -0.038661 0.091809 0.008741
vn -0.038661 0.091809 0.008741
vn -0.069073 0.070292 -0.016967
vn -0.069073 0.070292 -0.016967
vn -0.069073 0.070292 -0.016967
vn -0.037172 0.091815 -0.013718
vn -0.037172 0.091815 -0.013718
vn -0.037172 0.091815 -0.013718
vn -0.002602 0.068884 0.072445
vn -0.002602 0.068884 0.072445
vn -0.002602 0.068884 0.072445
vn -0.002877 0.068040 0.073228
vn -0.002877 0.068040 0.073228
vn -0.002877 0.068040 0.073228
vn -0.003080 0.068956 0.072357
vn -0.003080 0.068956 0.072357
vn -0.003080 0.068956 0.072357
vn -0.002832 0.069767 0.071586
vn -0.002832 0.069767 0.071586
vn -0.002832 0.069767 0.071586
vn 0.014969 -0.071233 -0.068570
vn 0.014969 -0.071233 -0.068570
vn 0.014969 -0.071233 -0.068570
vn 0.015036 -0.070370 -0.069441
vn 0.015036 -0.070370 -0.069441
vn 0.015036 -0.070370 -0.069441
vn 0.014742 -0.071213 -0.068639
vn 0.014742 -0.071213 -0.068639
vn 0.014742 -0.071213 -0.068639
vn 0.014679 -0.072046 -0.067779
vn 0.014679 -0.072046 -0.067779
vn 0.014679 -0.072046 -0.067779
vn 0.014332 0.073084 -0.066733
vn 0.014332 0.073084 -0.066733
vn 0.014332 0.073084 -0.066733
vn 0.019921 0.072000 -0.066477
vn 0.019921 0.072000 -0.066477
vn 0.019921 0.072000 -0.066477
vn 0.020701 0.072337 -0.065870
vn 0.020701 0.072337 -0.065870
vn 0.020701 0.072337 -0.065870
vn 0.020702 0.072334 -0.065873
vn 0.020702 0.072334 -0.065873
vn 0.020702 0.072334 -0.065873
vn 0.028985 0.070632 -0.064583
vn 0.028985 0.070632 -0.064583
vn 0.028985 0.070632 -0.064583
vn 0.016779 0.073636 -0.065545
vn 0.016779 0.073636 -0.065545
vn 0.016779 0.073636 -0.065545
vn 0.028480 -0.071848 -0.063457
vn 0.028480 -0.071848 -0.063457
vn 0.028480 -0.071848 -0.063457
vn 0.027226 -0.070960 -0.064987
vn 0.027226 -0.070960 -0.064987
vn 0.027226 -0.070960 -0.064987
vn 0.023870 -0.071794 -0.065390
vn 0.023870 -0.071794 -0.065390
vn 0.023870 -0.071794 -0.065390
vn 0.024280 -0.070616 -0.066512
vn 0.024280 -0.070616 -0.066512
vn 0.024280 -0.070616 -0.066512
vn 0.019003 -0.072275 -0.066447
vn 0.019003 -0.072275 -0.066447
vn 0.019003 -0.072275 -0.066447
vn 0.026721 -0.072620 -0.063343
vn 0.026721 -0.072620 -0.063343
vn 0.026721 -0.072620 -0.063343
vn -0.019196 -0.071595 0.067124
vn -0.019196 -0.071595 0.067124
vn -0.019196 -0.071595 0.067124
vn -0.017611 -0.071087 0.068092
vn -0.017611 -0.071087 0.068092
vn -0.017611 -0.071087 0.068092
vn -0.013252 -0.072260 0.067844
vn -0.013252 -0.072260 0.067844
vn -0.013252 -0.072260 0.067844
vn -0.014883 -0.072745 0.066983
vn -0.014883 -0.072745 0.066983
vn -0.014883 -0.072745 0.066983
vn -0.013441 0.071308 0.068808
vn -0.013441 0.071308 0.068808
vn -0.013441 0.071308 0.068808
vn -0.015547 0.070481 0.069215
vn -0.015547 0.070481 0.069215
vn -0.015547 0.070481 0.069215
vn -0.017379 0.071357 0.067868
vn -0.017379 0.071357 0.067868
vn -0.017379 0.071357 0.067868
vn -0.015289 0.072154 0.067528
vn -0.015289 0.072154 0.067528
vn -0.015289 0.072154 0.067528
vn -0.017017 -0.072764 0.066452
vn -0.017017 -0.072764 0.066452
vn -0.017017 -0.072764 0.066452
vn -0.012876 -0.072136 0.068048
vn -0.012876 -0.072136 0.068048
vn -0.012876 -0.072136 0.068048
vn -0.009139 -0.073750 0.066914
vn -0.009139 -0.073750 0.066914
vn -0.009139 -0.073750 0.066914
vn -0.008110 -0.073122 0.067730
vn -0.008110 -0.073122 0.067730
vn -0.008110 -0.073122 0.067730
vn -0.002367 -0.075181 0.065896
vn -0.002367 -0.075181 0.065896
vn -0.002367 -0.075181 0.065896
vn -0.010946 -0.074058 0.066300
vn -0.010946 -0.074058 0.066300
vn -0.010946 -0.074058 0.066300
vn -0.011703 -0.073568 0.066715
vn -0.011703 -0.073568 0.066715
vn -0.011703 -0.073568 0.066715
vn -0.003378 0.060750 0.079360
vn -0.003378 0.060750 0.079360
vn -0.003378 0.060750 0.079360
vn 0.004240 0.069990 0.071298
vn 0.004240 0.069990 0.071298
vn 0.004240 0.069990 0.071298
vn 0.035490 0.049226 0.079481
vn 0.035490 0.049226 0.079481
vn 0.035490 0.049226 0.079481
vn 0.041405 0.051889 0.074788
vn 0.041405 0.051889 0.074788
vn 0.041405 0.051889 0.074788
vn 0.054000 0.010176 0.083549
vn 0.054000 0.010176 0.083549
vn 0.054000 0.010176 0.083549
vn 0.031117 0.042088 0.085208
vn 0.031117 0.042088 0.085208
vn 0.031117 0.042088 0.085208
vn 0.034875 0.049591 0.079526
vn 0.034875 0.049591 0.079526
vn 0.034875 0.049591 0.079526
vn -0.002103 0.058835 0.080833
vn -0.002103 0.058835 0.080833
vn -0.002103 0.058835 0.080833
vn 0.090319 0.014116 0.040536
vn 0.090319 0.014116 0.040536
vn 0.090319 0.014116 0.040536
vn 0.091996 0.007656 0.038445
vn 0.091996 0.007656 0.038445
vn 0.091996 0.007656 0.038445
vn 0.093673 -0.003333 0.034847
vn 0.093673 -0.003333 0.034847
vn 0.093673 -0.003333 0.034847
vn 0.093208 0.002463 0.036141
vn 0.093208 0.002463 0.036141
vn 0.093208 0.002463 0.036141
vn 0.093031 0.017056 0.032471
vn 0.093031 0.017056 0.032471
vn 0.093031 0.017056 0.032471
vn 0.089701 0.004838 0.043936
vn 0.089701 0.004838 0.043936
vn 0.089701 0.004838 0.043936
vn -0.040486 -0.025681 -0.087758
vn -0.040486 -0.025681 -0.087758
vn -0.040486 -0.025681 -0.087758
vn -0.035731 -0.001686 -0.093383
vn -0.035731 -0.001686 -0.093383
vn -0.035731 -0.001686 -0.093383
vn -0.026219 -0.018086 -0.094792
vn -0.026219 -0.018086 -0.094792
vn -0.026219 -0.018086 -0.094792
vn -0.019315 -0.045171 -0.087100
vn -0.019315 -0.045171 -0.087100
vn -0.019315 -0.045171 -0.087100
vn -0.008737 -0.047249 -0.087699
vn -0.008737 -0.047249 -0.087699
vn -0.008737 -0.047249 -0.087699
vn -0.000632 -0.063568 -0.077193
vn -0.000632 -0.063568 -0.077193
vn -0.000632 -0.063568 -0.077193
vn 0.017393 -0.057874 -0.079675
vn 0.017393 -0.057874 -0.079675
vn 0.017393 -0.057874 -0.079675
vn -0.020804 -0.043314 -0.087699
vn -0.020804 -0.043314 -0.087699
vn -0.020804 -0.043314 -0.087699
vn -0.016105 -0.061178 -0.077446
vn -0.016105 -0.061178 -0.077446
vn -0.016105 -0.061178 -0.077446
vn -0.099884 -0.000742 -0.004761
vn -0.099884 -0.000742 -0.004761
vn -0.099884 -0.000742 -0.004761
vn -0.099993 -0.000123 0.001207
vn -0.099993 -0.000123 0.001207
vn -0.099993 -0.000123 0.001207
vn -0.099949 -0.000608 0.003126
vn -0.099949 -0.000608 0.003126
vn -0.099949 -0.000608 0.003126
vn -0.099932 -0.001016 0.003555
vn -0.099932 -0.001016 0.003555
vn -0.099932 -0.001016 0.003555
vn -0.098891 0.000937 0.014822
vn -0.098891 0.000937 0.014822
vn -0.098891 0.000937 0.014822
vn -0.098724 0.000174 0.015924
vn -0.098724 0.000174 0.015924
vn -0.098724 0.000174 0.015924
vn -0.097197 0.001503 0.023460
vn -0.097197 0.001503 0.023460
vn -0.097197 0.001503 0.023460
vn -0.096741 0.003264 0.025109
vn -0.096741 0.003264 0.025109
vn -0.096741 0.003264 0.025109
vn -0.099494 0.000663 0.010021
vn -0.099494 0.000663 0.010021
vn -0.099494 0.000663 0.010021
vn -0.098671 0.003278 0.015916
vn -0.098671 0.003278 0.015916
vn -0.098671 0.003278 0.015916
vn -0.095410 -0.025628 0.015498
vn -0.095410 -0.025628 0.015498
vn -0.095410 -0.025628 0.015498
vn -0.089894 -0.036445 0.024306
vn -0.089894 -0.036445 0.024306
vn -0.089894 -0.036445 0.024306
vn -0.074857 -0.065740 0.008637
vn -0.074857 -0.065740 0.008637
vn -0.074857 -0.065740 0.008637
vn -0.067449 -0.073396 0.007982
vn -0.067449 -0.073396 0.007982
vn -0.067449 -0.073396 0.007982
vn -0.044841 -0.089156 -0.006361
vn -0.044841 -0.089156 -0.006361
vn -0.044841 -0.089156 -0.006361
vn -0.028797 -0.095757 0.001177
vn -0.028797 -0.095757 0.001177
vn -0.028797 -0.095757 0.001177
vn -0.095105 -0.025718 0.017138
vn -0.095105 -0.025718 0.017138
vn -0.095105 -0.025718 0.017138
vn -0.083887 -0.054404 0.001783
vn -0.083887 -0.054404 0.001783
vn -0.083887 -0.054404 0.001783
vn -0.030193 -0.093542 0.018390
vn -0.030193 -0.093542 0.018390
vn -0.030193 -0.093542 0.018390
vn -0.090436 -0.036671 0.021828
vn -0.090436 -0.036671 0.021828
vn -0.090436 -0.036671 0.021828
vn 0.006907 -0.068782 -0.072259
vn 0.006907 -0.068782 -0.072259
vn 0.006907 -0.068782 -0.072259
vn 0.000371 -0.070526 -0.070894
vn 0.000371 -0.070526 -0.070894
vn 0.000371 -0.070526 -0.070894
vn 0.000376 -0.069554 -0.071847
vn 0.000376 -0.069554 -0.071847
vn 0.000376 -0.069554 -0.071847
vn -0.007836 -0.071217 -0.069762
vn -0.007836 -0.071217 -0.069762
vn -0.007836 -0.071217 -0.069762
vn 0.020019 -0.070193 0.068353
vn 0.020019 -0.070193 0.068353
vn 0.020019 -0.070193 0.068353
vn 0.020355 -0.069323 0.069138
vn 0.020355 -0.069323 0.069138
vn 0.020355 -0.069323 0.069138
vn 0.020215 -0.070182 0.068307
vn 0.020215 -0.070182 0.068307
vn 0.020215 -0.070182 0.068307
vn 0.019880 -0.071023 0.067531
vn 0.019880 -0.071023 0.067531
vn 0.019880 -0.071023 0.067531
vn 0.019546 0.072495 0.066049
vn 0.019546 0.072495 0.066049
vn 0.019546 0.072495 0.066049
vn 0.014092 0.072016 0.067935
vn 0.014092 0.072016 0.067935
vn 0.014092 0.072016 0.067935
vn 0.011334 0.071735 0.068743
vn 0.011334 0.071735 0.068743
vn 0.011334 0.071735 0.068743
vn 0.005431 0.070880 0.070332
vn 0.005431 0.070880 0.070332
vn 0.005431 0.070880 0.070332
vn 0.012100 0.070045 0.070337
vn 0.012100 0.070045 0.070337
vn 0.012100 0.070045 0.070337
vn 0.008896 0.073510 0.067209
vn 0.008896 0.073510 0.067209
vn 0.008896 0.073510 0.067209
vn 0.005296 -0.072579 0.068587
vn 0.005296 -0.072579 0.068587
vn 0.005296 -0.072579 0.068587
vn 0.007410 -0.071684 0.069329
vn 0.007410 -0.071684 0.069329
vn 0.007410 -0.071684 0.069329
vn 0.009342 -0.072469 0.068272
vn 0.009342 -0.072469 0.068272
vn 0.009342 -0.072469 0.068272
vn 0.006959 -0.073325 0.067639
vn 0.006959 -0.073325 0.067639
vn 0.006959 -0.073325 0.067639
vn 0.009661 0.070162 0.070597
vn 0.009661 0.070162 0.070597
vn 0.009661 0.070162 0.070597
vn 0.006656 0.069268 0.071817
vn 0.006656 0.069268 0.071817
vn 0.006656 0.069268 0.071817
vn 0.003678 0.070104 0.071217
vn 0.003678 0.070104 0.071217
vn 0.003678 0.070104 0.071217
vn 0.006703 0.070969 0.070132
vn 0.006703 0.070969 0.070132
vn 0.006703 0.070969 0.070132
vn -0.003589 0.071805 -0.069506
vn -0.003589 0.071805 -0.069506
vn -0.003589 0.071805 -0.069506
vn 0.000850 0.073266 -0.068054
vn 0.000850 0.073266 -0.068054
vn 0.000850 0.073266 -0.068054
vn 0.002149 0.073441 -0.067837
vn 0.002149 0.073441 -0.067837
vn 0.002149 0.073441 -0.067837
vn 0.002310 0.074011 -0.067209
vn 0.002310 0.074011 -0.067209
vn 0.002310 0.074011 -0.067209
vn 0.006471 0.073311 -0.067702
vn 0.006471 0.073311 -0.067702
vn 0.006471 0.073311 -0.067702
vn 0.001135 0.072371 -0.069001
vn 0.001135 0.072371 -0.069001
vn 0.001135 0.072371 -0.069001
vn -0.007925 -0.069817 -0.071153
vn -0.007925 -0.069817 -0.071153
vn -0.007925 -0.069817 -0.071153
vn -0.008482 -0.063741 -0.076584
vn -0.008482 -0.063741 -0.076584
vn -0.008482 -0.063741 -0.076584
vn -0.009074 -0.057583 -0.081252
vn -0.009074 -0.057583 -0.081252
vn -0.009074 -0.057583 -0.081252
vn -0.008601 -0.063742 -0.076570
vn -0.008601 -0.063742 -0.076570
vn -0.008601 -0.063742 -0.076570
vn -0.008686 0.064487 -0.075934
vn -0.008686 0.064487 -0.075934
vn -0.008686 0.064487 -0.075934
vn -0.029060 0.067669 -0.067649
vn -0.029060 0.067669 -0.067649
vn -0.029060 0.067669 -0.067649
vn -0.050457 0.046325 -0.072857
vn -0.050457 0.046325 -0.072857
vn -0.050457 0.046325 -0.072857
vn -0.062356 0.042589 -0.065558
vn -0.062356 0.042589 -0.065558
vn -0.062356 0.042589 -0.065558
vn -0.069017 0.004473 -0.072226
vn -0.069017 0.004473 -0.072226
vn -0.069017 0.004473 -0.072226
vn -0.049946 0.039039 -0.077339
vn -0.049946 0.039039 -0.077339
vn -0.049946 0.039039 -0.077339
vn -0.048480 0.047991 -0.073120
vn -0.048480 0.047991 -0.073120
vn -0.048480 0.047991 -0.073120
vn -0.026157 0.056053 -0.078574
vn -0.026157 0.056053 -0.078574
vn -0.026157 0.056053 -0.078574
vn -0.025903 0.055846 -0.078805
vn -0.025903 0.055846 -0.078805
vn -0.025903 0.055846 -0.078805
vn 0.099735 -0.005995 -0.004118
vn 0.099735 -0.005995 -0.004118
vn 0.099735 -0.005995 -0.004118
vn 0.099795 -0.005118 -0.003853
vn 0.099795 -0.005118 -0.003853
vn 0.099795 -0.005118 -0.003853
vn 0.099829 -0.004153 -0.004101
vn 0.099829 -0.004153 -0.004101
vn 0.099829 -0.004153 -0.004101
vn 0.099770 -0.005185 -0.004361
vn 0.099770 -0.005185 -0.004361
vn 0.099770 -0.005185 -0.004361
vn 0.071018 -0.002570 0.070355
vn 0.071018 -0.002570 0.070355
vn 0.071018 -0.002570 0.070355
vn 0.073314 -0.028847 0.061586
vn 0.073314 -0.028847 0.061586
vn 0.073314 -0.028847 0.061586
vn 0.058025 -0.043233 0.069022
vn 0.058025 -0.043233 0.069022
vn 0.058025 -0.043233 0.069022
vn 0.051780 -0.059607 0.061367
vn 0.051780 -0.059607 0.061367
vn 0.051780 -0.059607 0.061367
vn 0.021782 -0.063198 0.074375
vn 0.021782 -0.063198 0.074375
vn 0.021782 -0.063198 0.074375
vn 0.056544 -0.044401 0.069508
vn 0.056544 -0.044401 0.069508
vn 0.056544 -0.044401 0.069508
vn 0.057065 -0.044342 0.069119
vn 0.057065 -0.044342 0.069119
vn 0.057065 -0.044342 0.069119
vn 0.069922 -0.004853 0.071326
vn 0.069922 -0.004853 0.071326
vn 0.069922 -0.004853 0.071326
vn -0.084108 -0.001734 0.054064
vn -0.084108 -0.001734 0.054064
vn -0.084108 -0.001734 0.054064
vn -0.085871 0.001324 0.051229
vn -0.085871 0.001324 0.051229
vn -0.085871 0.001324 0.051229
vn -0.088204 -0.000703 0.047112
vn -0.088204 -0.000703 0.047112
vn -0.088204 -0.000703 0.047112
vn -0.089472 0.000435 0.044662
vn -0.089472 0.000435 0.044662
vn -0.089472 0.000435 0.044662
vn -0.093197 -0.001169 0.036235
vn -0.093197 -0.001169 0.036235
vn -0.093197 -0.001169 0.036235
vn -0.092521 0.002656 0.037852
vn -0.092521 0.002656 0.037852
vn -0.092521 0.002656 0.037852
vn -0.094200 0.000439 0.033557
vn -0.094200 0.000439 0.033557
vn -0.094200 0.000439 0.033557
vn -0.092123 -0.000732 0.038894
vn -0.092123 -0.000732 0.038894
vn -0.092123 -0.000732 0.038894
vn -0.089446 0.004790 0.044458
vn -0.089446 0.004790 0.044458
vn -0.089446 0.004790 0.044458
vn -0.095199 0.000114 0.030613
vn -0.095199 0.000114 0.030613
vn -0.095199 0.000114 0.030613
vn -0.096636 0.001413 0.025681
vn -0.096636 0.001413 0.025681
vn -0.096636 0.001413 0.025681
vn -0.080402 0.035141 0.047965
vn -0.080402 0.035141 0.047965
vn -0.080402 0.035141 0.047965
vn -0.079566 0.034974 0.049459
vn -0.079566 0.034974 0.049459
vn -0.079566 0.034974 0.049459
vn -0.086545 0.025681 0.043016
vn -0.086545 0.025681 0.043016
vn -0.086545 0.025681 0.043016
vn -0.085492 0.025652 0.045089
vn -0.085492 0.025652 0.045089
vn -0.085492 0.025652 0.045089
vn -0.079379 0.054543 0.026908
vn -0.079379 0.054543 0.026908
vn -0.079379 0.054543 0.026908
vn -0.063732 0.070272 0.031624
vn -0.063732 0.070272 0.031624
vn -0.063732 0.070272 0.031624
vn -0.040425 0.091427 0.002648
vn -0.040425 0.091427 0.002648
vn -0.040425 0.091427 0.002648
vn -0.031641 0.094585 0.007243
vn -0.031641 0.094585 0.007243
vn -0.031641 0.094585 0.007243
vn -0.026140 0.091809 0.029796
vn -0.026140 0.091809 0.029796
vn -0.026140 0.091809 0.029796
vn -0.065854 0.070292 0.026874
vn -0.065854 0.070292 0.026874
vn -0.065854 0.070292 0.026874
vn -0.038136 0.091815 0.010751
vn -0.038136 0.091815 0.010751
vn -0.038136 0.091815 0.010751
vn 0.040477 0.068884 0.060138
vn 0.040477 0.068884 0.060138
vn 0.040477 0.068884 0.060138
vn 0.040715 0.068040 0.060934
vn 0.040715 0.068040 0.060934
vn 0.040715 0.068040 0.060934
vn 0.040039 0.068956 0.060349
vn 0.040039 0.068956 0.060349
vn 0.040039 0.068956 0.060349
vn 0.039786 0.069767 0.059579
vn 0.039786 0.069767 0.059579
vn 0.039786 0.069767 0.059579
vn -0.028195 -0.071232 -0.064274
vn -0.028195 -0.071232 -0.064274
vn -0.028195 -0.071232 -0.064274
vn -0.028652 -0.070369 -0.065017
vn -0.028652 -0.070369 -0.065017
vn -0.028652 -0.070369 -0.065017
vn -0.028419 -0.071213 -0.064195
vn -0.028419 -0.071213 -0.064195
vn -0.028419 -0.071213 -0.064195
vn -0.027964 -0.072045 -0.063462
vn -0.027964 -0.072045 -0.063462
vn -0.027964 -0.072045 -0.063462
vn -0.027630 0.073084 -0.062412
vn -0.027630 0.073084 -0.062412
vn -0.027630 0.073084 -0.062412
vn -0.022958 0.072000 -0.065490
vn -0.022958 0.072000 -0.065490
vn -0.022958 0.072000 -0.065490
vn -0.021969 0.072337 -0.065458
vn -0.021969 0.072337 -0.065458
vn -0.021969 0.072337 -0.065458
vn -0.021971 0.072334 -0.065461
vn -0.021971 0.072334 -0.065461
vn -0.021971 0.072334 -0.065461
vn -0.014511 0.070632 -0.069286
vn -0.014511 0.070632 -0.069286
vn -0.014511 0.070632 -0.069286
vn -0.024952 0.073636 -0.062890
vn -0.024952 0.073636 -0.062890
vn -0.024952 0.073636 -0.062890
vn -0.014258 -0.071848 -0.068078
vn -0.014258 -0.071848 -0.068078
vn -0.014258 -0.071848 -0.068078
vn -0.016172 -0.070960 -0.068579
vn -0.016172 -0.070960 -0.068579
vn -0.016172 -0.070960 -0.068579
vn -0.019124 -0.071794 -0.066932
vn -0.019124 -0.071794 -0.066932
vn -0.019124 -0.071794 -0.066932
vn -0.019452 -0.070616 -0.068081
vn -0.019452 -0.070616 -0.068081
vn -0.019452 -0.070616 -0.068081
vn -0.023683 -0.072275 -0.064926
vn -0.023683 -0.072275 -0.064926
vn -0.023683 -0.072275 -0.064926
vn -0.015615 -0.072620 -0.066952
vn -0.015615 -0.072620 -0.066952
vn -0.015615 -0.072620 -0.066952
vn 0.023924 -0.071595 0.065588
vn 0.023924 -0.071595 0.065588
vn 0.023924 -0.071595 0.065588
vn 0.025776 -0.071087 0.065439
vn 0.025776 -0.071087 0.065439
vn 0.025776 -0.071087 0.065439
vn 0.029156 -0.072260 0.062677
vn 0.029156 -0.072260 0.062677
vn 0.029156 -0.072260 0.062677
vn 0.027331 -0.072745 0.062938
vn 0.027331 -0.072745 0.062938
vn 0.027331 -0.072745 0.062938
vn 0.029571 0.071308 0.063567
vn 0.029571 0.071308 0.063567
vn 0.029571 0.071308 0.063567
vn 0.028106 0.070481 0.065134
vn 0.028106 0.070481 0.065134
vn 0.028106 0.070481 0.065134
vn 0.025832 0.071357 0.065122
vn 0.025832 0.071357 0.065122
vn 0.025832 0.071357 0.065122
vn 0.027323 0.072154 0.063618
vn 0.027323 0.072154 0.063618
vn 0.027323 0.072154 0.063618
vn 0.025293 -0.072764 0.063763
vn 0.025293 -0.072764 0.063763
vn 0.025293 -0.072764 0.063763
vn 0.029581 -0.072136 0.062621
vn 0.029581 -0.072136 0.062621
vn 0.029581 -0.072136 0.062621
vn 0.031937 -0.073750 0.059506
vn 0.031937 -0.073750 0.059506
vn 0.031937 -0.073750 0.059506
vn 0.033250 -0.073122 0.059561
vn 0.033250 -0.073122 0.059561
vn 0.033250 -0.073122 0.059561
vn 0.036818 -0.075181 0.054702
vn 0.036818 -0.075181 0.054702
vn 0.036818 -0.075181 0.054702
vn 0.030114 -0.074058 0.060072
vn 0.030114 -0.074058 0.060072
vn 0.030114 -0.074058 0.060072
vn 0.029746 -0.073568 0.060852
vn 0.029746 -0.073568 0.060852
vn 0.029746 -0.073568 0.060852
vn 0.043914 0.060750 0.066189
vn 0.043914 0.060750 0.066189
vn 0.043914 0.060750 0.066189
vn 0.045338 0.069990 0.055189
vn 0.045338 0.069990 0.055189
vn 0.045338 0.069990 0.055189
vn 0.075430 0.049226 0.043441
vn 0.075430 0.049226 0.043441
vn 0.075430 0.049226 0.043441
vn 0.077456 0.051889 0.036167
vn 0.077456 0.051889 0.036167
vn 0.077456 0.051889 0.036167
vn 0.092796 0.010176 0.035852
vn 0.092796 0.010176 0.035852
vn 0.092796 0.010176 0.035852
vn 0.075258 0.042088 0.050644
vn 0.075258 0.042088 0.050644
vn 0.075258 0.042088 0.050644
vn 0.074959 0.049591 0.043839
vn 0.074959 0.049591 0.043839
vn 0.074959 0.049591 0.043839
vn 0.045812 0.058835 0.066632
vn 0.045812 0.058835 0.066632
vn 0.045812 0.058835 0.066632
vn 0.096896 0.014116 -0.020295
vn 0.096896 0.014116 -0.020295
vn 0.096896 0.014116 -0.020295
vn 0.097024 0.007657 -0.022971
vn 0.097024 0.007657 -0.022971
vn 0.097024 0.007657 -0.022971
vn 0.096265 -0.003333 -0.026867
vn 0.096265 -0.003333 -0.026867
vn 0.096265 -0.003333 -0.026867
vn 0.096650 0.002463 -0.025547
vn 0.096650 0.002463 -0.025547
vn 0.096650 0.002463 -0.025547
vn 0.094349 0.017056 -0.028413
vn 0.094349 0.017056 -0.028413
vn 0.094349 0.017056 -0.028413
vn 0.098394 0.004838 -0.017180
vn 0.098394 0.004838 -0.017180
vn 0.098394 0.004838 -0.017180
vn -0.084337 -0.025681 -0.047200
vn -0.084337 -0.025681 -0.047200
vn -0.084337 -0.025681 -0.047200
vn -0.083797 -0.001686 -0.054546
vn -0.083797 -0.001686 -0.054546
vn -0.083797 -0.001686 -0.054546
vn -0.076929 -0.018085 -0.061277
vn -0.076929 -0.018085 -0.061277
vn -0.076929 -0.018085 -0.061277
vn -0.066823 -0.045172 -0.059112
vn -0.066823 -0.045172 -0.059112
vn -0.066823 -0.045172 -0.059112
vn -0.058617 -0.047249 -0.065815
vn -0.058617 -0.047249 -0.065815
vn -0.058617 -0.047249 -0.065815
vn -0.045884 -0.063568 -0.062079
vn -0.045884 -0.063568 -0.062079
vn -0.045884 -0.063568 -0.062079
vn -0.032761 -0.057874 -0.074682
vn -0.032761 -0.057874 -0.074682
vn -0.032761 -0.057874 -0.074682
vn -0.068379 -0.043313 -0.058722
vn -0.068379 -0.043313 -0.058722
vn -0.068379 -0.043313 -0.058722
vn -0.058551 -0.061178 -0.053189
vn -0.058551 -0.061178 -0.053189
vn -0.058551 -0.061178 -0.053189
vn -0.083606 -0.000742 0.054859
vn -0.083606 -0.000742 0.054859
vn -0.083606 -0.000742 0.054859
vn -0.080187 -0.000123 0.059750
vn -0.080187 -0.000123 0.059750
vn -0.080187 -0.000123 0.059750
vn -0.079023 -0.000608 0.061278
vn -0.079023 -0.000608 0.061278
vn -0.079023 -0.000608 0.061278
vn -0.078757 -0.001016 0.061614
vn -0.078757 -0.001016 0.061614
vn -0.078757 -0.001016 0.061614
vn -0.071292 0.000937 0.070118
vn -0.071292 0.000937 0.070118
vn -0.071292 0.000937 0.070118
vn -0.070509 0.000174 0.070911
vn -0.070509 0.000174 0.070911
vn -0.070509 0.000174 0.070911
vn -0.064845 0.001503 0.076111
vn -0.064845 0.001503 0.076111
vn -0.064845 0.001503 0.076111
vn -0.063507 0.003264 0.077177
vn -0.063507 0.003264 0.077177
vn -0.063507 0.003264 0.077177
vn -0.074603 0.000663 0.066588
vn -0.074603 0.000663 0.066588
vn -0.074603 0.000663 0.066588
vn -0.070472 0.003259 0.070874
vn -0.070472 0.003259 0.070874
vn -0.070472 0.003259 0.070874
vn -0.068078 -0.025628 0.068619
vn -0.068078 -0.025628 0.068619
vn -0.068078 -0.025628 0.068619
vn -0.058440 -0.036445 0.072502
vn -0.058440 -0.036445 0.072502
vn -0.058440 -0.036445 0.072502
vn -0.055484 -0.065740 0.050987
vn -0.055484 -0.065740 0.050987
vn -0.055484 -0.065740 0.050987
vn -0.049875 -0.073396 0.046103
vn -0.049875 -0.073396 0.046103
vn -0.049875 -0.073396 0.046103
vn -0.040016 -0.089156 0.021211
vn -0.040016 -0.089156 0.021211
vn -0.040016 -0.089156 0.021211
vn -0.022606 -0.095757 0.017878
vn -0.022606 -0.095757 0.017878
vn -0.022606 -0.095757 0.017878
vn -0.066868 -0.025718 0.069766
vn -0.066868 -0.025718 0.069766
vn -0.066868 -0.025718 0.069766
vn -0.066818 -0.054404 0.050750
vn -0.066818 -0.054404 0.050750
vn -0.066818 -0.054404 0.050750
vn -0.013617 -0.093542 0.032625
vn -0.013617 -0.093542 0.032625
vn -0.013617 -0.093542 0.032625
vn -0.060334 -0.036671 0.070817
vn -0.060334 -0.036671 0.070817
vn -0.060334 -0.036671 0.070817
vn -0.036885 -0.068782 -0.062518
vn -0.036885 -0.068782 -0.062518
vn -0.036885 -0.068782 -0.062518
vn -0.041370 -0.070526 -0.057572
vn -0.041370 -0.070526 -0.057572
vn -0.041370 -0.070526 -0.057572
vn -0.041927 -0.069554 -0.058347
vn -0.041927 -0.069554 -0.058347
vn -0.041927 -0.069554 -0.058347
vn -0.047344 -0.071217 -0.051832
vn -0.047344 -0.071217 -0.051832
vn -0.047344 -0.071217 -0.051832
vn 0.056373 -0.070193 0.043532
vn 0.056373 -0.070193 0.043532
vn 0.056373 -0.070193 0.043532
vn 0.057105 -0.069323 0.043969
vn 0.057105 -0.069323 0.043969
vn 0.057105 -0.069323 0.043969
vn 0.056503 -0.070183 0.043379
vn 0.056503 -0.070183 0.043379
vn 0.056503 -0.070183 0.043379
vn 0.055778 -0.071023 0.042949
vn 0.055778 -0.071023 0.042949
vn 0.055778 -0.071023 0.042949
vn 0.054636 0.072495 0.041945
vn 0.054636 0.072495 0.041945
vn 0.054636 0.072495 0.041945
vn 0.051331 0.072016 0.046678
vn 0.051331 0.072016 0.046678
vn 0.051331 0.072016 0.046678
vn 0.049576 0.071735 0.048952
vn 0.049576 0.071735 0.048952
vn 0.049576 0.071735 0.048952
vn 0.045734 0.070880 0.053708
vn 0.045734 0.070880 0.053708
vn 0.045734 0.070880 0.053708
vn 0.051132 0.070045 0.049792
vn 0.051132 0.070045 0.049792
vn 0.051132 0.070045 0.049792
vn 0.046702 0.073510 0.049144
vn 0.046702 0.073510 0.049144
vn 0.046702 0.073510 0.049144
vn 0.044599 -0.072579 0.052376
vn 0.044599 -0.072579 0.052376
vn 0.044599 -0.072579 0.052376
vn 0.046745 -0.071684 0.051733
vn 0.046745 -0.071684 0.051733
vn 0.046745 -0.071684 0.051733
vn 0.047687 -0.072469 0.049742
vn 0.047687 -0.072469 0.049742
vn 0.047687 -0.072469 0.049742
vn 0.045387 -0.073325 0.050631
vn 0.045387 -0.073325 0.050631
vn 0.045387 -0.073325 0.050631
vn 0.049312 0.070162 0.051436
vn 0.049312 0.070162 0.051436
vn 0.049312 0.070162 0.051436
vn 0.047598 0.069268 0.054189
vn 0.047598 0.069268 0.054189
vn 0.047598 0.069268 0.054189
vn 0.044835 0.070104 0.055454
vn 0.044835 0.070104 0.055454
vn 0.044835 0.070104 0.055454
vn 0.046645 0.070969 0.052798
vn 0.046645 0.070969 0.052798
vn 0.046645 0.070969 0.052798
vn -0.043758 0.071805 -0.054122
vn -0.043758 0.071805 -0.054122
vn -0.043758 0.071805 -0.054122
vn -0.039314 0.073266 -0.055557
vn -0.039314 0.073266 -0.055557
vn -0.039314 0.073266 -0.055557
vn -0.038135 0.073441 -0.056144
vn -0.038135 0.073441 -0.056144
vn -0.038135 0.073441 -0.056144
vn -0.037635 0.074011 -0.055731
vn -0.037635 0.074011 -0.055731
vn -0.037635 0.074011 -0.055731
vn -0.034559 0.073311 -0.058576
vn -0.034559 0.073311 -0.058576
vn -0.034559 0.073311 -0.058576
vn -0.039639 0.072371 -0.056490
vn -0.039639 0.072371 -0.056490
vn -0.039639 0.072371 -0.056490
vn -0.048234 -0.069817 -0.052906
vn -0.048234 -0.069817 -0.052906
vn -0.048234 -0.069817 -0.052906
vn -0.051705 -0.064048 -0.056785
vn -0.051705 -0.064048 -0.056785
vn -0.051705 -0.064048 -0.056785
vn -0.055101 -0.057579 -0.060403
vn -0.055101 -0.057579 -0.060403
vn -0.055101 -0.057579 -0.060403
vn -0.051812 -0.064015 -0.056723
vn -0.051812 -0.064015 -0.056723
vn -0.051812 -0.064015 -0.056723
vn -0.051660 0.064487 -0.056326
vn -0.051660 0.064487 -0.056326
vn -0.051660 0.064487 -0.056326
vn -0.063273 0.067669 -0.037648
vn -0.063273 0.067669 -0.037648
vn -0.063273 0.067669 -0.037648
vn -0.083645 0.046325 -0.029285
vn -0.083645 0.046325 -0.029285
vn -0.083645 0.046325 -0.029285
vn -0.088981 0.042589 -0.016385
vn -0.088981 0.042589 -0.016385
vn -0.088981 0.042589 -0.016385
vn -0.098290 0.004473 -0.017865
vn -0.098290 0.004473 -0.017865
vn -0.098290 0.004473 -0.017865
vn -0.085866 0.039039 -0.033211
vn -0.085866 0.039039 -0.033211
vn -0.085866 0.039039 -0.033211
vn -0.082200 0.047991 -0.030659
vn -0.082200 0.047991 -0.030659
vn -0.082200 0.047991 -0.030659
vn -0.067346 0.056053 -0.048193
vn -0.067346 0.056053 -0.048193
vn -0.067346 0.056053 -0.048193
vn -0.067277 0.055846 -0.048529
vn -0.067277 0.055846 -0.048529
vn -0.067277 0.055846 -0.048529
vn 0.078267 -0.005995 -0.061954
vn 0.078267 -0.005995 -0.061954
vn 0.078267 -0.005995 -0.061954
vn 0.078471 -0.005117 -0.061775
vn 0.078471 -0.005117 -0.061775
vn 0.078471 -0.005117 -0.061775
vn 0.078353 -0.004153 -0.061996
vn 0.078353 -0.004153 -0.061996
vn 0.078353 -0.004153 -0.061996
vn 0.078153 -0.005185 -0.062171
vn 0.078153 -0.005185 -0.062171
vn 0.078153 -0.005185 -0.062171
vn 0.098809 -0.002570 0.015175
vn 0.098809 -0.002570 0.015175
vn 0.098809 -0.002570 0.015175
vn 0.095512 -0.028847 0.006731
vn 0.095512 -0.028847 0.006731
vn 0.095512 -0.028847 0.006731
vn 0.087513 -0.043233 0.021733
vn 0.087513 -0.043233 0.021733
vn 0.087513 -0.043233 0.021733
vn 0.077961 -0.059607 0.019211
vn 0.077961 -0.059607 0.019211
vn 0.077961 -0.059607 0.019211
vn 0.061338 -0.063198 0.047367
vn 0.061338 -0.063198 0.047367
vn 0.061338 -0.063198 0.047367
vn 0.086601 -0.044401 0.022998
vn 0.086601 -0.044401 0.022998
vn 0.086601 -0.044401 0.022998
vn 0.086794 -0.044342 0.022376
vn 0.086794 -0.044342 0.022376
vn 0.086794 -0.044342 0.022376
vn 0.098492 -0.004853 0.016604
vn 0.098492 -0.004853 0.016604
vn 0.098492 -0.004853 0.016604
vn -0.025427 -0.001733 -0.096698
vn -0.025427 -0.001733 -0.096698
vn -0.025427 -0.001733 -0.096698
vn -0.022185 0.001325 -0.097499
vn -0.022185 0.001325 -0.097499
vn -0.022185 0.001325 -0.097499
vn -0.017550 -0.000703 -0.098445
vn -0.017550 -0.000703 -0.098445
vn -0.017550 -0.000703 -0.098445
vn -0.014828 0.000435 -0.098894
vn -0.014828 0.000435 -0.098894
vn -0.014828 0.000435 -0.098894
vn -0.005662 -0.001169 -0.099833
vn -0.005662 -0.001169 -0.099833
vn -0.005662 -0.001169 -0.099833
vn -0.007409 0.002656 -0.099690
vn -0.007409 0.002656 -0.099690
vn -0.007409 0.002656 -0.099690
vn -0.002805 0.000439 -0.099960
vn -0.002805 0.000439 -0.099960
vn -0.002805 0.000439 -0.099960
vn -0.008523 -0.000732 -0.099633
vn -0.008523 -0.000732 -0.099633
vn -0.008523 -0.000732 -0.099633
vn -0.014642 0.004793 -0.098806
vn -0.014642 0.004793 -0.098806
vn -0.014642 0.004793 -0.098806
vn 0.000303 0.000114 -0.099999
vn 0.000303 0.000114 -0.099999
vn 0.000303 0.000114 -0.099999
vn 0.005439 0.001413 -0.099842
vn 0.005439 0.001413 -0.099842
vn 0.005439 0.001413 -0.099842
vn -0.020772 0.035141 -0.091289
vn -0.020772 0.035141 -0.091289
vn -0.020772 0.035141 -0.091289
vn -0.022451 0.034974 -0.090955
vn -0.022451 0.034974 -0.090955
vn -0.022451 0.034974 -0.090955
vn -0.014167 0.025681 -0.095602
vn -0.014167 0.025681 -0.095602
vn -0.014167 0.025681 -0.095602
vn -0.016464 0.025652 -0.095241
vn -0.016464 0.025652 -0.095241
vn -0.016464 0.025652 -0.095241
vn -0.001062 0.054543 -0.083809
vn -0.001062 0.054543 -0.083809
vn -0.001062 0.054543 -0.083809
vn -0.010382 0.070272 -0.070385
vn -0.010382 0.070272 -0.070385
vn -0.010382 0.070272 -0.070385
vn 0.009973 0.091427 -0.039265
vn 0.009973 0.091427 -0.039265
vn 0.009973 0.091427 -0.039265
vn 0.002889 0.094585 -0.032331
vn 0.002889 0.094585 -0.032331
vn 0.002889 0.094585 -0.032331
vn -0.020260 0.091809 -0.034068
vn -0.020260 0.091809 -0.034068
vn -0.020260 0.091809 -0.034068
vn -0.005209 0.070292 -0.070936
vn -0.005209 0.070292 -0.070936
vn -0.005209 0.070292 -0.070936
vn 0.001560 0.091815 -0.039592
vn 0.001560 0.091815 -0.039592
vn 0.001560 0.091815 -0.039592
vn -0.069703 0.068884 0.019912
vn -0.069703 0.068884 0.019912
vn -0.069703 0.068884 0.019912
vn -0.070533 0.068040 0.019892
vn -0.070533 0.068040 0.019892
vn -0.070533 0.068040 0.019892
vn -0.069767 0.068956 0.019430
vn -0.069767 0.068956 0.019430
vn -0.069767 0.068956 0.019430
vn -0.068957 0.069767 0.019427
vn -0.068957 0.069767 0.019427
vn -0.068957 0.069767 0.019427
vn 0.069840 -0.071233 -0.006953
vn 0.069840 -0.071233 -0.006953
vn 0.069840 -0.071233 -0.006953
vn 0.070688 -0.070370 -0.007159
vn 0.070688 -0.070370 -0.007159
vn 0.070688 -0.070370 -0.007159
vn 0.069835 -0.071213 -0.007191
vn 0.069835 -0.071213 -0.007191
vn 0.069835 -0.071213 -0.007191
vn 0.068998 -0.072045 -0.006985
vn 0.068998 -0.072045 -0.006985
vn 0.068998 -0.072045 -0.006985
vn 0.067896 0.073084 -0.006991
vn 0.067896 0.073084 -0.006991
vn 0.067896 0.073084 -0.006991
vn 0.069379 0.072000 -0.001596
vn 0.069379 0.072000 -0.001596
vn 0.069379 0.072000 -0.001596
vn 0.069043 0.072337 -0.000667
vn 0.069043 0.072337 -0.000667
vn 0.069043 0.072337 -0.000667
vn 0.069046 0.072334 -0.000667
vn 0.069046 0.072334 -0.000667
vn 0.069046 0.072334 -0.000667
vn 0.070379 0.070632 0.007609
vn 0.070379 0.070632 0.007609
vn 0.070379 0.070632 0.007609
vn 0.067522 0.073636 -0.004296
vn 0.067522 0.073636 -0.004296
vn 0.067522 0.073636 -0.004296
vn 0.069152 -0.071848 0.007477
vn 0.069152 -0.071848 0.007477
vn 0.069152 -0.071848 0.007477
vn 0.070220 -0.070960 0.005811
vn 0.070220 -0.070960 0.005811
vn 0.070220 -0.070960 0.005811
vn 0.069566 -0.071794 0.002495
vn 0.069566 -0.071794 0.002495
vn 0.069566 -0.071794 0.002495
vn 0.070760 -0.070616 0.002538
vn 0.070760 -0.070616 0.002538
vn 0.070760 -0.070616 0.002538
vn 0.069067 -0.072275 -0.002461
vn 0.069067 -0.072275 -0.002461
vn 0.069067 -0.072275 -0.002461
vn 0.068500 -0.072620 0.005839
vn 0.068500 -0.072620 0.005839
vn 0.068500 -0.072620 0.005839
vn -0.069771 -0.071595 0.002486
vn -0.069771 -0.071595 0.002486
vn -0.069771 -0.071595 0.002486
vn -0.070201 -0.071087 0.004293
vn -0.070201 -0.071087 0.004293
vn -0.070201 -0.071087 0.004293
vn -0.068619 -0.072260 0.008361
vn -0.068619 -0.072260 0.008361
vn -0.068619 -0.072260 0.008361
vn -0.068304 -0.072745 0.006544
vn -0.068304 -0.072745 0.006544
vn -0.068304 -0.072745 0.006544
vn -0.069593 0.071308 0.008480
vn -0.069593 0.071308 0.008480
vn -0.069593 0.071308 0.008480
vn -0.070632 0.070481 0.006602
vn -0.070632 0.070481 0.006602
vn -0.070632 0.070481 0.006602
vn -0.069917 0.071357 0.004444
vn -0.069917 0.071357 0.004444
vn -0.069917 0.071357 0.004444
vn -0.068948 0.072154 0.006327
vn -0.068948 0.072154 0.006327
vn -0.068948 0.072154 0.006327
vn -0.068458 -0.072764 0.004351
vn -0.068458 -0.072764 0.004351
vn -0.068458 -0.072764 0.004351
vn -0.068697 -0.072136 0.008782
vn -0.068697 -0.072136 0.008782
vn -0.068697 -0.072136 0.008782
vn -0.066463 -0.073750 0.011986
vn -0.066463 -0.073750 0.011986
vn -0.066463 -0.073750 0.011986
vn -0.066921 -0.073122 0.013217
vn -0.066921 -0.073122 0.013217
vn -0.066921 -0.073122 0.013217
vn -0.063402 -0.075181 0.018112
vn -0.063402 -0.075181 0.018112
vn -0.063402 -0.075181 0.018112
vn -0.066437 -0.074058 0.010077
vn -0.066437 -0.074058 0.010077
vn -0.066437 -0.074058 0.010077
vn -0.067066 -0.073568 0.009486
vn -0.067066 -0.073568 0.009486
vn -0.067066 -0.073568 0.009486
vn -0.076520 0.060750 0.021311
vn -0.076520 0.060750 0.021311
vn -0.076520 0.060750 0.021311
vn -0.066498 0.069990 0.026065
vn -0.066498 0.069990 0.026065
vn -0.066498 0.069990 0.026065
vn -0.064624 0.049226 0.058314
vn -0.064624 0.049226 0.058314
vn -0.064624 0.049226 0.058314
vn -0.058332 0.051889 0.062489
vn -0.058332 0.051889 0.062489
vn -0.058332 0.051889 0.062489
vn -0.062773 0.010176 0.077175
vn -0.062773 0.010176 0.077175
vn -0.062773 0.010176 0.077175
vn -0.071422 0.042088 0.055925
vn -0.071422 0.042088 0.055925
vn -0.071422 0.042088 0.055925
vn -0.064857 0.049591 0.057744
vn -0.064857 0.049591 0.057744
vn -0.064857 0.049591 0.057744
vn -0.077527 0.058835 0.022979
vn -0.077527 0.058835 0.022979
vn -0.077527 0.058835 0.022979
vn -0.010641 0.014116 0.098425
vn -0.010641 0.014116 0.098425
vn -0.010641 0.014116 0.098425
vn -0.008135 0.007657 0.099374
vn -0.008135 0.007657 0.099374
vn -0.008135 0.007657 0.099374
vn -0.004195 -0.003333 0.099856
vn -0.004195 -0.003333 0.099856
vn -0.004195 -0.003333 0.099856
vn -0.005570 0.002463 0.099814
vn -0.005570 0.002463 0.099814
vn -0.005570 0.002463 0.099814
vn -0.002134 0.017056 0.098512
vn -0.002134 0.017056 0.098512
vn -0.002134 0.017056 0.098512
vn -0.014066 0.004838 0.098888
vn -0.014066 0.004838 0.098888
vn -0.014066 0.004838 0.098888
vn 0.070951 -0.025680 -0.065623
vn 0.070951 -0.025680 -0.065623
vn 0.070951 -0.025680 -0.065623
vn 0.077771 -0.001686 -0.062840
vn 0.077771 -0.001686 -0.062840
vn 0.077771 -0.001686 -0.062840
vn 0.082050 -0.018086 -0.054228
vn 0.082050 -0.018086 -0.054228
vn 0.082050 -0.018086 -0.054228
vn 0.076869 -0.045171 -0.045285
vn 0.076869 -0.045171 -0.045285
vn 0.076869 -0.045171 -0.045285
vn 0.080707 -0.047249 -0.035410
vn 0.080707 -0.047249 -0.035410
vn 0.080707 -0.047249 -0.035410
vn 0.073220 -0.063568 -0.024455
vn 0.073220 -0.063568 -0.024455
vn 0.073220 -0.063568 -0.024455
vn 0.081150 -0.057874 -0.008079
vn 0.081150 -0.057874 -0.008079
vn 0.081150 -0.057874 -0.008079
vn 0.076978 -0.043314 -0.046886
vn 0.076978 -0.043314 -0.046886
vn 0.076978 -0.043314 -0.046886
vn 0.068679 -0.061178 -0.039249
vn 0.068679 -0.061178 -0.039249
vn 0.068679 -0.061178 -0.039249
vn -0.026338 -0.000742 -0.096466
vn -0.026338 -0.000742 -0.096466
vn -0.026338 -0.000742 -0.096466
vn -0.032047 -0.000123 -0.094726
vn -0.032047 -0.000123 -0.094726
vn -0.032047 -0.000123 -0.094726
vn -0.033859 -0.000608 -0.094091
vn -0.033859 -0.000608 -0.094091
vn -0.033859 -0.000608 -0.094091
vn -0.034262 -0.001016 -0.093942
vn -0.034262 -0.001016 -0.093942
vn -0.034262 -0.001016 -0.093942
vn -0.044656 0.000937 -0.089471
vn -0.044656 0.000937 -0.089471
vn -0.044656 0.000937 -0.089471
vn -0.045652 0.000174 -0.088971
vn -0.045652 0.000174 -0.088971
vn -0.045652 0.000174 -0.088971
vn -0.052348 0.001503 -0.085191
vn -0.052348 0.001503 -0.085191
vn -0.052348 0.001503 -0.085191
vn -0.053774 0.003264 -0.084248
vn -0.053774 0.003264 -0.084248
vn -0.053774 0.003264 -0.084248
vn -0.040276 0.000663 -0.091528
vn -0.040276 0.000663 -0.091528
vn -0.040276 0.000663 -0.091528
vn -0.045628 0.003244 -0.088924
vn -0.045628 0.003244 -0.088924
vn -0.045628 0.003244 -0.088924
vn -0.044223 -0.025628 -0.085951
vn -0.044223 -0.025628 -0.085951
vn -0.044223 -0.025628 -0.085951
vn -0.050895 -0.036445 -0.077984
vn -0.050895 -0.036445 -0.077984
vn -0.050895 -0.036445 -0.077984
vn -0.031346 -0.065740 -0.068525
vn -0.031346 -0.065740 -0.068525
vn -0.031346 -0.065740 -0.068525
vn -0.028434 -0.073396 -0.061681
vn -0.028434 -0.073396 -0.061681
vn -0.028434 -0.073396 -0.061681
vn -0.007807 -0.089156 -0.044612
vn -0.007807 -0.089156 -0.044612
vn -0.007807 -0.089156 -0.044612
vn -0.010018 -0.095757 -0.027024
vn -0.010018 -0.095757 -0.027024
vn -0.010018 -0.095757 -0.027024
vn -0.045688 -0.025718 -0.085154
vn -0.045688 -0.025718 -0.085154
vn -0.045688 -0.025718 -0.085154
vn -0.027618 -0.054404 -0.079231
vn -0.027618 -0.054404 -0.079231
vn -0.027618 -0.054404 -0.079231
vn -0.026820 -0.093542 -0.023032
vn -0.026820 -0.093542 -0.023032
vn -0.026820 -0.093542 -0.023032
vn -0.048706 -0.036671 -0.079265
vn -0.048706 -0.036671 -0.079265
vn -0.048706 -0.036671 -0.079265
vn 0.070857 -0.068782 -0.015760
vn 0.070857 -0.068782 -0.015760
vn 0.070857 -0.068782 -0.015760
vn 0.067538 -0.070526 -0.021555
vn 0.067538 -0.070526 -0.021555
vn 0.067538 -0.070526 -0.021555
vn 0.068447 -0.069554 -0.021845
vn 0.068447 -0.069554 -0.021845
vn 0.068447 -0.069554 -0.021845
vn 0.063926 -0.071217 -0.029010
vn 0.063926 -0.071217 -0.029010
vn 0.063926 -0.071217 -0.029010
vn -0.058821 -0.070194 0.040161
vn -0.058821 -0.070194 0.040161
vn -0.058821 -0.070194 0.040161
vn -0.059464 -0.069323 0.040723
vn -0.059464 -0.069323 0.040723
vn -0.059464 -0.069323 0.040723
vn -0.058718 -0.070182 0.040334
vn -0.058718 -0.070182 0.040334
vn -0.058718 -0.070182 0.040334
vn -0.058083 -0.071023 0.039776
vn -0.058083 -0.071023 0.039776
vn -0.058083 -0.071023 0.039776
vn -0.056776 0.072495 0.039000
vn -0.056776 0.072495 0.039000
vn -0.056776 0.072495 0.039000
vn -0.060256 0.072016 0.034395
vn -0.060256 0.072016 0.034395
vn -0.060256 0.072016 0.034395
vn -0.061876 0.071735 0.032023
vn -0.061876 0.071735 0.032023
vn -0.061876 0.071735 0.032023
vn -0.065212 0.070880 0.026899
vn -0.065212 0.070880 0.026899
vn -0.065212 0.070880 0.026899
vn -0.063155 0.070045 0.033243
vn -0.063155 0.070045 0.033243
vn -0.063155 0.070045 0.033243
vn -0.061171 0.073510 0.029230
vn -0.061171 0.073510 0.029230
vn -0.061171 0.073510 0.029230
vn -0.063594 -0.072579 0.026231
vn -0.063594 -0.072579 0.026231
vn -0.063594 -0.072579 0.026231
vn -0.063646 -0.071684 0.028471
vn -0.063646 -0.071684 0.028471
vn -0.063646 -0.071684 0.028471
vn -0.062043 -0.072469 0.029982
vn -0.062043 -0.072469 0.029982
vn -0.062043 -0.072469 0.029982
vn -0.062178 -0.073325 0.027520
vn -0.062178 -0.073325 0.027520
vn -0.062178 -0.073325 0.027520
vn -0.064157 0.070162 0.031003
vn -0.064157 0.070162 0.031003
vn -0.064157 0.070162 0.031003
vn -0.066245 0.069268 0.028523
vn -0.066245 0.069268 0.028523
vn -0.066245 0.069268 0.028523
vn -0.066595 0.070104 0.025505
vn -0.066595 0.070104 0.025505
vn -0.066595 0.070104 0.025505
vn -0.064628 0.070969 0.028047
vn -0.064628 0.070969 0.028047
vn -0.064628 0.070969 0.028047
vn 0.064995 0.071805 -0.024892
vn 0.064995 0.071805 -0.024892
vn 0.064995 0.071805 -0.024892
vn 0.064986 0.073266 -0.020222
vn 0.064986 0.073266 -0.020222
vn 0.064986 0.073266 -0.020222
vn 0.065181 0.073441 -0.018919
vn 0.065181 0.073441 -0.018919
vn 0.065181 0.073441 -0.018919
vn 0.064633 0.074011 -0.018571
vn 0.064633 0.074011 -0.018571
vn 0.064633 0.074011 -0.018571
vn 0.066388 0.073311 -0.014766
vn 0.066388 0.073311 -0.014766
vn 0.066388 0.073311 -0.014766
vn 0.065974 0.072371 -0.020243
vn 0.065974 0.072371 -0.020243
vn 0.065974 0.072371 -0.020243
vn 0.065222 -0.069817 -0.029525
vn 0.065222 -0.069817 -0.029525
vn 0.065222 -0.069817 -0.029525
vn 0.070844 -0.062895 -0.032021
vn 0.070844 -0.062895 -0.032021
vn 0.070844 -0.062895 -0.032021
vn 0.074469 -0.057587 -0.033737
vn 0.074469 -0.057587 -0.033737
vn 0.074469 -0.057587 -0.033737
vn 0.070814 -0.062870 -0.032136
vn 0.070814 -0.062870 -0.032136
vn 0.070814 -0.062870 -0.032136
vn 0.069534 0.064487 -0.031726
vn 0.069534 0.064487 -0.031726
vn 0.069534 0.064487 -0.031726
vn 0.055358 0.067669 -0.048543
vn 0.055358 0.067669 -0.048543
vn 0.055358 0.067669 -0.048543
vn 0.053699 0.046325 -0.070501
vn 0.053699 0.046325 -0.070501
vn 0.053699 0.046325 -0.070501
vn 0.043080 0.042589 -0.079563
vn 0.043080 0.042589 -0.079563
vn 0.043080 0.042589 -0.079563
vn 0.047364 0.004473 -0.087958
vn 0.047364 0.004473 -0.087958
vn 0.047364 0.004473 -0.087958
vn 0.058120 0.039039 -0.071401
vn 0.058120 0.039039 -0.071401
vn 0.058120 0.039039 -0.071401
vn 0.054560 0.047991 -0.068703
vn 0.054560 0.047991 -0.068703
vn 0.054560 0.047991 -0.068703
vn 0.066645 0.056053 -0.049157
vn 0.066645 0.056053 -0.049157
vn 0.066645 0.056053 -0.049157
vn 0.066944 0.055846 -0.048988
vn 0.066944 0.055846 -0.048988
vn 0.066944 0.055846 -0.048988
vn 0.034736 -0.005995 0.093581
vn 0.034736 -0.005995 0.093581
vn 0.034736 -0.005995 0.093581
vn 0.034502 -0.005118 0.093720
vn 0.034502 -0.005118 0.093720
vn 0.034502 -0.005118 0.093720
vn 0.034750 -0.004153 0.093676
vn 0.034750 -0.004153 0.093676
vn 0.034750 -0.004153 0.093676
vn 0.034978 -0.005185 0.093540
vn 0.034978 -0.005185 0.093540
vn 0.034978 -0.005185 0.093540
vn -0.044966 -0.002570 0.089283
vn -0.044966 -0.002570 0.089283
vn -0.044966 -0.002570 0.089283
vn -0.035916 -0.028847 0.088757
vn -0.035916 -0.028847 0.088757
vn -0.035916 -0.028847 0.088757
vn -0.047713 -0.043233 0.076514
vn -0.047713 -0.043233 0.076514
vn -0.047713 -0.043233 0.076514
vn -0.042362 -0.059607 0.068209
vn -0.042362 -0.059607 0.068209
vn -0.042362 -0.059607 0.068209
vn -0.064003 -0.063198 0.043699
vn -0.064003 -0.063198 0.043699
vn -0.064003 -0.063198 0.043699
vn -0.048633 -0.044401 0.075255
vn -0.048633 -0.044401 0.075255
vn -0.048633 -0.044401 0.075255
vn -0.048102 -0.044342 0.075631
vn -0.048102 -0.044342 0.075631
vn -0.048102 -0.044342 0.075631
vn -0.046227 -0.004853 0.088541
vn -0.046227 -0.004853 0.088541
vn -0.046227 -0.004853 0.088541
vn -0.000000 -0.100000 0.000000
vn -0.000000 -0.100000 0.000000
vn -0.000000 -0.100000 0.000000
vn -0.000015 -0.100000 0.000008
vn -0.000015 -0.100000 0.000008
vn -0.000015 -0.100000 0.000008
vn -0.000000 -0.100000 -0.000000
vn -0.000000 -0.100000 -0.000000
vn -0.000000 -0.100000 -0.000000
vn -0.000000 -0.100000 -0.000000
vn -0.000000 -0.100000 -0.000000
vn -0.000000 -0.100000 -0.000000
vn -0.000000 -0.100000 -0.000000
vn -0.000000 -0.100000 -0.000000
vn -0.000000 -0.100000 -0.000000
vn -0.000002 -0.100000 -0.000002
vn -0.000002 -0.100000 -0.000002
vn -0.000002 -0.100000 -0.000002
vn -0.000001 0.100000 -0.000002
vn -0.000001 0.100000 -0.000002
vn -0.000001 0.100000 -0.000002
vn -0.000000 -0.100000 0.000000
vn -0.000000 -0.100000 0.000000
vn -0.000000 -0.100000 0.000000
vn -0.000000 -0.100000 -0.000000
vn -0.000000 -0.100000 -0.000000
vn -0.000000 -0.100000 -0.000000
vn 0.000000 -0.100000 -0.000001
vn 0.000000 -0.100000 -0.000001
vn 0.000000 -0.100000 -0.000001
vn 0.000000 -0.100000 -0.000000
vn 0.000000 -0.100000 -0.000000
vn 0.000000 -0.100000 -0.000000
vn 0.000000 -0.100000 -0.000000
vn 0.000000 -0.100000 -0.000000
vn 0.000000 -0.100000 -0.000000
vn 0.000000 -0.100000 -0.000000
vn 0.000000 -0.100000 -0.000000
vn 0.000000 -0.100000 -0.000000
vn 0.000000 -0.100000 0.000000
vn 0.000000 -0.100000 0.000000
vn 0.000000 -0.100000 0.000000
vn 0.000003 -0.100000 0.000017
vn 0.000003 -0.100000 0.000017
vn 0.000003 -0.100000 0.000017
vn 0.000000 -0.100000 -0.000000
vn 0.000000 -0.100000 -0.000000
vn 0.000000 -0.100000 -0.000000
vn -0.000000 -0.100000 0.000000
vn -0.000000 -0.100000 0.000000
vn -0.000000 -0.100000 0.000000
vn -0.000000 -0.100000 -0.000000
vn -0.000000 -0.100000 -0.000000
vn -0.000000 -0.100000 -0.000000
vn -0.000001 0.100000 -0.000003
vn -0.000001 0.100000 -0.000003
vn -0.000001 0.100000 -0.000003
vn -0.000000 -0.100000 -0.000001
vn -0.000000 -0.100000 -0.000001
vn -0.000000 -0.100000 -0.000001
vn 0.000000 -0.100000 -0.000000
vn 0.000000 -0.100000 -0.000000
vn 0.000000 -0.100000 -0.000000
vn 0.000002 -0.100000 -0.000001
vn 0.000002 -0.100000 -0.000001
vn 0.000002 -0.100000 -0.000001
vn 0.000002 -0.100000 0.000000
vn 0.000002 -0.100000 0.000000
vn 0.000002 -0.100000 0.000000
vn 0.000000 -0.100000 0.000000
vn 0.000000 -0.100000 0.000000
vn 0.000000 -0.100000 0.000000
vn -0.022094 -0.011901 0.096800
vn -0.022094 -0.011901 0.096800
vn -0.022094 -0.011901 0.096800
vn -0.015171 -0.002404 0.098813
vn -0.015171 -0.002404 0.098813
vn -0.015171 -0.002404 0.098813
vn -0.013203 -0.012297 0.098359
vn -0.013203 -0.012297 0.098359
vn -0.013203 -0.012297 0.098359
vn -0.016908 -0.007624 0.098265
vn -0.016908 -0.007624 0.098265
vn -0.016908 -0.007624 0.098265
vn -0.008359 -0.037237 0.092431
vn -0.008359 -0.037237 0.092431
vn -0.008359 -0.037237 0.092431
vn -0.013749 -0.029553 0.094539
vn -0.013749 -0.029553 0.094539
vn -0.013749 -0.029553 0.094539
vn -0.009620 -0.076802 0.063316
vn -0.009620 -0.076802 0.063316
vn -0.009620 -0.076802 0.063316
vn -0.004278 -0.084849 0.052748
vn -0.004278 -0.084849 0.052748
vn -0.004278 -0.084849 0.052748
vn -0.005062 -0.098715 0.015156
vn -0.005062 -0.098715 0.015156
vn -0.005062 -0.098715 0.015156
vn -0.002977 -0.099187 0.012369
vn -0.002977 -0.099187 0.012369
vn -0.002977 -0.099187 0.012369
vn -0.000390 -0.099989 0.001463
vn -0.000390 -0.099989 0.001463
vn -0.000390 -0.099989 0.001463
vn 0.000166 -0.099996 -0.000890
vn 0.000166 -0.099996 -0.000890
vn 0.000166 -0.099996 -0.000890
vn 0.002750 -0.098863 -0.014782
vn 0.002750 -0.098863 -0.014782
vn 0.002750 -0.098863 -0.014782
vn 0.003685 -0.099361 -0.010667
vn 0.003685 -0.099361 -0.010667
vn 0.003685 -0.099361 -0.010667
vn 0.018150 -0.083131 -0.052534
vn 0.018150 -0.083131 -0.052534
vn 0.018150 -0.083131 -0.052534
vn 0.022307 -0.085310 -0.047165
vn 0.022307 -0.085310 -0.047165
vn 0.022307 -0.085310 -0.047165
vn 0.040817 -0.029769 -0.086301
vn 0.040817 -0.029769 -0.086301
vn 0.040817 -0.029769 -0.086301
vn 0.054330 -0.029769 -0.078499
vn 0.054330 -0.029769 -0.078499
vn 0.054330 -0.029769 -0.078499
vn 0.056743 -0.007658 -0.081985
vn 0.056743 -0.007658 -0.081985
vn 0.056743 -0.007658 -0.081985
vn 0.069340 -0.007658 -0.071647
vn 0.069340 -0.007658 -0.071647
vn 0.069340 -0.007658 -0.071647
vn 0.069490 -0.003961 -0.071802
vn 0.069490 -0.003961 -0.071802
vn 0.069490 -0.003961 -0.071802
vn 0.080320 -0.000504 -0.059569
vn 0.080320 -0.000504 -0.059569
vn 0.080320 -0.000504 -0.059569
vn 0.088583 -0.009100 -0.045501
vn 0.088583 -0.009100 -0.045501
vn 0.088583 -0.009100 -0.045501
vn 0.088690 -0.007657 -0.045556
vn 0.088690 -0.007657 -0.045556
vn 0.088690 -0.007657 -0.045556
vn 0.088690 -0.007658 -0.045556
vn 0.088690 -0.007658 -0.045556
vn 0.088690 -0.007658 -0.045556
vn 0.084919 -0.029769 -0.043619
vn 0.084919 -0.029769 -0.043619
vn 0.084919 -0.029769 -0.043619
vn 0.084919 -0.029769 -0.043619
vn 0.084919 -0.029769 -0.043619
vn 0.084919 -0.029769 -0.043619
vn 0.046410 -0.085310 -0.023839
vn 0.046410 -0.085310 -0.023839
vn 0.046410 -0.085310 -0.023839
vn 0.000965 -0.099987 0.001292
vn 0.000965 -0.099987 0.001292
vn 0.000965 -0.099987 0.001292
vn 0.001514 -0.099972 0.001815
vn 0.001514 -0.099972 0.001815
vn 0.001514 -0.099972 0.001815
vn 0.008114 -0.099194 0.009728
vn 0.008114 -0.099194 0.009728
vn 0.008114 -0.099194 0.009728
vn 0.022909 -0.081747 0.052845
vn 0.022909 -0.081747 0.052845
vn 0.022909 -0.081747 0.052845
vn 0.037972 -0.029769 0.087590
vn 0.037972 -0.029769 0.087590
vn 0.037972 -0.029769 0.087590
vn 0.012689 -0.029347 0.094751
vn 0.012689 -0.029347 0.094751
vn 0.012689 -0.029347 0.094751
vn 0.017183 -0.012221 0.097752
vn 0.017183 -0.012221 0.097752
vn 0.017183 -0.012221 0.097752
vn 0.032778 -0.081747 -0.047360
vn 0.032778 -0.081747 -0.047360
vn 0.032778 -0.081747 -0.047360
vn 0.054330 -0.029769 -0.078499
vn 0.054330 -0.029769 -0.078499
vn 0.054330 -0.029769 -0.078499
vn 0.066391 -0.029769 -0.068600
vn 0.066391 -0.029769 -0.068600
vn 0.066391 -0.029769 -0.068600
vn 0.069340 -0.007657 -0.071647
vn 0.069340 -0.007657 -0.071647
vn 0.069340 -0.007657 -0.071647
vn 0.080085 -0.007657 -0.059395
vn 0.080085 -0.007657 -0.059395
vn 0.080085 -0.007657 -0.059395
vn 0.006470 -0.099352 -0.009349
vn 0.006470 -0.099352 -0.009349
vn 0.006470 -0.099352 -0.009349
vn 0.032778 -0.081747 -0.047360
vn 0.032778 -0.081747 -0.047360
vn 0.032778 -0.081747 -0.047360
vn 0.036284 -0.085310 -0.037492
vn 0.036284 -0.085310 -0.037492
vn 0.036284 -0.085310 -0.037492
vn 0.066391 -0.029769 -0.068600
vn 0.066391 -0.029769 -0.068600
vn 0.066391 -0.029769 -0.068600
vn 0.076679 -0.029769 -0.056869
vn 0.076679 -0.029769 -0.056869
vn 0.076679 -0.029769 -0.056869
vn 0.080085 -0.007657 -0.059395
vn 0.080085 -0.007657 -0.059395
vn 0.080085 -0.007657 -0.059395
vn 0.046262 -0.081747 -0.034310
vn 0.046262 -0.081747 -0.034310
vn 0.046262 -0.081747 -0.034310
vn 0.076679 -0.029769 -0.056869
vn 0.076679 -0.029769 -0.056869
vn 0.076679 -0.029769 -0.056869
vn 0.004604 -0.099468 0.009210
vn 0.004604 -0.099468 0.009210
vn 0.004604 -0.099468 0.009210
vn 0.023430 -0.085171 0.046871
vn 0.023430 -0.085171 0.046871
vn 0.023430 -0.085171 0.046871
vn 0.005503 -0.084798 0.052717
vn 0.005503 -0.084798 0.052717
vn 0.005503 -0.084798 0.052717
vn 0.010648 -0.076721 0.063249
vn 0.010648 -0.076721 0.063249
vn 0.010648 -0.076721 0.063249
vn 0.000258 -0.099996 0.000909
vn 0.000258 -0.099996 0.000909
vn 0.000258 -0.099996 0.000909
vn 0.002930 -0.099214 0.012164
vn 0.002930 -0.099214 0.012164
vn 0.002930 -0.099214 0.012164
vn 0.005044 -0.098716 0.015156
vn 0.005044 -0.098716 0.015156
vn 0.005044 -0.098716 0.015156
vn 0.014956 -0.036948 0.091713
vn 0.014956 -0.036948 0.091713
vn 0.014956 -0.036948 0.091713
vn 0.014265 -0.002407 0.098948
vn 0.014265 -0.002407 0.098948
vn 0.014265 -0.002407 0.098948
vn 0.020171 -0.007625 0.097647
vn 0.020171 -0.007625 0.097647
vn 0.020171 -0.007625 0.097647
vn 0.039658 -0.007657 0.091480
vn 0.039658 -0.007657 0.091480
vn 0.039658 -0.007657 0.091480
vn 0.039658 -0.007658 0.091480
vn 0.039658 -0.007658 0.091480
vn 0.039658 -0.007658 0.091480
vn 0.054030 -0.007658 0.083798
vn 0.054030 -0.007658 0.083798
vn 0.054030 -0.007658 0.083798
vn 0.054030 -0.007658 0.083798
vn 0.054030 -0.007658 0.083798
vn 0.054030 -0.007658 0.083798
vn 0.066959 -0.007658 0.073878
vn 0.066959 -0.007658 0.073878
vn 0.066959 -0.007658 0.073878
vn 0.066959 -0.007658 0.073878
vn 0.066959 -0.007658 0.073878
vn 0.066959 -0.007658 0.073878
vn 0.078099 -0.007658 0.061984
vn 0.078099 -0.007658 0.061984
vn 0.078099 -0.007658 0.061984
vn 0.078099 -0.007658 0.061984
vn 0.078099 -0.007658 0.061984
vn 0.078099 -0.007658 0.061984
vn 0.087152 -0.007658 0.048434
vn 0.087152 -0.007658 0.048434
vn 0.087152 -0.007658 0.048434
vn 0.087152 -0.007658 0.048434
vn 0.087152 -0.007658 0.048434
vn 0.087152 -0.007658 0.048434
vn 0.093878 -0.007658 0.033590
vn 0.093878 -0.007658 0.033590
vn 0.093878 -0.007658 0.033590
vn 0.093878 -0.007657 0.033590
vn 0.093878 -0.007657 0.033590
vn 0.093878 -0.007657 0.033590
vn 0.099232 -0.007581 0.009774
vn 0.099232 -0.007581 0.009774
vn 0.099232 -0.007581 0.009774
vn 0.099232 -0.007581 0.009774
vn 0.099232 -0.007581 0.009774
vn 0.099232 -0.007581 0.009774
vn 0.097107 -0.007581 -0.022642
vn 0.097107 -0.007581 -0.022642
vn 0.097107 -0.007581 -0.022642
vn 0.097107 -0.007581 -0.022642
vn 0.097107 -0.007581 -0.022642
vn 0.097107 -0.007581 -0.022642
vn 0.022126 -0.010640 0.096939
vn 0.022126 -0.010640 0.096939
vn 0.022126 -0.010640 0.096939
vn 0.039774 -0.000583 0.091748
vn 0.039774 -0.000583 0.091748
vn 0.039774 -0.000583 0.091748
vn 0.054152 -0.003695 0.083987
vn 0.054152 -0.003695 0.083987
vn 0.054152 -0.003695 0.083987
vn 0.061827 -0.012916 0.077528
vn 0.061827 -0.012916 0.077528
vn 0.061827 -0.012916 0.077528
vn 0.067031 -0.006093 0.073957
vn 0.067031 -0.006093 0.073957
vn 0.067031 -0.006093 0.073957
vn 0.078328 -0.000227 0.062166
vn 0.078328 -0.000227 0.062166
vn 0.078328 -0.000227 0.062166
vn 0.087228 -0.006436 0.048476
vn 0.087228 -0.006436 0.048476
vn 0.087228 -0.006436 0.048476
vn 0.089347 -0.012872 0.043027
vn 0.089347 -0.012872 0.043027
vn 0.089347 -0.012872 0.043027
vn 0.094099 -0.003439 0.033669
vn 0.094099 -0.003439 0.033669
vn 0.094099 -0.003439 0.033669
vn 0.099516 0.000723 0.009801
vn 0.099516 0.000723 0.009801
vn 0.099516 0.000723 0.009801
vn 0.099272 -0.012042 0.000000
vn 0.099272 -0.012042 0.000000
vn 0.099272 -0.012042 0.000000
vn 0.097297 0.004318 -0.022686
vn 0.097297 0.004318 -0.022686
vn 0.097297 0.004318 -0.022686
vn 0.089413 -0.012295 -0.043059
vn 0.089413 -0.012295 -0.043059
vn 0.089413 -0.012295 -0.043059
vn 0.061824 -0.012950 -0.077525
vn 0.061824 -0.012950 -0.077525
vn 0.061824 -0.012950 -0.077525
vn 0.056816 -0.005760 -0.082090
vn 0.056816 -0.005760 -0.082090
vn 0.056816 -0.005760 -0.082090
vn 0.056743 -0.007658 -0.081985
vn 0.056743 -0.007658 -0.081985
vn 0.056743 -0.007658 -0.081985
vn 0.042630 -0.007658 -0.090134
vn 0.042630 -0.007658 -0.090134
vn 0.042630 -0.007658 -0.090134
vn 0.040817 -0.029769 -0.086301
vn 0.040817 -0.029769 -0.086301
vn 0.040817 -0.029769 -0.086301
vn 0.026214 -0.029769 -0.091797
vn 0.026214 -0.029769 -0.091797
vn 0.026214 -0.029769 -0.091797
vn 0.014327 -0.085310 -0.050169
vn 0.014327 -0.085310 -0.050169
vn 0.014327 -0.085310 -0.050169
vn 0.001720 -0.085074 -0.052530
vn 0.001720 -0.085074 -0.052530
vn 0.001720 -0.085074 -0.052530
vn 0.000338 -0.099464 -0.010334
vn 0.000338 -0.099464 -0.010334
vn 0.000338 -0.099464 -0.010334
vn -0.003860 -0.099446 -0.009779
vn -0.003860 -0.099446 -0.009779
vn -0.003860 -0.099446 -0.009779
vn -0.000420 -0.099993 -0.001063
vn -0.000420 -0.099993 -0.001063
vn -0.000420 -0.099993 -0.001063
vn -0.000954 -0.099981 -0.001690
vn -0.000954 -0.099981 -0.001690
vn -0.000954 -0.099981 -0.001690
vn 0.022069 -0.012819 -0.096688
vn 0.022069 -0.012819 -0.096688
vn 0.022069 -0.012819 -0.096688
vn 0.027395 -0.006789 -0.095934
vn 0.027395 -0.006789 -0.095934
vn 0.027395 -0.006789 -0.095934
vn 0.042755 -0.000237 -0.090399
vn 0.042755 -0.000237 -0.090399
vn 0.042755 -0.000237 -0.090399
vn 0.042630 -0.007657 -0.090133
vn 0.042630 -0.007657 -0.090133
vn 0.042630 -0.007657 -0.090133
vn 0.003269 0.004081 -0.099863
vn 0.003269 0.004081 -0.099863
vn 0.003269 0.004081 -0.099863
vn -0.022116 -0.011050 -0.096896
vn -0.022116 -0.011050 -0.096896
vn -0.022116 -0.011050 -0.096896
vn -0.029027 -0.001053 -0.095689
vn -0.029027 -0.001053 -0.095689
vn -0.029027 -0.001053 -0.095689
vn -0.051399 -0.002106 -0.085754
vn -0.051399 -0.002106 -0.085754
vn -0.051399 -0.002106 -0.085754
vn -0.051259 -0.007658 -0.085521
vn -0.051259 -0.007658 -0.085521
vn -0.051259 -0.007658 -0.085521
vn -0.064506 -0.007658 -0.076029
vn -0.064506 -0.007658 -0.076029
vn -0.064506 -0.007658 -0.076029
vn -0.061763 -0.029769 -0.072796
vn -0.061763 -0.029769 -0.072796
vn -0.061763 -0.029769 -0.072796
vn -0.076730 -0.029565 -0.056907
vn -0.076730 -0.029565 -0.056907
vn -0.076730 -0.029565 -0.056907
vn -0.042137 -0.085134 -0.031251
vn -0.042137 -0.085134 -0.031251
vn -0.042137 -0.085134 -0.031251
vn -0.049394 -0.085134 -0.017673
vn -0.049394 -0.085134 -0.017673
vn -0.049394 -0.085134 -0.017673
vn -0.009710 -0.099467 -0.003474
vn -0.009710 -0.099467 -0.003474
vn -0.009710 -0.099467 -0.003474
vn -0.012447 -0.099205 -0.001842
vn -0.012447 -0.099205 -0.001842
vn -0.012447 -0.099205 -0.001842
vn -0.006261 -0.099800 -0.000927
vn -0.006261 -0.099800 -0.000927
vn -0.006261 -0.099800 -0.000927
vn -0.061867 -0.012406 -0.077579
vn -0.061867 -0.012406 -0.077579
vn -0.061867 -0.012406 -0.077579
vn -0.064451 -0.008691 -0.075964
vn -0.064451 -0.008691 -0.075964
vn -0.064451 -0.008691 -0.075964
vn -0.064506 -0.007658 -0.076029
vn -0.064506 -0.007658 -0.076029
vn -0.064506 -0.007658 -0.076029
vn -0.080088 -0.007600 -0.059398
vn -0.080088 -0.007600 -0.059398
vn -0.080088 -0.007600 -0.059398
vn -0.076730 -0.029565 -0.056907
vn -0.076730 -0.029565 -0.056907
vn -0.076730 -0.029565 -0.056907
vn -0.089945 -0.029565 -0.032183
vn -0.089945 -0.029565 -0.032183
vn -0.089945 -0.029565 -0.032183
vn -0.049394 -0.085134 -0.017673
vn -0.049394 -0.085134 -0.017673
vn -0.049394 -0.085134 -0.017673
vn -0.052398 -0.085134 -0.002574
vn -0.052398 -0.085134 -0.002574
vn -0.052398 -0.085134 -0.002574
vn -0.010301 -0.099467 -0.000506
vn -0.010301 -0.099467 -0.000506
vn -0.010301 -0.099467 -0.000506
vn -0.009900 -0.099446 0.003539
vn -0.009900 -0.099446 0.003539
vn -0.009900 -0.099446 0.003539
vn -0.000874 -0.099996 0.000312
vn -0.000874 -0.099996 0.000312
vn -0.000874 -0.099996 0.000312
vn -0.080287 0.002896 -0.059545
vn -0.080287 0.002896 -0.059545
vn -0.080287 0.002896 -0.059545
vn -0.089379 -0.012601 -0.043043
vn -0.089379 -0.012601 -0.043043
vn -0.089379 -0.012601 -0.043043
vn -0.094154 -0.000040 -0.033689
vn -0.094154 -0.000040 -0.033689
vn -0.094154 -0.000040 -0.033689
vn -0.099809 -0.003765 -0.004903
vn -0.099809 -0.003765 -0.004903
vn -0.099809 -0.003765 -0.004903
vn -0.099591 -0.007600 -0.004893
vn -0.099591 -0.007600 -0.004893
vn -0.099591 -0.007600 -0.004893
vn -0.096723 -0.007600 0.024228
vn -0.096723 -0.007600 0.024228
vn -0.096723 -0.007600 0.024228
vn -0.092667 -0.029565 0.023212
vn -0.092667 -0.029565 0.023212
vn -0.092667 -0.029565 0.023212
vn -0.081939 -0.029565 0.049112
vn -0.081939 -0.029565 0.049112
vn -0.081939 -0.029565 0.049112
vn -0.044997 -0.085134 0.026970
vn -0.044997 -0.085134 0.026970
vn -0.044997 -0.085134 0.026970
vn -0.035230 -0.085134 0.038871
vn -0.035230 -0.085134 0.038871
vn -0.035230 -0.085134 0.038871
vn -0.009646 -0.098963 0.010642
vn -0.009646 -0.098963 0.010642
vn -0.009646 -0.098963 0.010642
vn -0.099410 -0.010850 0.000000
vn -0.099410 -0.010850 0.000000
vn -0.099410 -0.010850 0.000000
vn -0.096957 0.003074 0.024287
vn -0.096957 0.003074 0.024287
vn -0.096957 0.003074 0.024287
vn -0.096723 -0.007600 0.024228
vn -0.096723 -0.007600 0.024228
vn -0.096723 -0.007600 0.024228
vn -0.085525 -0.007600 0.051262
vn -0.085525 -0.007600 0.051262
vn -0.085525 -0.007600 0.051262
vn -0.081939 -0.029565 0.049112
vn -0.081939 -0.029565 0.049112
vn -0.081939 -0.029565 0.049112
vn -0.064154 -0.029565 0.070783
vn -0.064154 -0.029565 0.070783
vn -0.064154 -0.029565 0.070783
vn -0.035230 -0.085134 0.038871
vn -0.035230 -0.085134 0.038871
vn -0.035230 -0.085134 0.038871
vn -0.022430 -0.085134 0.047424
vn -0.022430 -0.085134 0.047424
vn -0.022430 -0.085134 0.047424
vn -0.004409 -0.099467 0.009323
vn -0.004409 -0.099467 0.009323
vn -0.004409 -0.099467 0.009323
vn -0.089413 -0.012295 0.043059
vn -0.089413 -0.012295 0.043059
vn -0.089413 -0.012295 0.043059
vn -0.085770 -0.000839 0.051408
vn -0.085770 -0.000839 0.051408
vn -0.085770 -0.000839 0.051408
vn -0.085525 -0.007600 0.051262
vn -0.085525 -0.007600 0.051262
vn -0.085525 -0.007600 0.051262
vn -0.066962 -0.007600 0.073881
vn -0.066962 -0.007600 0.073881
vn -0.066962 -0.007600 0.073881
vn -0.064154 -0.029565 0.070783
vn -0.064154 -0.029565 0.070783
vn -0.064154 -0.029565 0.070783
vn -0.040844 -0.029565 0.086358
vn -0.040844 -0.029565 0.086358
vn -0.040844 -0.029565 0.086358
vn -0.022430 -0.085134 0.047424
vn -0.022430 -0.085134 0.047424
vn -0.022430 -0.085134 0.047424
vn -0.067131 -0.002703 0.074068
vn -0.067131 -0.002703 0.074068
vn -0.067131 -0.002703 0.074068
vn -0.061941 -0.011420 0.077672
vn -0.061941 -0.011420 0.077672
vn -0.061941 -0.011420 0.077672
vn -0.042734 0.003163 0.090354
vn -0.042734 0.003163 0.090354
vn -0.042734 0.003163 0.090354
vn -0.042632 -0.007600 0.090137
vn -0.042632 -0.007600 0.090137
vn -0.042632 -0.007600 0.090137
vn -0.042632 -0.007600 0.090137
vn -0.042632 -0.007600 0.090137
vn -0.042632 -0.007600 0.090137
vn -0.040844 -0.029565 0.086358
vn -0.040844 -0.029565 0.086358
vn -0.040844 -0.029565 0.086358
vn -0.009165 -0.097941 0.017988
vn -0.009165 -0.097941 0.017988
vn -0.009165 -0.097941 0.017988
vn -0.000763 -0.099994 0.000842
vn -0.000763 -0.099994 0.000842
vn -0.000763 -0.099994 0.000842
vn -0.009646 -0.098963 0.010642
vn -0.009646 -0.098963 0.010642
vn -0.009646 -0.098963 0.010642
vn -0.008846 -0.099467 0.005302
vn -0.008846 -0.099467 0.005302
vn -0.008846 -0.099467 0.005302
vn -0.044997 -0.085134 0.026970
vn -0.044997 -0.085134 0.026970
vn -0.044997 -0.085134 0.026970
vn -0.050889 -0.085134 0.012747
vn -0.050889 -0.085134 0.012747
vn -0.050889 -0.085134 0.012747
vn -0.092667 -0.029565 0.023212
vn -0.092667 -0.029565 0.023212
vn -0.092667 -0.029565 0.023212
vn -0.095415 -0.029565 -0.004687
vn -0.095415 -0.029565 -0.004687
vn -0.095415 -0.029565 -0.004687
vn -0.099591 -0.007600 -0.004893
vn -0.099591 -0.007600 -0.004893
vn -0.099591 -0.007600 -0.004893
vn -0.093882 -0.007600 -0.033592
vn -0.093882 -0.007600 -0.033592
vn -0.093882 -0.007600 -0.033592
vn -0.066962 -0.007600 0.073881
vn -0.066962 -0.007600 0.073881
vn -0.066962 -0.007600 0.073881
vn -0.013933 -0.098963 0.003490
vn -0.013933 -0.098963 0.003490
vn -0.013933 -0.098963 0.003490
vn -0.050888 -0.085134 0.012747
vn -0.050888 -0.085134 0.012747
vn -0.050888 -0.085134 0.012747
vn -0.052397 -0.085134 -0.002574
vn -0.052397 -0.085134 -0.002574
vn -0.052397 -0.085134 -0.002574
vn -0.095415 -0.029565 -0.004687
vn -0.095415 -0.029565 -0.004687
vn -0.095415 -0.029565 -0.004687
vn -0.089945 -0.029565 -0.032183
vn -0.089945 -0.029565 -0.032183
vn -0.089945 -0.029565 -0.032183
vn -0.093882 -0.007600 -0.033592
vn -0.093882 -0.007600 -0.033592
vn -0.093882 -0.007600 -0.033592
vn -0.080088 -0.007600 -0.059398
vn -0.080088 -0.007600 -0.059398
vn -0.080088 -0.007600 -0.059398
vn -0.001499 -0.099989 -0.000020
vn -0.001499 -0.099989 -0.000020
vn -0.001499 -0.099989 -0.000020
vn -0.012002 -0.098786 -0.009862
vn -0.012002 -0.098786 -0.009862
vn -0.012002 -0.098786 -0.009862
vn -0.044983 -0.081303 -0.036963
vn -0.044983 -0.081303 -0.036963
vn -0.044983 -0.081303 -0.036963
vn -0.033755 -0.085310 -0.039784
vn -0.033755 -0.085310 -0.039784
vn -0.033755 -0.085310 -0.039784
vn -0.061763 -0.029769 -0.072796
vn -0.061763 -0.029769 -0.072796
vn -0.061763 -0.029769 -0.072796
vn -0.049080 -0.029769 -0.081884
vn -0.049080 -0.029769 -0.081884
vn -0.049080 -0.029769 -0.081884
vn -0.051259 -0.007658 -0.085521
vn -0.051259 -0.007658 -0.085521
vn -0.051259 -0.007658 -0.085521
vn -0.028945 -0.007581 -0.095419
vn -0.028945 -0.007581 -0.095419
vn -0.028945 -0.007581 -0.095419
vn -0.000576 -0.099997 -0.000451
vn -0.000576 -0.099997 -0.000451
vn -0.000576 -0.099997 -0.000451
vn -0.010991 -0.099021 -0.008608
vn -0.010991 -0.099021 -0.008608
vn -0.010991 -0.099021 -0.008608
vn -0.029611 -0.081747 -0.049402
vn -0.029611 -0.081747 -0.049402
vn -0.029611 -0.081747 -0.049402
vn -0.049080 -0.029769 -0.081884
vn -0.049080 -0.029769 -0.081884
vn -0.049080 -0.029769 -0.081884
vn -0.027737 -0.029496 -0.091437
vn -0.027737 -0.029496 -0.091437
vn -0.027737 -0.029496 -0.091437
vn -0.028945 -0.007581 -0.095419
vn -0.028945 -0.007581 -0.095419
vn -0.028945 -0.007581 -0.095419
vn 0.003263 -0.007581 -0.099659
vn 0.003263 -0.007581 -0.099659
vn 0.003263 -0.007581 -0.099659
vn -0.005767 -0.099468 -0.008531
vn -0.005767 -0.099468 -0.008531
vn -0.005767 -0.099468 -0.008531
vn -0.029347 -0.085171 -0.043412
vn -0.029347 -0.085171 -0.043412
vn -0.029347 -0.085171 -0.043412
vn -0.015257 -0.085074 -0.050295
vn -0.015257 -0.085074 -0.050295
vn -0.015257 -0.085074 -0.050295
vn -0.027737 -0.029496 -0.091437
vn -0.027737 -0.029496 -0.091437
vn -0.027737 -0.029496 -0.091437
vn 0.003126 -0.029496 -0.095500
vn 0.003126 -0.029496 -0.095500
vn 0.003126 -0.029496 -0.095500
vn 0.003263 -0.007581 -0.099659
vn 0.003263 -0.007581 -0.099659
vn 0.003263 -0.007581 -0.099659
vn 0.027378 -0.007658 -0.095874
vn 0.027378 -0.007658 -0.095874
vn 0.027378 -0.007658 -0.095874
vn -0.003948 -0.099071 -0.013014
vn -0.003948 -0.099071 -0.013014
vn -0.003948 -0.099071 -0.013014
vn -0.015257 -0.085074 -0.050295
vn -0.015257 -0.085074 -0.050295
vn -0.015257 -0.085074 -0.050295
vn 0.001720 -0.085074 -0.052530
vn 0.001720 -0.085074 -0.052530
vn 0.001720 -0.085074 -0.052530
vn 0.003126 -0.029496 -0.095500
vn 0.003126 -0.029496 -0.095500
vn 0.003126 -0.029496 -0.095500
vn 0.026214 -0.029769 -0.091797
vn 0.026214 -0.029769 -0.091797
vn 0.026214 -0.029769 -0.091797
vn 0.027378 -0.007657 -0.095874
vn 0.027378 -0.007657 -0.095874
vn 0.027378 -0.007657 -0.095874
vn 0.001294 -0.099963 -0.002401
vn 0.001294 -0.099963 -0.002401
vn 0.001294 -0.099963 -0.002401
vn 0.000582 -0.099996 -0.000641
vn 0.000582 -0.099996 -0.000641
vn 0.000582 -0.099996 -0.000641
vn 0.010802 -0.098699 -0.011908
vn 0.010802 -0.098699 -0.011908
vn 0.010802 -0.098699 -0.011908
vn 0.008332 -0.099460 -0.006180
vn 0.008332 -0.099460 -0.006180
vn 0.008332 -0.099460 -0.006180
vn 0.046262 -0.081747 -0.034310
vn 0.046262 -0.081747 -0.034310
vn 0.046262 -0.081747 -0.034310
vn 0.000750 -0.099997 -0.000153
vn 0.000750 -0.099997 -0.000153
vn 0.000750 -0.099997 -0.000153
vn 0.001273 -0.099992 -0.000019
vn 0.001273 -0.099992 -0.000019
vn 0.001273 -0.099992 -0.000019
vn 0.000702 -0.099997 0.000262
vn 0.000702 -0.099997 0.000262
vn 0.000702 -0.099997 0.000262
vn 0.011107 -0.099331 -0.003170
vn 0.011107 -0.099331 -0.003170
vn 0.011107 -0.099331 -0.003170
vn 0.014794 -0.098853 -0.003027
vn 0.014794 -0.098853 -0.003027
vn 0.014794 -0.098853 -0.003027
vn 0.009798 -0.099508 0.001452
vn 0.009798 -0.099508 0.001452
vn 0.009798 -0.099508 0.001452
vn 0.013330 -0.098983 0.004963
vn 0.013330 -0.098983 0.004963
vn 0.013330 -0.098983 0.004963
vn 0.009067 -0.099460 0.005039
vn 0.009067 -0.099460 0.005039
vn 0.009067 -0.099460 0.005039
vn 0.007635 -0.099352 0.008424
vn 0.007635 -0.099352 0.008424
vn 0.007635 -0.099352 0.008424
vn 0.059470 -0.079190 -0.013867
vn 0.059470 -0.079190 -0.013867
vn 0.059470 -0.079190 -0.013867
vn 0.050881 -0.084854 -0.014524
vn 0.050881 -0.084854 -0.014524
vn 0.050881 -0.084854 -0.014524
vn 0.052305 -0.085074 0.005152
vn 0.052305 -0.085074 0.005152
vn 0.052305 -0.085074 0.005152
vn 0.058286 -0.080797 0.008640
vn 0.058286 -0.080797 0.008640
vn 0.058286 -0.080797 0.008640
vn 0.049125 -0.085310 0.017577
vn 0.049125 -0.085310 0.017577
vn 0.049125 -0.085310 0.017577
vn 0.050345 -0.081747 0.027978
vn 0.050345 -0.081747 0.027978
vn 0.050345 -0.081747 0.027978
vn 0.050345 -0.081747 0.027978
vn 0.050345 -0.081747 0.027978
vn 0.050345 -0.081747 0.027978
vn 0.040868 -0.085310 0.032435
vn 0.040868 -0.085310 0.032435
vn 0.040868 -0.085310 0.032435
vn 0.038679 -0.081747 0.042676
vn 0.038679 -0.081747 0.042676
vn 0.038679 -0.081747 0.042676
vn 0.038679 -0.081747 0.042676
vn 0.038679 -0.081747 0.042676
vn 0.038679 -0.081747 0.042676
vn 0.028273 -0.085310 0.043850
vn 0.028273 -0.085310 0.043850
vn 0.028273 -0.085310 0.043850
vn 0.093055 -0.029496 -0.021697
vn 0.093055 -0.029496 -0.021697
vn 0.093055 -0.029496 -0.021697
vn 0.093055 -0.029496 -0.021697
vn 0.093055 -0.029496 -0.021697
vn 0.093055 -0.029496 -0.021697
vn 0.095091 -0.029496 0.009366
vn 0.095091 -0.029496 0.009366
vn 0.095091 -0.029496 0.009366
vn 0.095091 -0.029496 0.009366
vn 0.095091 -0.029496 0.009366
vn 0.095091 -0.029496 0.009366
vn 0.089886 -0.029769 0.032162
vn 0.089886 -0.029769 0.032162
vn 0.089886 -0.029769 0.032162
vn 0.089886 -0.029769 0.032162
vn 0.089886 -0.029769 0.032162
vn 0.089886 -0.029769 0.032162
vn 0.083446 -0.029769 0.046374
vn 0.083446 -0.029769 0.046374
vn 0.083446 -0.029769 0.046374
vn 0.083446 -0.029769 0.046374
vn 0.083446 -0.029769 0.046374
vn 0.083446 -0.029769 0.046374
vn 0.074778 -0.029769 0.059348
vn 0.074778 -0.029769 0.059348
vn 0.074778 -0.029769 0.059348
vn 0.074778 -0.029769 0.059348
vn 0.074778 -0.029769 0.059348
vn 0.074778 -0.029769 0.059348
vn 0.064111 -0.029769 0.070736
vn 0.064111 -0.029769 0.070736
vn 0.064111 -0.029769 0.070736
vn 0.064111 -0.029769 0.070736
vn 0.064111 -0.029769 0.070736
vn 0.064111 -0.029769 0.070736
vn 0.051732 -0.029769 0.080235
vn 0.051732 -0.029769 0.080235
vn 0.051732 -0.029769 0.080235
vn 0.051732 -0.029769 0.080235
vn 0.051732 -0.029769 0.080235
vn 0.051732 -0.029769 0.080235
vn 0.037972 -0.029769 0.087590
vn 0.037972 -0.029769 0.087590
vn 0.037972 -0.029769 0.087590
vn -0.001568 0.099933 0.003316
vn -0.001568 0.099933 0.003316
vn -0.001568 0.099933 0.003316
vn -0.015228 0.093442 0.032197
vn -0.015228 0.093442 0.032197
vn -0.015228 0.093442 0.032197
vn -0.015228 0.093442 0.032197
vn -0.015228 0.093442 0.032197
vn -0.015228 0.093442 0.032197
vn -0.035175 0.056846 0.074372
vn -0.035175 0.056846 0.074372
vn -0.035175 0.056846 0.074372
vn -0.035175 0.056846 0.074372
vn -0.035175 0.056846 0.074372
vn -0.035175 0.056846 0.074372
vn -0.042087 0.017616 0.088985
vn -0.042087 0.017616 0.088985
vn -0.042087 0.017616 0.088985
vn -0.042087 0.017616 0.088985
vn -0.042087 0.017616 0.088985
vn -0.042087 0.017616 0.088985
vn -0.042755 -0.000348 0.090398
vn -0.042755 -0.000348 0.090398
vn -0.042755 -0.000348 0.090398
vn -0.062051 0.009765 0.077809
vn -0.062051 0.009765 0.077809
vn -0.062051 0.009765 0.077809
vn -0.000345 0.099996 0.000808
vn -0.000345 0.099996 0.000808
vn -0.000345 0.099996 0.000808
vn -0.000942 0.099666 0.008114
vn -0.000942 0.099666 0.008114
vn -0.000942 0.099666 0.008114
vn -0.005483 0.098693 0.015152
vn -0.005483 0.098693 0.015152
vn -0.005483 0.098693 0.015152
vn -0.003426 0.093335 0.035734
vn -0.003426 0.093335 0.035734
vn -0.003426 0.093335 0.035734
vn -0.011195 0.076675 0.063211
vn -0.011195 0.076675 0.063211
vn -0.011195 0.076675 0.063211
vn -0.009292 0.056627 0.081896
vn -0.009292 0.056627 0.081896
vn -0.009292 0.056627 0.081896
vn -0.015319 0.036927 0.091661
vn -0.015319 0.036927 0.091661
vn -0.015319 0.036927 0.091661
vn -0.011997 0.012316 0.098511
vn -0.011997 0.012316 0.098511
vn -0.011997 0.012316 0.098511
vn -0.015941 0.017653 0.097130
vn -0.015941 0.017653 0.097130
vn -0.015941 0.017653 0.097130
vn -0.013996 0.002408 0.098986
vn -0.013996 0.002408 0.098986
vn -0.013996 0.002408 0.098986
vn -0.022138 0.010102 0.096994
vn -0.022138 0.010102 0.096994
vn -0.022138 0.010102 0.096994
vn -0.089610 0.010378 0.043154
vn -0.089610 0.010378 0.043154
vn -0.089610 0.010378 0.043154
vn -0.085748 0.002423 0.051395
vn -0.085748 0.002423 0.051395
vn -0.085748 0.002423 0.051395
vn -0.067110 0.003711 0.074044
vn -0.067110 0.003711 0.074044
vn -0.067110 0.003711 0.074044
vn -0.066106 0.017616 0.072936
vn -0.066106 0.017616 0.072936
vn -0.066106 0.017616 0.072936
vn -0.066106 0.017616 0.072936
vn -0.066106 0.017616 0.072936
vn -0.066106 0.017616 0.072936
vn -0.055250 0.056846 0.060959
vn -0.055250 0.056846 0.060959
vn -0.055250 0.056846 0.060959
vn -0.055250 0.056846 0.060959
vn -0.055250 0.056846 0.060959
vn -0.055250 0.056846 0.060959
vn -0.023918 0.093442 0.026390
vn -0.023918 0.093442 0.026390
vn -0.023918 0.093442 0.026390
vn -0.023918 0.093442 0.026390
vn -0.023918 0.093442 0.026390
vn -0.023918 0.093442 0.026390
vn -0.005866 0.099618 0.006472
vn -0.005866 0.099618 0.006472
vn -0.005866 0.099618 0.006472
vn -0.002488 0.099961 0.001268
vn -0.002488 0.099961 0.001268
vn -0.002488 0.099961 0.001268
vn -0.097003 -0.000286 0.024298
vn -0.097003 -0.000286 0.024298
vn -0.097003 -0.000286 0.024298
vn -0.099560 0.009367 0.000000
vn -0.099560 0.009367 0.000000
vn -0.099560 0.009367 0.000000
vn -0.099781 0.004446 -0.004902
vn -0.099781 0.004446 -0.004902
vn -0.099781 0.004446 -0.004902
vn -0.094138 0.001870 -0.033683
vn -0.094138 0.001870 -0.033683
vn -0.094138 0.001870 -0.033683
vn -0.092682 0.017616 -0.033162
vn -0.092682 0.017616 -0.033162
vn -0.092682 0.017616 -0.033162
vn -0.079065 0.017616 -0.058638
vn -0.079065 0.017616 -0.058638
vn -0.079065 0.017616 -0.058638
vn -0.066081 0.056846 -0.049009
vn -0.066081 0.056846 -0.049009
vn -0.066081 0.056846 -0.049009
vn -0.053096 0.057136 -0.062581
vn -0.053096 0.057136 -0.062581
vn -0.053096 0.057136 -0.062581
vn -0.026140 0.091474 -0.030810
vn -0.026140 0.091474 -0.030810
vn -0.026140 0.091474 -0.030810
vn 0.015128 0.093531 -0.031985
vn 0.015128 0.093531 -0.031985
vn 0.015128 0.093531 -0.031985
vn 0.035089 0.057136 -0.074190
vn 0.035089 0.057136 -0.074190
vn 0.035089 0.057136 -0.074190
vn 0.035089 0.057136 -0.074190
vn 0.035089 0.057136 -0.074190
vn 0.035089 0.057136 -0.074190
vn 0.042077 0.017745 -0.088964
vn 0.042077 0.017745 -0.088964
vn 0.042077 0.017745 -0.088964
vn 0.042077 0.017745 -0.088964
vn 0.042077 0.017745 -0.088964
vn 0.042077 0.017745 -0.088964
vn 0.042747 0.002020 -0.090380
vn 0.042747 0.002020 -0.090380
vn 0.042747 0.002020 -0.090380
vn 0.056813 0.005840 -0.082087
vn 0.056813 0.005840 -0.082087
vn 0.056813 0.005840 -0.082087
vn 0.061982 0.010837 -0.077723
vn 0.061982 0.010837 -0.077723
vn 0.061982 0.010837 -0.077723
vn 0.069471 0.004595 -0.071782
vn 0.069471 0.004595 -0.071782
vn 0.069471 0.004595 -0.071782
vn 0.080301 0.002205 -0.059555
vn 0.080301 0.002205 -0.059555
vn 0.080301 0.002205 -0.059555
vn 0.079046 0.017745 -0.058625
vn 0.079046 0.017745 -0.058625
vn 0.079046 0.017745 -0.058625
vn 0.087540 0.017745 -0.044965
vn 0.087540 0.017745 -0.044965
vn 0.087540 0.017745 -0.044965
vn 0.073003 0.057136 -0.037498
vn 0.073003 0.057136 -0.037498
vn 0.073003 0.057136 -0.037498
vn 0.080188 0.056748 -0.018697
vn 0.080188 0.056748 -0.018697
vn 0.080188 0.056748 -0.018697
vn 0.034763 0.093412 -0.008106
vn 0.034763 0.093412 -0.008106
vn 0.034763 0.093412 -0.008106
vn 0.035598 0.093300 0.005277
vn 0.035598 0.093300 0.005277
vn 0.035598 0.093300 0.005277
vn 0.006804 0.099763 0.001009
vn 0.006804 0.099763 0.001009
vn 0.006804 0.099763 0.001009
vn 0.004129 0.099811 0.004555
vn 0.004129 0.099811 0.004555
vn 0.004129 0.099811 0.004555
vn 0.027134 0.091474 0.029938
vn 0.027134 0.091474 0.029938
vn 0.027134 0.091474 0.029938
vn 0.027134 0.091474 0.029938
vn 0.027134 0.091474 0.029938
vn 0.027134 0.091474 0.029938
vn 0.055115 0.057136 0.060810
vn 0.055115 0.057136 0.060810
vn 0.055115 0.057136 0.060810
vn 0.055115 0.057136 0.060810
vn 0.055115 0.057136 0.060810
vn 0.055115 0.057136 0.060810
vn 0.066090 0.017745 0.072919
vn 0.066090 0.017745 0.072919
vn 0.066090 0.017745 0.072919
vn 0.066090 0.017745 0.072919
vn 0.066090 0.017745 0.072919
vn 0.066090 0.017745 0.072919
vn 0.067032 0.006071 0.073958
vn 0.067032 0.006071 0.073958
vn 0.067032 0.006071 0.073958
vn 0.061983 0.010813 0.077725
vn 0.061983 0.010813 0.077725
vn 0.061983 0.010813 0.077725
vn -0.089590 0.010592 -0.043144
vn -0.089590 0.010592 -0.043144
vn -0.089590 0.010592 -0.043144
vn -0.080321 -0.000163 -0.059570
vn -0.080321 -0.000163 -0.059570
vn -0.080321 -0.000163 -0.059570
vn -0.079065 0.017616 -0.058638
vn -0.079065 0.017616 -0.058638
vn -0.079065 0.017616 -0.058638
vn -0.063669 0.017745 -0.075043
vn -0.063669 0.017745 -0.075043
vn -0.063669 0.017745 -0.075043
vn -0.053096 0.057136 -0.062581
vn -0.053096 0.057136 -0.062581
vn -0.053096 0.057136 -0.062581
vn -0.042192 0.057136 -0.070394
vn -0.042192 0.057136 -0.070394
vn -0.042192 0.057136 -0.070394
vn -0.018190 0.093531 -0.030349
vn -0.018190 0.093531 -0.030349
vn -0.018190 0.093531 -0.030349
vn -0.014041 0.090895 -0.039256
vn -0.014041 0.090895 -0.039256
vn -0.014041 0.090895 -0.039256
vn -0.001452 0.099907 -0.004060
vn -0.001452 0.099907 -0.004060
vn -0.001452 0.099907 -0.004060
vn 0.002125 0.099954 -0.002159
vn 0.002125 0.099954 -0.002159
vn 0.002125 0.099954 -0.002159
vn -0.064495 0.007870 -0.076016
vn -0.064495 0.007870 -0.076016
vn -0.064495 0.007870 -0.076016
vn -0.062007 0.010456 -0.077755
vn -0.062007 0.010456 -0.077755
vn -0.062007 0.010456 -0.077755
vn -0.051382 0.003313 -0.085726
vn -0.051382 0.003313 -0.085726
vn -0.051382 0.003313 -0.085726
vn -0.029019 0.002566 -0.095663
vn -0.029019 0.002566 -0.095663
vn -0.029019 0.002566 -0.095663
vn -0.028577 0.017572 -0.094205
vn -0.028577 0.017572 -0.094205
vn -0.028577 0.017572 -0.094205
vn 0.003221 0.017572 -0.098391
vn 0.003221 0.017572 -0.098391
vn 0.003221 0.017572 -0.098391
vn 0.002694 0.056748 -0.082295
vn 0.002694 0.056748 -0.082295
vn 0.002694 0.056748 -0.082295
vn 0.022535 0.057136 -0.078915
vn 0.022535 0.057136 -0.078915
vn 0.022535 0.057136 -0.078915
vn 0.011095 0.091474 -0.038851
vn 0.011095 0.091474 -0.038851
vn 0.011095 0.091474 -0.038851
vn -0.022151 0.009506 -0.097051
vn -0.022151 0.009506 -0.097051
vn -0.022151 0.009506 -0.097051
vn 0.003272 -0.000989 -0.099942
vn 0.003272 -0.000989 -0.099942
vn 0.003272 -0.000989 -0.099942
vn 0.003221 0.017572 -0.098391
vn 0.003221 0.017572 -0.098391
vn 0.003221 0.017572 -0.098391
vn 0.027023 0.017745 -0.094630
vn 0.027023 0.017745 -0.094630
vn 0.027023 0.017745 -0.094630
vn 0.022535 0.057136 -0.078915
vn 0.022535 0.057136 -0.078915
vn 0.022535 0.057136 -0.078915
vn 0.022123 0.010745 -0.096928
vn 0.022123 0.010745 -0.096928
vn 0.022123 0.010745 -0.096928
vn 0.027400 0.006552 -0.095950
vn 0.027400 0.006552 -0.095950
vn 0.027400 0.006552 -0.095950
vn 0.027023 0.017745 -0.094630
vn 0.027023 0.017745 -0.094630
vn 0.027023 0.017745 -0.094630
vn 0.088655 0.008154 -0.045538
vn 0.088655 0.008154 -0.045538
vn 0.088655 0.008154 -0.045538
vn 0.089610 0.010378 -0.043154
vn 0.089610 0.010378 -0.043154
vn 0.089610 0.010378 -0.043154
vn 0.097381 -0.001154 -0.022706
vn 0.097381 -0.001154 -0.022706
vn 0.097381 -0.001154 -0.022706
vn 0.099478 0.010201 0.000000
vn 0.099478 0.010201 0.000000
vn 0.099478 0.010201 0.000000
vn 0.099510 0.001337 0.009801
vn 0.099510 0.001337 0.009801
vn 0.099510 0.001337 0.009801
vn 0.094070 0.004234 0.033659
vn 0.094070 0.004234 0.033659
vn 0.094070 0.004234 0.033659
vn 0.092660 0.017745 0.033154
vn 0.092660 0.017745 0.033154
vn 0.092660 0.017745 0.033154
vn 0.086022 0.017745 0.047805
vn 0.086022 0.017745 0.047805
vn 0.086022 0.017745 0.047805
vn 0.071737 0.057136 0.039867
vn 0.071737 0.057136 0.039867
vn 0.071737 0.057136 0.039867
vn 0.064284 0.057136 0.051020
vn 0.064284 0.057136 0.051020
vn 0.064284 0.057136 0.051020
vn 0.027715 0.093531 0.021996
vn 0.027715 0.093531 0.021996
vn 0.027715 0.093531 0.021996
vn 0.089572 0.010783 0.043135
vn 0.089572 0.010783 0.043135
vn 0.089572 0.010783 0.043135
vn 0.087235 0.006308 0.048480
vn 0.087235 0.006308 0.048480
vn 0.087235 0.006308 0.048480
vn 0.086022 0.017745 0.047805
vn 0.086022 0.017745 0.047805
vn 0.086022 0.017745 0.047805
vn 0.077086 0.017745 0.061179
vn 0.077086 0.017745 0.061179
vn 0.077086 0.017745 0.061179
vn 0.064284 0.057136 0.051020
vn 0.064284 0.057136 0.051020
vn 0.064284 0.057136 0.051020
vn 0.022157 0.009220 0.097078
vn 0.022157 0.009220 0.097078
vn 0.022157 0.009220 0.097078
vn 0.039765 0.002259 0.091726
vn 0.039765 0.002259 0.091726
vn 0.039765 0.002259 0.091726
vn 0.054136 0.004411 0.083963
vn 0.054136 0.004411 0.083963
vn 0.054136 0.004411 0.083963
vn 0.053329 0.017745 0.082711
vn 0.053329 0.017745 0.082711
vn 0.053329 0.017745 0.082711
vn 0.053329 0.017745 0.082711
vn 0.053329 0.017745 0.082711
vn 0.053329 0.017745 0.082711
vn 0.044473 0.057136 0.068976
vn 0.044473 0.057136 0.068976
vn 0.044473 0.057136 0.068976
vn 0.044473 0.057136 0.068976
vn 0.044473 0.057136 0.068976
vn 0.044473 0.057136 0.068976
vn 0.019173 0.093531 0.029737
vn 0.019173 0.093531 0.029737
vn 0.019173 0.093531 0.029737
vn 0.003713 0.099725 0.006407
vn 0.003713 0.099725 0.006407
vn 0.003713 0.099725 0.006407
vn 0.000169 0.099999 0.000494
vn 0.000169 0.099999 0.000494
vn 0.000169 0.099999 0.000494
vn 0.015682 0.002402 0.098734
vn 0.015682 0.002402 0.098734
vn 0.015682 0.002402 0.098734
vn 0.016820 0.012228 0.097814
vn 0.016820 0.012228 0.097814
vn 0.016820 0.012228 0.097814
vn 0.005284 0.037316 0.092626
vn 0.005284 0.037316 0.092626
vn 0.005284 0.037316 0.092626
vn 0.021039 0.017695 0.096147
vn 0.021039 0.017695 0.096147
vn 0.021039 0.017695 0.096147
vn 0.002925 0.077127 0.063584
vn 0.002925 0.077127 0.063584
vn 0.002925 0.077127 0.063584
vn 0.017456 0.057018 0.080276
vn 0.017456 0.057018 0.080276
vn 0.017456 0.057018 0.080276
vn 0.004206 0.093307 0.035723
vn 0.004206 0.093307 0.035723
vn 0.004206 0.093307 0.035723
vn 0.014073 0.093531 0.032463
vn 0.014073 0.093531 0.032463
vn 0.014073 0.093531 0.032463
vn 0.017212 0.092294 0.034432
vn 0.017212 0.092294 0.034432
vn 0.017212 0.092294 0.034432
vn 0.005424 0.098696 0.015153
vn 0.005424 0.098696 0.015153
vn 0.005424 0.098696 0.015153
vn -0.004231 0.099908 -0.000638
vn -0.004231 0.099908 -0.000638
vn -0.004231 0.099908 -0.000638
vn 0.002628 0.099827 0.005258
vn 0.002628 0.099827 0.005258
vn 0.002628 0.099827 0.005258
vn 0.002430 0.099963 0.001238
vn 0.002430 0.099963 0.001238
vn 0.002430 0.099963 0.001238
vn 0.003903 0.099918 -0.001114
vn 0.003903 0.099918 -0.001114
vn 0.003903 0.099918 -0.001114
vn 0.040090 0.090895 -0.011444
vn 0.040090 0.090895 -0.011444
vn 0.040090 0.090895 -0.011444
vn 0.031473 0.093531 -0.016166
vn 0.031473 0.093531 -0.016166
vn 0.031473 0.093531 -0.016166
vn 0.073003 0.057136 -0.037498
vn 0.073003 0.057136 -0.037498
vn 0.073003 0.057136 -0.037498
vn 0.065919 0.057136 -0.048889
vn 0.065919 0.057136 -0.048889
vn 0.065919 0.057136 -0.048889
vn 0.079046 0.017745 -0.058625
vn 0.079046 0.017745 -0.058625
vn 0.079046 0.017745 -0.058625
vn 0.068441 0.017745 -0.070718
vn 0.068441 0.017745 -0.070718
vn 0.068441 0.017745 -0.070718
vn 0.000399 0.099999 -0.000091
vn 0.000399 0.099999 -0.000091
vn 0.000399 0.099999 -0.000091
vn 0.006723 0.099711 -0.003527
vn 0.006723 0.099711 -0.003527
vn 0.006723 0.099711 -0.003527
vn 0.032453 0.091474 -0.024069
vn 0.032453 0.091474 -0.024069
vn 0.032453 0.091474 -0.024069
vn 0.065919 0.057136 -0.048889
vn 0.065919 0.057136 -0.048889
vn 0.065919 0.057136 -0.048889
vn 0.057075 0.057136 -0.058974
vn 0.057075 0.057136 -0.058974
vn 0.057075 0.057136 -0.058974
vn 0.068441 0.017745 -0.070718
vn 0.068441 0.017745 -0.070718
vn 0.068441 0.017745 -0.070718
vn 0.056007 0.017745 -0.080922
vn 0.056007 0.017745 -0.080922
vn 0.056007 0.017745 -0.080922
vn 0.005312 0.099781 -0.003939
vn 0.005312 0.099781 -0.003939
vn 0.005312 0.099781 -0.003939
vn 0.032453 0.091474 -0.024069
vn 0.032453 0.091474 -0.024069
vn 0.032453 0.091474 -0.024069
vn 0.024607 0.093531 -0.025425
vn 0.024607 0.093531 -0.025425
vn 0.024607 0.093531 -0.025425
vn 0.057075 0.057136 -0.058974
vn 0.057075 0.057136 -0.058974
vn 0.057075 0.057136 -0.058974
vn 0.046706 0.057136 -0.067484
vn 0.046706 0.057136 -0.067484
vn 0.046706 0.057136 -0.067484
vn 0.056007 0.017745 -0.080922
vn 0.056007 0.017745 -0.080922
vn 0.056007 0.017745 -0.080922
vn 0.000336 0.099998 -0.000454
vn 0.000336 0.099998 -0.000454
vn 0.000336 0.099998 -0.000454
vn 0.005012 0.099645 -0.006763
vn 0.005012 0.099645 -0.006763
vn 0.005012 0.099645 -0.006763
vn 0.000481 0.099996 -0.000783
vn 0.000481 0.099996 -0.000783
vn 0.000481 0.099996 -0.000783
vn -0.009232 0.098827 -0.012167
vn -0.009232 0.098827 -0.012167
vn -0.009232 0.098827 -0.012167
vn -0.021499 0.093461 -0.028334
vn -0.021499 0.093461 -0.028334
vn -0.021499 0.093461 -0.028334
vn -0.028607 0.093442 -0.021217
vn -0.028607 0.093442 -0.021217
vn -0.028607 0.093442 -0.021217
vn -0.066081 0.056846 -0.049009
vn -0.066081 0.056846 -0.049009
vn -0.066081 0.056846 -0.049009
vn -0.077462 0.056846 -0.027716
vn -0.077462 0.056846 -0.027716
vn -0.077462 0.056846 -0.027716
vn -0.092682 0.017616 -0.033162
vn -0.092682 0.017616 -0.033162
vn -0.092682 0.017616 -0.033162
vn -0.098318 0.017616 -0.004830
vn -0.098318 0.017616 -0.004830
vn -0.098318 0.017616 -0.004830
vn -0.000648 0.099998 -0.000200
vn -0.000648 0.099998 -0.000200
vn -0.000648 0.099998 -0.000200
vn -0.084432 0.017616 0.050606
vn -0.084432 0.017616 0.050606
vn -0.084432 0.017616 0.050606
vn -0.084432 0.017616 0.050606
vn -0.084432 0.017616 0.050606
vn -0.084432 0.017616 0.050606
vn -0.095486 0.017616 0.023918
vn -0.095486 0.017616 0.023918
vn -0.095486 0.017616 0.023918
vn -0.095486 0.017616 0.023918
vn -0.095486 0.017616 0.023918
vn -0.095486 0.017616 0.023918
vn -0.098318 0.017616 -0.004830
vn -0.098318 0.017616 -0.004830
vn -0.098318 0.017616 -0.004830
vn -0.070566 0.056846 0.042296
vn -0.070566 0.056846 0.042296
vn -0.070566 0.056846 0.042296
vn -0.070566 0.056846 0.042296
vn -0.070566 0.056846 0.042296
vn -0.070566 0.056846 0.042296
vn -0.079805 0.056846 0.019990
vn -0.079805 0.056846 0.019990
vn -0.079805 0.056846 0.019990
vn -0.079805 0.056846 0.019990
vn -0.079805 0.056846 0.019990
vn -0.079805 0.056846 0.019990
vn -0.082172 0.056846 -0.004037
vn -0.082172 0.056846 -0.004037
vn -0.082172 0.056846 -0.004037
vn -0.082172 0.056846 -0.004037
vn -0.082172 0.056846 -0.004037
vn -0.082172 0.056846 -0.004037
vn -0.077462 0.056846 -0.027716
vn -0.077462 0.056846 -0.027716
vn -0.077462 0.056846 -0.027716
vn -0.030549 0.093442 0.018310
vn -0.030549 0.093442 0.018310
vn -0.030549 0.093442 0.018310
vn -0.030549 0.093442 0.018310
vn -0.030549 0.093442 0.018310
vn -0.030549 0.093442 0.018310
vn -0.034549 0.093442 0.008654
vn -0.034549 0.093442 0.008654
vn -0.034549 0.093442 0.008654
vn -0.034549 0.093442 0.008654
vn -0.034549 0.093442 0.008654
vn -0.034549 0.093442 0.008654
vn -0.035573 0.093442 -0.001748
vn -0.035573 0.093442 -0.001748
vn -0.035573 0.093442 -0.001748
vn -0.035573 0.093442 -0.001748
vn -0.035573 0.093442 -0.001748
vn -0.035573 0.093442 -0.001748
vn -0.033534 0.093442 -0.011999
vn -0.033534 0.093442 -0.011999
vn -0.033534 0.093442 -0.011999
vn -0.033534 0.093442 -0.011999
vn -0.033534 0.093442 -0.011999
vn -0.033534 0.093442 -0.011999
vn -0.028607 0.093442 -0.021217
vn -0.028607 0.093442 -0.021217
vn -0.028607 0.093442 -0.021217
vn -0.003311 0.099925 0.001985
vn -0.003311 0.099925 0.001985
vn -0.003311 0.099925 0.001985
vn -0.002304 0.099958 -0.001745
vn -0.002304 0.099958 -0.001745
vn -0.002304 0.099958 -0.001745
vn -0.008397 0.099625 0.002103
vn -0.008397 0.099625 0.002103
vn -0.008397 0.099625 0.002103
vn -0.006566 0.099784 -0.000323
vn -0.006566 0.099784 -0.000323
vn -0.006566 0.099784 -0.000323
vn -0.006886 0.099759 -0.000845
vn -0.006886 0.099759 -0.000845
vn -0.006886 0.099759 -0.000845
vn -0.003830 0.099917 -0.001370
vn -0.003830 0.099917 -0.001370
vn -0.003830 0.099917 -0.001370
vn -0.002623 0.099947 -0.001945
vn -0.002623 0.099947 -0.001945
vn -0.002623 0.099947 -0.001945
vn -0.001540 0.099918 -0.003733
vn -0.001540 0.099918 -0.003733
vn -0.001540 0.099918 -0.003733
vn -0.023902 0.056747 -0.078794
vn -0.023902 0.056747 -0.078794
vn -0.023902 0.056747 -0.078794
vn -0.023902 0.056748 -0.078794
vn -0.023902 0.056748 -0.078794
vn -0.023902 0.056748 -0.078794
vn -0.042192 0.057136 -0.070394
vn -0.042192 0.057136 -0.070394
vn -0.042192 0.057136 -0.070394
vn -0.010362 0.093412 -0.034159
vn -0.010362 0.093412 -0.034159
vn -0.010362 0.093412 -0.034159
vn 0.001168 0.093412 -0.035677
vn 0.001168 0.093412 -0.035677
vn 0.001168 0.093412 -0.035677
vn 0.000271 0.099656 -0.008281
vn 0.000271 0.099656 -0.008281
vn 0.000271 0.099656 -0.008281
vn 0.001168 0.093412 -0.035677
vn 0.001168 0.093412 -0.035677
vn 0.001168 0.093412 -0.035677
vn 0.002694 0.056747 -0.082295
vn 0.002694 0.056747 -0.082295
vn 0.002694 0.056747 -0.082295
vn -0.050594 0.017745 -0.084412
vn -0.050594 0.017745 -0.084412
vn -0.050594 0.017745 -0.084412
vn -0.028577 0.017572 -0.094205
vn -0.028577 0.017572 -0.094205
vn -0.028577 0.017572 -0.094205
vn -0.050594 0.017745 -0.084412
vn -0.050594 0.017745 -0.084412
vn -0.050594 0.017745 -0.084412
vn 0.002143 0.099784 -0.006204
vn 0.002143 0.099784 -0.006204
vn 0.002143 0.099784 -0.006204
vn 0.011615 0.093461 -0.033618
vn 0.011615 0.093461 -0.033618
vn 0.011615 0.093461 -0.033618
vn 0.046706 0.057136 -0.067484
vn 0.046706 0.057136 -0.067484
vn 0.046706 0.057136 -0.067484
vn 0.022994 0.091474 -0.033223
vn 0.022994 0.091474 -0.033223
vn 0.022994 0.091474 -0.033223
vn 0.022994 0.091474 -0.033223
vn 0.022994 0.091474 -0.033223
vn 0.022994 0.091474 -0.033223
vn 0.005349 0.099557 -0.007729
vn 0.005349 0.099557 -0.007729
vn 0.005349 0.099557 -0.007729
vn 0.095872 0.017572 -0.022354
vn 0.095872 0.017572 -0.022354
vn 0.095872 0.017572 -0.022354
vn 0.095872 0.017572 -0.022354
vn 0.095872 0.017572 -0.022354
vn 0.095872 0.017572 -0.022354
vn 0.087540 0.017745 -0.044965
vn 0.087540 0.017745 -0.044965
vn 0.087540 0.017745 -0.044965
vn 0.080188 0.056748 -0.018697
vn 0.080188 0.056748 -0.018697
vn 0.080188 0.056748 -0.018697
vn 0.081943 0.056748 0.008071
vn 0.081943 0.056748 0.008071
vn 0.081943 0.056748 0.008071
vn 0.043617 0.089884 0.004296
vn 0.043617 0.089884 0.004296
vn 0.043617 0.089884 0.004296
vn 0.097970 0.017572 0.009649
vn 0.097970 0.017572 0.009649
vn 0.097970 0.017572 0.009649
vn 0.097970 0.017572 0.009649
vn 0.097970 0.017572 0.009649
vn 0.097970 0.017572 0.009649
vn 0.092660 0.017745 0.033154
vn 0.092660 0.017745 0.033154
vn 0.092660 0.017745 0.033154
vn 0.081943 0.056748 0.008071
vn 0.081943 0.056748 0.008071
vn 0.081943 0.056748 0.008071
vn 0.077272 0.057136 0.027649
vn 0.077272 0.057136 0.027649
vn 0.077272 0.057136 0.027649
vn 0.033314 0.093531 0.011920
vn 0.033314 0.093531 0.011920
vn 0.033314 0.093531 0.011920
vn 0.035317 0.091474 0.019627
vn 0.035317 0.091474 0.019627
vn 0.035317 0.091474 0.019627
vn 0.002953 0.099943 0.001641
vn 0.002953 0.099943 0.001641
vn 0.002953 0.099943 0.001641
vn -0.003045 0.099807 0.005421
vn -0.003045 0.099807 0.005421
vn -0.003045 0.099807 0.005421
vn 0.077272 0.057136 0.027649
vn 0.077272 0.057136 0.027649
vn 0.077272 0.057136 0.027649
vn 0.078313 0.002013 0.062153
vn 0.078313 0.002013 0.062153
vn 0.078313 0.002013 0.062153
vn 0.077086 0.017745 0.061179
vn 0.077086 0.017745 0.061179
vn 0.077086 0.017745 0.061179
vn 0.071737 0.057136 0.039867
vn 0.071737 0.057136 0.039867
vn 0.071737 0.057136 0.039867
vn 0.035317 0.091474 0.019627
vn 0.035317 0.091474 0.019627
vn 0.035317 0.091474 0.019627
vn 0.039144 0.017745 0.090293
vn 0.039144 0.017745 0.090293
vn 0.039144 0.017745 0.090293
vn 0.039144 0.017745 0.090293
vn 0.039144 0.017745 0.090293
vn 0.039144 0.017745 0.090293
vn 0.032643 0.057136 0.075299
vn 0.032643 0.057136 0.075299
vn 0.032643 0.057136 0.075299
vn 0.032643 0.057136 0.075299
vn 0.032643 0.057136 0.075299
vn 0.032643 0.057136 0.075299
vn -0.063669 0.017745 -0.075043
vn -0.063669 0.017745 -0.075043
vn -0.063669 0.017745 -0.075043
vn -0.000000 0.100000 0.000001
vn -0.000000 0.100000 0.000001
vn -0.000000 0.100000 0.000001
vn -0.000000 0.100000 0.000000
vn -0.000000 0.100000 0.000000
vn -0.000000 0.100000 0.000000
vn -0.000000 0.100000 0.000000
vn -0.000000 0.100000 0.000000
vn -0.000000 0.100000 0.000000
vn -0.000006 0.100000 0.000006
vn -0.000006 0.100000 0.000006
vn -0.000006 0.100000 0.000006
vn -0.000001 0.100000 0.000001
vn -0.000001 0.100000 0.000001
vn -0.000001 0.100000 0.000001
vn -0.000008 0.100000 0.000001
vn -0.000008 0.100000 0.000001
vn -0.000008 0.100000 0.000001
vn -0.000001 0.100000 -0.000000
vn -0.000001 0.100000 -0.000000
vn -0.000001 0.100000 -0.000000
vn -0.000000 0.100000 -0.000000
vn -0.000000 0.100000 -0.000000
vn -0.000000 0.100000 -0.000000
vn -0.000000 0.100000 -0.000000
vn -0.000000 0.100000 -0.000000
vn -0.000000 0.100000 -0.000000
vn -0.000002 0.100000 -0.000001
vn -0.000002 0.100000 -0.000001
vn -0.000002 0.100000 -0.000001
vn -0.000000 0.100000 -0.000000
vn -0.000000 0.100000 -0.000000
vn -0.000000 0.100000 -0.000000
vn -0.000000 0.100000 -0.000000
vn -0.000000 0.100000 -0.000000
vn -0.000000 0.100000 -0.000000
vn -0.000000 0.100000 0.000000
vn -0.000000 0.100000 0.000000
vn -0.000000 0.100000 0.000000
vn -0.000000 0.100000 -0.000000
vn -0.000000 0.100000 -0.000000
vn -0.000000 0.100000 -0.000000
vn 0.000000 0.100000 -0.000001
vn 0.000000 0.100000 -0.000001
vn 0.000000 0.100000 -0.000001
vn 0.000000 0.100000 -0.000000
vn 0.000000 0.100000 -0.000000
vn 0.000000 0.100000 -0.000000
vn 0.000000 0.100000 -0.000000
vn 0.000000 0.100000 -0.000000
vn 0.000000 0.100000 -0.000000
vn 0.000000 0.100000 -0.000000
vn 0.000000 0.100000 -0.000000
vn 0.000000 0.100000 -0.000000
vn 0.000002 0.100000 -0.000001
vn 0.000002 0.100000 -0.000001
vn 0.000002 0.100000 -0.000001
vn 0.000000 0.100000 -0.000000
vn 0.000000 0.100000 -0.000000
vn 0.000000 0.100000 -0.000000
vn 0.000004 0.100000 0.000001
vn 0.000004 0.100000 0.000001
vn 0.000004 0.100000 0.000001
vn 0.000000 0.100000 -0.000000
vn 0.000000 0.100000 -0.000000
vn 0.000000 0.100000 -0.000000
vn 0.000000 0.100000 0.000000
vn 0.000000 0.100000 0.000000
vn 0.000000 0.100000 0.000000
vn 0.000000 0.100000 0.000000
vn 0.000000 0.100000 0.000000
vn 0.000000 0.100000 0.000000
vn 0.000001 0.100000 0.000002
vn 0.000001 0.100000 0.000002
vn 0.000001 0.100000 0.000002
vn 0.000000 0.100000 0.000000
vn 0.000000 0.100000 0.000000
vn 0.000000 0.100000 0.000000
vn 0.000167 0.100000 0.000109
vn 0.000167 0.100000 0.000109
vn 0.000167 0.100000 0.000109
usemtl Rubber_-_Weathered
f 1/1/1 2/2/2 3/3/3
f 3/4/4 2/5/5 4/6/6
f 3/7/7 4/8/8 5/9/9
f 5/10/10 4/11/11 6/12/12
f 5/13/13 6/14/14 7/15/15
f 5/16/16 7/17/17 8/18/18
f 8/19/19 7/20/20 9/21/21
f 8/22/22 9/23/23 10/24/24
f 4/25/25 11/26/26 6/27/27
f 9/28/28 7/29/29 12/30/30
f 12/31/31 7/32/32 13/33/33
f 2/34/34 14/35/35 4/36/36
f 4/37/37 14/38/38 15/39/39
f 4/40/40 15/41/41 11/42/42
f 11/43/43 15/44/44 16/45/45
f 16/46/46 15/47/47 17/48/48
f 17/49/49 15/50/50 18/51/51
f 17/52/52 18/53/53 19/54/54
f 19/55/55 18/56/56 20/57/57
f 20/58/58 18/59/59 14/60/60
f 14/61/61 18/62/62 15/63/63
f 19/64/64 21/65/65 17/66/66
f 1/67/67 22/68/68 23/69/69
f 23/70/70 22/71/71 24/72/72
f 23/73/73 24/74/74 2/75/75
f 2/76/76 1/77/77 23/78/78
f 11/79/79 25/80/80 26/81/81
f 26/82/82 25/83/83 27/84/84
f 26/85/85 27/86/86 6/87/87
f 6/88/88 11/89/89 26/90/90
f 6/91/91 27/92/92 28/93/93
f 28/94/94 27/95/95 29/96/96
f 28/97/97 29/98/98 7/99/99
f 7/100/100 29/101/101 13/102/102
f 13/103/103 29/104/104 30/105/105
f 7/106/106 6/107/107 28/108/108
f 13/109/109 30/110/110 31/111/111
f 31/112/112 30/113/113 32/114/114
f 31/115/115 32/116/116 12/117/117
f 12/118/118 32/119/119 33/120/120
f 12/121/121 33/122/122 9/123/123
f 31/124/124 12/125/125 13/126/126
f 9/127/127 33/128/128 34/129/129
f 34/130/130 33/131/131 35/132/132
f 34/133/133 35/134/134 10/135/135
f 10/136/136 9/137/137 34/138/138
f 10/139/139 35/140/140 36/141/141
f 36/142/142 35/143/143 37/144/144
f 36/145/145 37/146/146 8/147/147
f 8/148/148 10/149/149 36/150/150
f 8/151/151 37/152/152 38/153/153
f 38/154/154 37/155/155 39/156/156
f 38/157/157 39/158/158 3/159/159
f 3/160/160 39/161/161 22/162/162
f 3/163/163 22/164/164 1/165/165
f 38/166/166 3/167/167 5/168/168
f 38/169/169 5/170/170 8/171/171
f 2/172/172 24/173/173 40/174/174
f 40/175/175 24/176/176 41/177/177
f 40/178/178 41/179/179 42/180/180
f 42/181/181 41/182/182 43/183/183
f 42/184/184 43/185/185 20/186/186
f 20/187/187 14/188/188 42/189/189
f 42/190/190 14/191/191 40/192/192
f 14/193/193 2/194/194 40/195/195
f 20/196/196 43/197/197 44/198/198
f 44/199/199 43/200/200 45/201/201
f 19/202/202 44/203/203 21/204/204
f 21/205/205 44/206/206 46/207/207
f 46/208/208 44/209/209 45/210/210
f 19/211/211 20/212/212 44/213/213
f 47/214/214 48/215/215 46/216/216
f 46/217/217 48/218/218 21/219/219
f 21/220/220 48/221/221 17/222/222
f 17/223/223 48/224/224 49/225/225
f 17/226/226 49/227/227 16/228/228
f 16/229/229 49/230/230 25/231/231
f 16/232/232 25/233/233 11/234/234
f 48/235/235 47/236/236 49/237/237
f 49/238/238 47/239/239 25/240/240
f 50/241/241 51/242/242 52/243/243
f 52/244/244 51/245/245 53/246/246
f 53/247/247 51/248/248 54/249/249
f 54/250/250 51/251/251 55/252/252
f 54/253/253 55/254/254 56/255/255
f 56/256/256 55/257/257 57/258/258
f 56/259/259 57/260/260 58/261/261
f 56/262/262 58/263/263 59/264/264
f 54/265/265 60/266/266 53/267/267
f 55/268/268 61/269/269 57/270/270
f 57/271/271 61/272/272 62/273/273
f 57/274/274 62/275/275 63/276/276
f 63/277/277 62/278/278 64/279/279
f 63/280/280 64/281/281 65/282/282
f 65/283/283 64/284/284 66/285/285
f 65/286/286 66/287/287 67/288/288
f 61/289/289 68/290/290 62/291/291
f 62/292/292 68/293/293 64/294/294
f 67/295/295 63/296/296 65/297/297
f 63/298/298 58/299/299 57/300/300
f 69/301/301 70/302/302 50/303/303
f 50/304/304 70/305/305 51/306/306
f 51/307/307 70/308/308 71/309/309
f 51/310/310 71/311/311 55/312/312
f 58/313/313 72/314/314 73/315/315
f 73/316/316 72/317/317 74/318/318
f 73/319/319 74/320/320 59/321/321
f 59/322/322 58/323/323 73/324/324
f 59/325/325 74/326/326 75/327/327
f 75/328/328 74/329/329 76/330/330
f 56/331/331 75/332/332 54/333/333
f 54/334/334 75/335/335 77/336/336
f 77/337/337 75/338/338 76/339/339
f 75/340/340 56/341/341 59/342/342
f 54/343/343 77/344/344 78/345/345
f 78/346/346 77/347/347 79/348/348
f 78/349/349 79/350/350 60/351/351
f 60/352/352 54/353/353 78/354/354
f 60/355/355 79/356/356 80/357/357
f 80/358/358 79/359/359 81/360/360
f 80/361/361 81/362/362 53/363/363
f 53/364/364 60/365/365 80/366/366
f 81/367/367 82/368/368 53/369/369
f 53/370/370 82/371/371 83/372/372
f 53/373/373 83/374/374 52/375/375
f 52/376/376 83/377/377 50/378/378
f 50/379/379 83/380/380 69/381/381
f 69/382/382 83/383/383 82/384/384
f 84/385/385 85/386/386 71/387/387
f 85/388/388 84/389/389 61/390/390
f 55/391/391 85/392/392 61/393/393
f 85/394/394 55/395/395 71/396/396
f 61/397/397 84/398/398 86/399/399
f 86/400/400 84/401/401 87/402/402
f 86/403/403 87/404/404 88/405/405
f 88/406/406 87/407/407 89/408/408
f 88/409/409 89/410/410 66/411/411
f 66/412/412 64/413/413 88/414/414
f 88/415/415 64/416/416 86/417/417
f 64/418/418 68/419/419 86/420/420
f 86/421/421 68/422/422 61/423/423
f 66/424/424 89/425/425 90/426/426
f 90/427/427 89/428/428 91/429/429
f 90/430/430 91/431/431 67/432/432
f 90/433/433 67/434/434 66/435/435
f 67/436/436 91/437/437 92/438/438
f 92/439/439 91/440/440 93/441/441
f 92/442/442 93/443/443 94/444/444
f 94/445/445 93/446/446 72/447/447
f 94/448/448 72/449/449 58/450/450
f 58/451/451 63/452/452 94/453/453
f 94/454/454 63/455/455 92/456/456
f 63/457/457 67/458/458 92/459/459
f 95/460/460 96/461/461 97/462/462
f 97/463/463 96/464/464 98/465/465
f 97/466/466 98/467/467 99/468/468
f 99/469/469 98/470/470 100/471/471
f 99/472/472 100/473/473 101/474/474
f 101/475/475 100/476/476 102/477/477
f 102/478/478 100/479/479 103/480/480
f 102/481/481 103/482/482 104/483/483
f 104/484/484 103/485/485 105/486/486
f 104/487/487 105/488/488 106/489/489
f 96/490/490 95/491/491 107/492/492
f 107/493/493 95/494/494 108/495/495
f 108/496/496 95/497/497 43/498/498
f 108/499/499 43/500/500 41/501/501
f 95/502/502 109/503/503 43/504/504
f 43/505/505 109/506/506 45/507/507
f 45/508/508 109/509/509 110/510/510
f 45/511/511 110/512/512 46/513/513
f 46/514/514 110/515/515 111/516/516
f 111/517/517 110/518/518 112/519/519
f 111/520/520 112/521/521 113/522/522
f 110/523/523 114/524/524 112/525/525
f 112/526/526 114/527/527 115/528/528
f 115/529/529 114/530/530 116/531/531
f 115/532/532 116/533/533 117/534/534
f 117/535/535 116/536/536 118/537/537
f 118/538/538 116/539/539 119/540/540
f 118/541/541 119/542/542 120/543/543
f 116/544/544 121/545/545 119/546/546
f 119/547/547 121/548/548 122/549/549
f 122/550/550 121/551/551 123/552/552
f 122/553/553 123/554/554 124/555/555
f 124/556/556 123/557/557 125/558/558
f 125/559/559 123/560/560 126/561/561
f 125/562/562 126/563/563 127/564/564
f 123/565/565 128/566/566 126/567/567
f 126/568/568 128/569/569 129/570/570
f 129/571/571 128/572/572 130/573/573
f 129/574/574 130/575/575 131/576/576
f 131/577/577 130/578/578 132/579/579
f 132/580/580 130/581/581 133/582/582
f 132/583/583 133/584/584 134/585/585
f 130/586/586 135/587/587 133/588/588
f 133/589/589 135/590/590 136/591/591
f 136/592/592 135/593/593 137/594/594
f 136/595/595 137/596/596 138/597/597
f 138/598/598 137/599/599 139/600/600
f 139/601/601 137/602/602 140/603/603
f 139/604/604 140/605/605 141/606/606
f 137/607/607 142/608/608 140/609/609
f 140/610/610 142/611/611 143/612/612
f 143/613/613 142/614/614 144/615/615
f 143/616/616 144/617/617 145/618/618
f 145/619/619 144/620/620 146/621/621
f 146/622/622 144/623/623 147/624/624
f 146/625/625 147/626/626 148/627/627
f 144/628/628 149/629/629 147/630/630
f 147/631/631 149/632/632 150/633/633
f 150/634/634 149/635/635 151/636/636
f 151/637/637 149/638/638 152/639/639
f 151/640/640 152/641/641 153/642/642
f 153/643/643 152/644/644 154/645/645
f 153/646/646 154/647/647 155/648/648
f 152/649/649 156/650/650 154/651/651
f 154/652/652 156/653/653 157/654/654
f 157/655/655 156/656/656 158/657/657
f 158/658/658 156/659/659 159/660/660
f 158/661/661 159/662/662 160/663/663
f 160/664/664 159/665/665 161/666/666
f 160/667/667 161/668/668 162/669/669
f 161/670/670 159/671/671 163/672/672
f 163/673/673 159/674/674 99/675/675
f 163/676/676 99/677/677 101/678/678
f 108/679/679 41/680/680 164/681/681
f 164/682/682 41/683/683 24/684/684
f 164/685/685 24/686/686 165/687/687
f 164/688/688 165/689/689 166/690/690
f 166/691/691 165/692/692 167/693/693
f 166/694/694 167/695/695 168/696/696
f 168/697/697 169/698/698 166/699/699
f 166/700/700 169/701/701 164/702/702
f 164/703/703 169/704/704 108/705/705
f 108/706/706 169/707/707 107/708/708
f 98/709/709 170/710/710 100/711/711
f 100/712/712 170/713/713 103/714/714
f 170/715/715 171/716/716 103/717/717
f 103/718/718 171/719/719 105/720/720
f 106/721/721 172/722/722 104/723/723
f 104/724/724 172/725/725 102/726/726
f 160/727/727 162/728/728 173/729/729
f 173/730/730 162/731/731 174/732/732
f 173/733/733 174/734/734 175/735/735
f 173/736/736 175/737/737 176/738/738
f 176/739/739 175/740/740 177/741/741
f 176/742/742 177/743/743 178/744/744
f 178/745/745 179/746/746 176/747/747
f 176/748/748 179/749/749 173/750/750
f 173/751/751 179/752/752 160/753/753
f 160/754/754 179/755/755 158/756/756
f 153/757/757 155/758/758 180/759/759
f 180/760/760 155/761/761 181/762/762
f 180/763/763 181/764/764 182/765/765
f 180/766/766 182/767/767 183/768/768
f 183/769/769 182/770/770 184/771/771
f 183/772/772 184/773/773 185/774/774
f 185/775/775 186/776/776 183/777/777
f 183/778/778 186/779/779 180/780/780
f 180/781/781 186/782/782 153/783/783
f 153/784/784 186/785/785 151/786/786
f 146/787/787 148/788/788 187/789/789
f 187/790/790 148/791/791 188/792/792
f 187/793/793 188/794/794 189/795/795
f 187/796/796 189/797/797 190/798/798
f 190/799/799 189/800/800 191/801/801
f 190/802/802 191/803/803 192/804/804
f 192/805/805 193/806/806 190/807/807
f 190/808/808 193/809/809 187/810/810
f 187/811/811 193/812/812 146/813/813
f 146/814/814 193/815/815 145/816/816
f 139/817/817 141/818/818 194/819/819
f 194/820/820 141/821/821 195/822/822
f 194/823/823 195/824/824 196/825/825
f 194/826/826 196/827/827 197/828/828
f 197/829/829 196/830/830 198/831/831
f 197/832/832 198/833/833 199/834/834
f 199/835/835 200/836/836 197/837/837
f 197/838/838 200/839/839 194/840/840
f 132/841/841 134/842/842 201/843/843
f 201/844/844 134/845/845 202/846/846
f 201/847/847 202/848/848 203/849/849
f 201/850/850 203/851/851 204/852/852
f 204/853/853 203/854/854 205/855/855
f 204/856/856 205/857/857 206/858/858
f 206/859/859 207/860/860 204/861/861
f 204/862/862 207/863/863 201/864/864
f 201/865/865 207/866/866 132/867/867
f 132/868/868 207/869/869 131/870/870
f 125/871/871 127/872/872 208/873/873
f 208/874/874 127/875/875 209/876/876
f 208/877/877 209/878/878 210/879/879
f 208/880/880 210/881/881 211/882/882
f 211/883/883 210/884/884 212/885/885
f 211/886/886 212/887/887 213/888/888
f 213/889/889 214/890/890 211/891/891
f 211/892/892 214/893/893 208/894/894
f 208/895/895 214/896/896 125/897/897
f 125/898/898 214/899/899 124/900/900
f 118/901/901 120/902/902 215/903/903
f 215/904/904 120/905/905 216/906/906
f 215/907/907 216/908/908 217/909/909
f 215/910/910 217/911/911 218/912/912
f 218/913/913 217/914/914 219/915/915
f 218/916/916 219/917/917 220/918/918
f 220/919/919 221/920/920 218/921/921
f 218/922/922 221/923/923 215/924/924
f 215/925/925 221/926/926 118/927/927
f 118/928/928 221/929/929 117/930/930
f 111/931/931 113/932/932 222/933/933
f 222/934/934 113/935/935 223/936/936
f 222/937/937 223/938/938 224/939/939
f 222/940/940 224/941/941 225/942/942
f 225/943/943 224/944/944 226/945/945
f 225/946/946 226/947/947 25/948/948
f 25/949/949 47/950/950 225/951/951
f 225/952/952 47/953/953 222/954/954
f 222/955/955 47/956/956 111/957/957
f 111/958/958 47/959/959 46/960/960
f 138/961/961 139/962/962 200/963/963
f 200/964/964 139/965/965 194/966/966
f 227/967/967 89/968/968 228/969/969
f 228/970/970 89/971/971 229/972/972
f 228/973/973 229/974/974 230/975/975
f 230/976/976 229/977/977 231/978/978
f 231/979/979 229/980/980 232/981/981
f 231/982/982 232/983/983 233/984/984
f 233/985/985 232/986/986 234/987/987
f 234/988/988 232/989/989 235/990/990
f 234/991/991 235/992/992 236/993/993
f 236/994/994 235/995/995 84/996/996
f 236/997/997 84/998/998 71/999/999
f 89/1000/1000 227/1001/1001 91/1002/1002
f 237/1003/1003 238/1004/1004 227/1005/1005
f 227/1006/1006 238/1007/1007 239/1008/1008
f 227/1009/1009 239/1010/1010 91/1011/1011
f 91/1012/1012 239/1013/1013 93/1014/1014
f 93/1015/1015 239/1016/1016 240/1017/1017
f 93/1018/1018 240/1019/1019 72/1020/1020
f 72/1021/1021 240/1022/1022 241/1023/1023
f 241/1024/1024 240/1025/1025 242/1026/1026
f 241/1027/1027 242/1028/1028 243/1029/1029
f 243/1030/1030 242/1031/1031 244/1032/1032
f 243/1033/1033 244/1034/1034 245/1035/1035
f 238/1036/1036 237/1037/1037 246/1038/1038
f 247/1039/1039 248/1040/1040 237/1041/1041
f 237/1042/1042 248/1043/1043 249/1044/1044
f 237/1045/1045 249/1046/1046 246/1047/1047
f 246/1048/1048 249/1049/1049 250/1050/1050
f 250/1051/1051 249/1052/1052 251/1053/1053
f 250/1054/1054 251/1055/1055 252/1056/1056
f 252/1057/1057 251/1058/1058 253/1059/1059
f 253/1060/1060 251/1061/1061 254/1062/1062
f 253/1063/1063 254/1064/1064 255/1065/1065
f 255/1066/1066 254/1067/1067 256/1068/1068
f 255/1069/1069 256/1070/1070 257/1071/1071
f 248/1072/1072 247/1073/1073 258/1074/1074
f 259/1075/1075 260/1076/1076 247/1077/1077
f 247/1078/1078 260/1079/1079 261/1080/1080
f 247/1081/1081 261/1082/1082 258/1083/1083
f 258/1084/1084 261/1085/1085 262/1086/1086
f 262/1087/1087 261/1088/1088 263/1089/1089
f 262/1090/1090 263/1091/1091 264/1092/1092
f 264/1093/1093 263/1094/1094 265/1095/1095
f 265/1096/1096 263/1097/1097 266/1098/1098
f 265/1099/1099 266/1100/1100 267/1101/1101
f 267/1102/1102 266/1103/1103 268/1104/1104
f 267/1105/1105 268/1106/1106 269/1107/1107
f 260/1108/1108 259/1109/1109 270/1110/1110
f 270/1111/1111 259/1112/1112 271/1113/1113
f 272/1114/1114 273/1115/1115 271/1116/1116
f 271/1117/1117 273/1118/1118 274/1119/1119
f 271/1120/1120 274/1121/1121 270/1122/1122
f 270/1123/1123 274/1124/1124 275/1125/1125
f 275/1126/1126 274/1127/1127 276/1128/1128
f 275/1129/1129 276/1130/1130 277/1131/1131
f 277/1132/1132 276/1133/1133 278/1134/1134
f 278/1135/1135 276/1136/1136 279/1137/1137
f 278/1138/1138 279/1139/1139 280/1140/1140
f 280/1141/1141 279/1142/1142 281/1143/1143
f 280/1144/1144 281/1145/1145 282/1146/1146
f 273/1147/1147 272/1148/1148 283/1149/1149
f 283/1150/1150 272/1151/1151 284/1152/1152
f 285/1153/1153 286/1154/1154 284/1155/1155
f 284/1156/1156 286/1157/1157 287/1158/1158
f 284/1159/1159 287/1160/1160 283/1161/1161
f 283/1162/1162 287/1163/1163 288/1164/1164
f 288/1165/1165 287/1166/1166 289/1167/1167
f 288/1168/1168 289/1169/1169 290/1170/1170
f 290/1171/1171 289/1172/1172 291/1173/1173
f 291/1174/1174 289/1175/1175 292/1176/1176
f 291/1177/1177 292/1178/1178 293/1179/1179
f 293/1180/1180 292/1181/1181 294/1182/1182
f 293/1183/1183 294/1184/1184 295/1185/1185
f 286/1186/1186 285/1187/1187 296/1188/1188
f 296/1189/1189 285/1190/1190 297/1191/1191
f 297/1192/1192 298/1193/1193 299/1194/1194
f 297/1195/1195 299/1196/1196 296/1197/1197
f 296/1198/1198 299/1199/1199 300/1200/1200
f 300/1201/1201 299/1202/1202 301/1203/1203
f 300/1204/1204 301/1205/1205 302/1206/1206
f 302/1207/1207 301/1208/1208 303/1209/1209
f 303/1210/1210 301/1211/1211 304/1212/1212
f 303/1213/1213 304/1214/1214 305/1215/1215
f 305/1216/1216 304/1217/1217 306/1218/1218
f 305/1219/1219 306/1220/1220 307/1221/1221
f 298/1222/1222 297/1223/1223 308/1224/1224
f 308/1225/1225 297/1226/1226 309/1227/1227
f 308/1228/1228 309/1229/1229 310/1230/1230
f 311/1231/1231 312/1232/1232 310/1233/1233
f 310/1234/1234 312/1235/1235 313/1236/1236
f 310/1237/1237 313/1238/1238 308/1239/1239
f 308/1240/1240 313/1241/1241 314/1242/1242
f 314/1243/1243 313/1244/1244 315/1245/1245
f 314/1246/1246 315/1247/1247 316/1248/1248
f 316/1249/1249 315/1250/1250 317/1251/1251
f 317/1252/1252 315/1253/1253 318/1254/1254
f 317/1255/1255 318/1256/1256 319/1257/1257
f 319/1258/1258 318/1259/1259 320/1260/1260
f 319/1261/1261 320/1262/1262 321/1263/1263
f 312/1264/1264 311/1265/1265 322/1266/1266
f 323/1267/1267 324/1268/1268 311/1269/1269
f 311/1270/1270 324/1271/1271 325/1272/1272
f 311/1273/1273 325/1274/1274 322/1275/1275
f 322/1276/1276 325/1277/1277 326/1278/1278
f 326/1279/1279 325/1280/1280 327/1281/1281
f 326/1282/1282 327/1283/1283 328/1284/1284
f 328/1285/1285 327/1286/1286 329/1287/1287
f 329/1288/1288 327/1289/1289 330/1290/1290
f 329/1291/1291 330/1292/1292 331/1293/1293
f 331/1294/1294 330/1295/1295 332/1296/1296
f 331/1297/1297 332/1298/1298 333/1299/1299
f 324/1300/1300 323/1301/1301 334/1302/1302
f 228/1303/1303 335/1304/1304 323/1305/1305
f 323/1306/1306 335/1307/1307 336/1308/1308
f 323/1309/1309 336/1310/1310 334/1311/1311
f 334/1312/1312 336/1313/1313 337/1314/1314
f 337/1315/1315 336/1316/1316 338/1317/1317
f 337/1318/1318 338/1319/1319 339/1320/1320
f 339/1321/1321 338/1322/1322 340/1323/1323
f 340/1324/1324 338/1325/1325 341/1326/1326
f 340/1327/1327 341/1328/1328 342/1329/1329
f 342/1330/1330 341/1331/1331 343/1332/1332
f 342/1333/1333 343/1334/1334 344/1335/1335
f 335/1336/1336 228/1337/1337 230/1338/1338
f 335/1339/1339 345/1340/1340 336/1341/1341
f 336/1342/1342 345/1343/1343 338/1344/1344
f 338/1345/1345 345/1346/1346 341/1347/1347
f 341/1348/1348 345/1349/1349 343/1350/1350
f 324/1351/1351 346/1352/1352 325/1353/1353
f 325/1354/1354 346/1355/1355 327/1356/1356
f 327/1357/1357 346/1358/1358 330/1359/1359
f 330/1360/1360 346/1361/1361 332/1362/1362
f 312/1363/1363 347/1364/1364 313/1365/1365
f 313/1366/1366 347/1367/1367 315/1368/1368
f 315/1369/1369 347/1370/1370 318/1371/1371
f 318/1372/1372 347/1373/1373 320/1374/1374
f 298/1375/1375 348/1376/1376 299/1377/1377
f 299/1378/1378 348/1379/1379 301/1380/1380
f 301/1381/1381 348/1382/1382 304/1383/1383
f 304/1384/1384 348/1385/1385 306/1386/1386
f 286/1387/1387 349/1388/1388 287/1389/1389
f 287/1390/1390 349/1391/1391 289/1392/1392
f 289/1393/1393 349/1394/1394 292/1395/1395
f 292/1396/1396 349/1397/1397 294/1398/1398
f 273/1399/1399 350/1400/1400 274/1401/1401
f 274/1402/1402 350/1403/1403 276/1404/1404
f 276/1405/1405 350/1406/1406 279/1407/1407
f 279/1408/1408 350/1409/1409 281/1410/1410
f 260/1411/1411 351/1412/1412 261/1413/1413
f 261/1414/1414 351/1415/1415 263/1416/1416
f 263/1417/1417 351/1418/1418 266/1419/1419
f 266/1420/1420 351/1421/1421 268/1422/1422
f 248/1423/1423 352/1424/1424 249/1425/1425
f 249/1426/1426 352/1427/1427 251/1428/1428
f 251/1429/1429 352/1430/1430 254/1431/1431
f 254/1432/1432 352/1433/1433 256/1434/1434
f 238/1435/1435 353/1436/1436 239/1437/1437
f 239/1438/1438 353/1439/1439 240/1440/1440
f 240/1441/1441 353/1442/1442 242/1443/1443
f 242/1444/1444 353/1445/1445 244/1446/1446
f 89/1447/1447 87/1448/1448 229/1449/1449
f 229/1450/1450 87/1451/1451 232/1452/1452
f 232/1453/1453 87/1454/1454 235/1455/1455
f 235/1456/1456 87/1457/1457 84/1458/1458
f 71/1459/1459 70/1460/1460 236/1461/1461
f 70/1462/1462 69/1463/1463 236/1464/1464
f 236/1465/1465 69/1466/1466 234/1467/1467
f 234/1468/1468 69/1469/1469 39/1470/1470
f 234/1471/1471 39/1472/1472 35/1473/1473
f 35/1474/1474 39/1475/1475 37/1476/1476
f 82/1477/1477 39/1478/1478 69/1479/1479
f 39/1480/1480 82/1481/1481 22/1482/1482
f 22/1483/1483 82/1484/1484 81/1485/1485
f 22/1486/1486 81/1487/1487 165/1488/1488
f 165/1489/1489 81/1490/1490 79/1491/1491
f 165/1492/1492 79/1493/1493 167/1494/1494
f 167/1495/1495 79/1496/1496 354/1497/1497
f 167/1498/1498 354/1499/1499 355/1500/1500
f 77/1501/1501 76/1502/1502 79/1503/1503
f 79/1504/1504 76/1505/1505 354/1506/1506
f 354/1507/1507 76/1508/1508 356/1509/1509
f 356/1510/1510 76/1511/1511 74/1512/1512
f 356/1513/1513 74/1514/1514 357/1515/1515
f 357/1516/1516 74/1517/1517 241/1518/1518
f 357/1519/1519 241/1520/1520 358/1521/1521
f 358/1522/1522 241/1523/1523 359/1524/1524
f 74/1525/1525 72/1526/1526 241/1527/1527
f 359/1528/1528 241/1529/1529 360/1530/1530
f 360/1531/1531 241/1532/1532 243/1533/1533
f 360/1534/1534 243/1535/1535 361/1536/1536
f 361/1537/1537 243/1538/1538 245/1539/1539
f 362/1540/1540 359/1541/1541 360/1542/1542
f 359/1543/1543 362/1544/1544 363/1545/1545
f 363/1546/1546 362/1547/1547 364/1548/1548
f 363/1549/1549 364/1550/1550 105/1551/1551
f 105/1552/1552 364/1553/1553 365/1554/1554
f 105/1555/1555 365/1556/1556 106/1557/1557
f 106/1558/1558 365/1559/1559 366/1560/1560
f 106/1561/1561 366/1562/1562 367/1563/1563
f 368/1564/1564 369/1565/1565 365/1566/1566
f 365/1567/1567 369/1568/1568 366/1569/1569
f 366/1570/1570 369/1571/1571 370/1572/1572
f 370/1573/1573 369/1574/1574 371/1575/1575
f 370/1576/1576 371/1577/1577 372/1578/1578
f 372/1579/1579 371/1580/1580 253/1581/1581
f 372/1582/1582 253/1583/1583 373/1584/1584
f 373/1585/1585 253/1586/1586 374/1587/1587
f 371/1588/1588 252/1589/1589 253/1590/1590
f 374/1591/1591 253/1592/1592 375/1593/1593
f 375/1594/1594 253/1595/1595 255/1596/1596
f 375/1597/1597 255/1598/1598 376/1599/1599
f 376/1600/1600 255/1601/1601 257/1602/1602
f 377/1603/1603 374/1604/1604 375/1605/1605
f 374/1606/1606 377/1607/1607 378/1608/1608
f 378/1609/1609 377/1610/1610 379/1611/1611
f 378/1612/1612 379/1613/1613 175/1614/1614
f 175/1615/1615 379/1616/1616 380/1617/1617
f 175/1618/1618 380/1619/1619 177/1620/1620
f 177/1621/1621 380/1622/1622 381/1623/1623
f 177/1624/1624 381/1625/1625 382/1626/1626
f 383/1627/1627 384/1628/1628 380/1629/1629
f 380/1630/1630 384/1631/1631 381/1632/1632
f 381/1633/1633 384/1634/1634 385/1635/1635
f 385/1636/1636 384/1637/1637 386/1638/1638
f 385/1639/1639 386/1640/1640 387/1641/1641
f 387/1642/1642 386/1643/1643 265/1644/1644
f 387/1645/1645 265/1646/1646 388/1647/1647
f 388/1648/1648 265/1649/1649 389/1650/1650
f 386/1651/1651 264/1652/1652 265/1653/1653
f 389/1654/1654 265/1655/1655 390/1656/1656
f 390/1657/1657 265/1658/1658 267/1659/1659
f 390/1660/1660 267/1661/1661 391/1662/1662
f 391/1663/1663 267/1664/1664 269/1665/1665
f 392/1666/1666 389/1667/1667 390/1668/1668
f 389/1669/1669 392/1670/1670 393/1671/1671
f 393/1672/1672 392/1673/1673 394/1674/1674
f 393/1675/1675 394/1676/1676 182/1677/1677
f 182/1678/1678 394/1679/1679 395/1680/1680
f 182/1681/1681 395/1682/1682 184/1683/1683
f 184/1684/1684 395/1685/1685 396/1686/1686
f 184/1687/1687 396/1688/1688 397/1689/1689
f 398/1690/1690 399/1691/1691 395/1692/1692
f 395/1693/1693 399/1694/1694 396/1695/1695
f 396/1696/1696 399/1697/1697 400/1698/1698
f 400/1699/1699 399/1700/1700 401/1701/1701
f 400/1702/1702 401/1703/1703 402/1704/1704
f 402/1705/1705 401/1706/1706 278/1707/1707
f 402/1708/1708 278/1709/1709 403/1710/1710
f 403/1711/1711 278/1712/1712 404/1713/1713
f 401/1714/1714 277/1715/1715 278/1716/1716
f 404/1717/1717 278/1718/1718 405/1719/1719
f 405/1720/1720 278/1721/1721 280/1722/1722
f 405/1723/1723 280/1724/1724 406/1725/1725
f 406/1726/1726 280/1727/1727 282/1728/1728
f 407/1729/1729 404/1730/1730 405/1731/1731
f 404/1732/1732 407/1733/1733 408/1734/1734
f 408/1735/1735 407/1736/1736 409/1737/1737
f 408/1738/1738 409/1739/1739 189/1740/1740
f 189/1741/1741 409/1742/1742 410/1743/1743
f 189/1744/1744 410/1745/1745 191/1746/1746
f 191/1747/1747 410/1748/1748 411/1749/1749
f 191/1750/1750 411/1751/1751 412/1752/1752
f 413/1753/1753 414/1754/1754 410/1755/1755
f 410/1756/1756 414/1757/1757 411/1758/1758
f 411/1759/1759 414/1760/1760 415/1761/1761
f 415/1762/1762 414/1763/1763 416/1764/1764
f 415/1765/1765 416/1766/1766 417/1767/1767
f 417/1768/1768 416/1769/1769 291/1770/1770
f 417/1771/1771 291/1772/1772 418/1773/1773
f 418/1774/1774 291/1775/1775 419/1776/1776
f 416/1777/1777 290/1778/1778 291/1779/1779
f 419/1780/1780 291/1781/1781 420/1782/1782
f 420/1783/1783 291/1784/1784 293/1785/1785
f 420/1786/1786 293/1787/1787 421/1788/1788
f 421/1789/1789 293/1790/1790 295/1791/1791
f 422/1792/1792 419/1793/1793 420/1794/1794
f 419/1795/1795 422/1796/1796 423/1797/1797
f 423/1798/1798 422/1799/1799 424/1800/1800
f 423/1801/1801 424/1802/1802 196/1803/1803
f 196/1804/1804 424/1805/1805 425/1806/1806
f 196/1807/1807 425/1808/1808 198/1809/1809
f 198/1810/1810 425/1811/1811 426/1812/1812
f 198/1813/1813 426/1814/1814 427/1815/1815
f 428/1816/1816 429/1817/1817 425/1818/1818
f 425/1819/1819 429/1820/1820 426/1821/1821
f 426/1822/1822 429/1823/1823 430/1824/1824
f 430/1825/1825 429/1826/1826 431/1827/1827
f 430/1828/1828 431/1829/1829 432/1830/1830
f 432/1831/1831 431/1832/1832 303/1833/1833
f 432/1834/1834 303/1835/1835 433/1836/1836
f 433/1837/1837 303/1838/1838 434/1839/1839
f 431/1840/1840 302/1841/1841 303/1842/1842
f 434/1843/1843 303/1844/1844 435/1845/1845
f 435/1846/1846 303/1847/1847 305/1848/1848
f 435/1849/1849 305/1850/1850 436/1851/1851
f 436/1852/1852 305/1853/1853 307/1854/1854
f 437/1855/1855 434/1856/1856 435/1857/1857
f 434/1858/1858 437/1859/1859 438/1860/1860
f 438/1861/1861 437/1862/1862 439/1863/1863
f 438/1864/1864 439/1865/1865 203/1866/1866
f 203/1867/1867 439/1868/1868 440/1869/1869
f 203/1870/1870 440/1871/1871 205/1872/1872
f 205/1873/1873 440/1874/1874 441/1875/1875
f 205/1876/1876 441/1877/1877 442/1878/1878
f 443/1879/1879 444/1880/1880 440/1881/1881
f 440/1882/1882 444/1883/1883 441/1884/1884
f 441/1885/1885 444/1886/1886 445/1887/1887
f 445/1888/1888 444/1889/1889 446/1890/1890
f 445/1891/1891 446/1892/1892 447/1893/1893
f 447/1894/1894 446/1895/1895 316/1896/1896
f 447/1897/1897 316/1898/1898 317/1899/1899
f 319/1900/1900 448/1901/1901 317/1902/1902
f 317/1903/1903 448/1904/1904 449/1905/1905
f 317/1906/1906 449/1907/1907 450/1908/1908
f 450/1909/1909 449/1910/1910 451/1911/1911
f 321/1912/1912 452/1913/1913 319/1914/1914
f 452/1915/1915 448/1916/1916 319/1917/1917
f 453/1918/1918 449/1919/1919 448/1920/1920
f 449/1921/1921 453/1922/1922 454/1923/1923
f 454/1924/1924 453/1925/1925 455/1926/1926
f 454/1927/1927 455/1928/1928 210/1929/1929
f 210/1930/1930 455/1931/1931 456/1932/1932
f 210/1933/1933 456/1934/1934 212/1935/1935
f 212/1936/1936 456/1937/1937 457/1938/1938
f 212/1939/1939 457/1940/1940 458/1941/1941
f 459/1942/1942 460/1943/1943 456/1944/1944
f 456/1945/1945 460/1946/1946 457/1947/1947
f 457/1948/1948 460/1949/1949 461/1950/1950
f 461/1951/1951 460/1952/1952 462/1953/1953
f 461/1954/1954 462/1955/1955 463/1956/1956
f 463/1957/1957 462/1958/1958 328/1959/1959
f 463/1960/1960 328/1961/1961 329/1962/1962
f 331/1963/1963 464/1964/1964 329/1965/1965
f 329/1966/1966 464/1967/1967 465/1968/1968
f 329/1969/1969 465/1970/1970 466/1971/1971
f 466/1972/1972 465/1973/1973 467/1974/1974
f 333/1975/1975 468/1976/1976 331/1977/1977
f 468/1978/1978 464/1979/1979 331/1980/1980
f 469/1981/1981 465/1982/1982 464/1983/1983
f 465/1984/1984 469/1985/1985 470/1986/1986
f 470/1987/1987 469/1988/1988 471/1989/1989
f 470/1990/1990 471/1991/1991 217/1992/1992
f 217/1993/1993 471/1994/1994 472/1995/1995
f 217/1996/1996 472/1997/1997 219/1998/1998
f 219/1999/1999 472/2000/2000 473/2001/2001
f 219/2002/2002 473/2003/2003 474/2004/2004
f 475/2005/2005 476/2006/2006 472/2007/2007
f 472/2008/2008 476/2009/2009 473/2010/2010
f 473/2011/2011 476/2012/2012 477/2013/2013
f 477/2014/2014 476/2015/2015 478/2016/2016
f 477/2017/2017 478/2018/2018 479/2019/2019
f 479/2020/2020 478/2021/2021 339/2022/2022
f 479/2023/2023 339/2024/2024 340/2025/2025
f 342/2026/2026 480/2027/2027 340/2028/2028
f 340/2029/2029 480/2030/2030 481/2031/2031
f 340/2032/2032 481/2033/2033 482/2034/2034
f 482/2035/2035 481/2036/2036 483/2037/2037
f 344/2038/2038 484/2039/2039 342/2040/2040
f 484/2041/2041 480/2042/2042 342/2043/2043
f 485/2044/2044 481/2045/2045 480/2046/2046
f 481/2047/2047 485/2048/2048 486/2049/2049
f 486/2050/2050 485/2051/2051 487/2052/2052
f 486/2053/2053 487/2054/2054 224/2055/2055
f 224/2056/2056 487/2057/2057 488/2058/2058
f 224/2059/2059 488/2060/2060 226/2061/2061
f 226/2062/2062 488/2063/2063 30/2064/2064
f 226/2065/2065 30/2066/2066 29/2067/2067
f 489/2068/2068 490/2069/2069 488/2070/2070
f 488/2071/2071 490/2072/2072 30/2073/2073
f 30/2074/2074 490/2075/2075 32/2076/2076
f 32/2077/2077 490/2078/2078 491/2079/2079
f 32/2080/2080 491/2081/2081 33/2082/2082
f 33/2083/2083 491/2084/2084 233/2085/2085
f 33/2086/2086 233/2087/2087 234/2088/2088
f 24/2089/2089 22/2090/2090 165/2091/2091
f 35/2092/2092 33/2093/2093 234/2094/2094
f 226/2095/2095 29/2096/2096 25/2097/2097
f 25/2098/2098 29/2099/2099 27/2100/2100
f 224/2101/2101 223/2102/2102 486/2103/2103
f 482/2104/2104 479/2105/2105 340/2106/2106
f 219/2107/2107 474/2108/2108 220/2109/2109
f 220/2110/2110 474/2111/2111 492/2112/2112
f 217/2113/2113 216/2114/2114 470/2115/2115
f 466/2116/2116 463/2117/2117 329/2118/2118
f 212/2119/2119 458/2120/2120 213/2121/2121
f 213/2122/2122 458/2123/2123 493/2124/2124
f 210/2125/2125 209/2126/2126 454/2127/2127
f 450/2128/2128 447/2129/2129 317/2130/2130
f 205/2131/2131 442/2132/2132 206/2133/2133
f 206/2134/2134 442/2135/2135 494/2136/2136
f 203/2137/2137 202/2138/2138 438/2139/2139
f 434/2140/2140 495/2141/2141 433/2142/2142
f 198/2143/2143 427/2144/2144 199/2145/2145
f 199/2146/2146 427/2147/2147 496/2148/2148
f 196/2149/2149 195/2150/2150 423/2151/2151
f 419/2152/2152 497/2153/2153 418/2154/2154
f 191/2155/2155 412/2156/2156 192/2157/2157
f 192/2158/2158 412/2159/2159 498/2160/2160
f 189/2161/2161 188/2162/2162 408/2163/2163
f 404/2164/2164 499/2165/2165 403/2166/2166
f 184/2167/2167 397/2168/2168 185/2169/2169
f 185/2170/2170 397/2171/2171 500/2172/2172
f 182/2173/2173 181/2174/2174 393/2175/2175
f 389/2176/2176 501/2177/2177 388/2178/2178
f 177/2179/2179 382/2180/2180 178/2181/2181
f 178/2182/2182 382/2183/2183 502/2184/2184
f 175/2185/2185 174/2186/2186 378/2187/2187
f 374/2188/2188 503/2189/2189 373/2190/2190
f 106/2191/2191 367/2192/2192 172/2193/2193
f 172/2194/2194 367/2195/2195 504/2196/2196
f 105/2197/2197 171/2198/2198 363/2199/2199
f 359/2200/2200 505/2201/2201 358/2202/2202
f 167/2203/2203 355/2204/2204 168/2205/2205
f 168/2206/2206 355/2207/2207 506/2208/2208
f 507/2209/2209 508/2210/2210 509/2211/2211
f 509/2212/2212 508/2213/2213 510/2214/2214
f 509/2215/2215 510/2216/2216 511/2217/2217
f 511/2218/2218 510/2219/2219 512/2220/2220
f 511/2221/2221 512/2222/2222 513/2223/2223
f 511/2224/2224 513/2225/2225 514/2226/2226
f 514/2227/2227 513/2228/2228 515/2229/2229
f 514/2230/2230 515/2231/2231 516/2232/2232
f 510/2233/2233 517/2234/2234 512/2235/2235
f 515/2236/2236 513/2237/2237 518/2238/2238
f 518/2239/2239 513/2240/2240 519/2241/2241
f 508/2242/2242 520/2243/2243 510/2244/2244
f 510/2245/2245 520/2246/2246 521/2247/2247
f 510/2248/2248 521/2249/2249 517/2250/2250
f 517/2251/2251 521/2252/2252 522/2253/2253
f 522/2254/2254 521/2255/2255 523/2256/2256
f 523/2257/2257 521/2258/2258 524/2259/2259
f 523/2260/2260 524/2261/2261 525/2262/2262
f 525/2263/2263 524/2264/2264 526/2265/2265
f 526/2266/2266 524/2267/2267 520/2268/2268
f 520/2269/2269 524/2270/2270 521/2271/2271
f 525/2272/2272 527/2273/2273 523/2274/2274
f 507/2275/2275 486/2276/2276 528/2277/2277
f 528/2278/2278 486/2279/2279 223/2280/2280
f 528/2281/2281 223/2282/2282 508/2283/2283
f 508/2284/2284 507/2285/2285 528/2286/2286
f 517/2287/2287 220/2288/2288 529/2289/2289
f 529/2290/2290 220/2291/2291 492/2292/2292
f 529/2293/2293 492/2294/2294 512/2295/2295
f 512/2296/2296 517/2297/2297 529/2298/2298
f 512/2299/2299 492/2300/2300 530/2301/2301
f 530/2302/2302 492/2303/2303 474/2304/2304
f 530/2305/2305 474/2306/2306 513/2307/2307
f 513/2308/2308 474/2309/2309 519/2310/2310
f 519/2311/2311 474/2312/2312 473/2313/2313
f 513/2314/2314 512/2315/2315 530/2316/2316
f 519/2317/2317 473/2318/2318 531/2319/2319
f 531/2320/2320 473/2321/2321 477/2322/2322
f 531/2323/2323 477/2324/2324 518/2325/2325
f 518/2326/2326 477/2327/2327 479/2328/2328
f 518/2329/2329 479/2330/2330 515/2331/2331
f 531/2332/2332 518/2333/2333 519/2334/2334
f 515/2335/2335 479/2336/2336 532/2337/2337
f 532/2338/2338 479/2339/2339 482/2340/2340
f 532/2341/2341 482/2342/2342 516/2343/2343
f 516/2344/2344 515/2345/2345 532/2346/2346
f 516/2347/2347 482/2348/2348 533/2349/2349
f 533/2350/2350 482/2351/2351 483/2352/2352
f 533/2353/2353 483/2354/2354 514/2355/2355
f 514/2356/2356 516/2357/2357 533/2358/2358
f 514/2359/2359 483/2360/2360 534/2361/2361
f 534/2362/2362 483/2363/2363 481/2364/2364
f 534/2365/2365 481/2366/2366 509/2367/2367
f 509/2368/2368 481/2369/2369 486/2370/2370
f 509/2371/2371 486/2372/2372 507/2373/2373
f 534/2374/2374 509/2375/2375 511/2376/2376
f 534/2377/2377 511/2378/2378 514/2379/2379
f 508/2380/2380 223/2381/2381 535/2382/2382
f 535/2383/2383 223/2384/2384 113/2385/2385
f 535/2386/2386 113/2387/2387 536/2388/2388
f 536/2389/2389 113/2390/2390 112/2391/2391
f 536/2392/2392 112/2393/2393 526/2394/2394
f 526/2395/2395 520/2396/2396 536/2397/2397
f 536/2398/2398 520/2399/2399 535/2400/2400
f 520/2401/2401 508/2402/2402 535/2403/2403
f 526/2404/2404 112/2405/2405 537/2406/2406
f 537/2407/2407 112/2408/2408 115/2409/2409
f 525/2410/2410 537/2411/2411 527/2412/2412
f 527/2413/2413 537/2414/2414 117/2415/2415
f 117/2416/2416 537/2417/2417 115/2418/2418
f 525/2419/2419 526/2420/2420 537/2421/2421
f 221/2422/2422 538/2423/2423 117/2424/2424
f 117/2425/2425 538/2426/2426 527/2427/2427
f 527/2428/2428 538/2429/2429 523/2430/2430
f 523/2431/2431 538/2432/2432 539/2433/2433
f 523/2434/2434 539/2435/2435 522/2436/2436
f 522/2437/2437 539/2438/2438 220/2439/2439
f 522/2440/2440 220/2441/2441 517/2442/2442
f 538/2443/2443 221/2444/2444 539/2445/2445
f 539/2446/2446 221/2447/2447 220/2448/2448
f 540/2449/2449 541/2450/2450 542/2451/2451
f 542/2452/2452 541/2453/2453 543/2454/2454
f 543/2455/2455 541/2456/2456 544/2457/2457
f 544/2458/2458 541/2459/2459 545/2460/2460
f 544/2461/2461 545/2462/2462 546/2463/2463
f 546/2464/2464 545/2465/2465 547/2466/2466
f 546/2467/2467 547/2468/2468 548/2469/2469
f 546/2470/2470 548/2471/2471 549/2472/2472
f 544/2473/2473 550/2474/2474 543/2475/2475
f 545/2476/2476 551/2477/2477 547/2478/2478
f 547/2479/2479 551/2480/2480 552/2481/2481
f 547/2482/2482 552/2483/2483 553/2484/2484
f 553/2485/2485 552/2486/2486 554/2487/2487
f 553/2488/2488 554/2489/2489 555/2490/2490
f 555/2491/2491 554/2492/2492 556/2493/2493
f 555/2494/2494 556/2495/2495 557/2496/2496
f 551/2497/2497 558/2498/2498 552/2499/2499
f 552/2500/2500 558/2501/2501 554/2502/2502
f 557/2503/2503 553/2504/2504 555/2505/2505
f 553/2506/2506 548/2507/2507 547/2508/2508
f 480/2509/2509 484/2510/2510 540/2511/2511
f 540/2512/2512 484/2513/2513 541/2514/2514
f 541/2515/2515 484/2516/2516 344/2517/2517
f 541/2518/2518 344/2519/2519 545/2520/2520
f 548/2521/2521 233/2522/2522 559/2523/2523
f 559/2524/2524 233/2525/2525 491/2526/2526
f 559/2527/2527 491/2528/2528 549/2529/2529
f 549/2530/2530 548/2531/2531 559/2532/2532
f 549/2533/2533 491/2534/2534 560/2535/2535
f 560/2536/2536 491/2537/2537 490/2538/2538
f 546/2539/2539 560/2540/2540 544/2541/2541
f 544/2542/2542 560/2543/2543 489/2544/2544
f 489/2545/2545 560/2546/2546 490/2547/2547
f 560/2548/2548 546/2549/2549 549/2550/2550
f 544/2551/2551 489/2552/2552 561/2553/2553
f 561/2554/2554 489/2555/2555 488/2556/2556
f 561/2557/2557 488/2558/2558 550/2559/2559
f 550/2560/2560 544/2561/2561 561/2562/2562
f 550/2563/2563 488/2564/2564 562/2565/2565
f 562/2566/2566 488/2567/2567 487/2568/2568
f 562/2569/2569 487/2570/2570 543/2571/2571
f 543/2572/2572 550/2573/2573 562/2574/2574
f 487/2575/2575 485/2576/2576 543/2577/2577
f 543/2578/2578 485/2579/2579 563/2580/2580
f 543/2581/2581 563/2582/2582 542/2583/2583
f 542/2584/2584 563/2585/2585 540/2586/2586
f 540/2587/2587 563/2588/2588 480/2589/2589
f 480/2590/2590 563/2591/2591 485/2592/2592
f 343/2593/2593 564/2594/2594 344/2595/2595
f 564/2596/2596 343/2597/2597 551/2598/2598
f 545/2599/2599 564/2600/2600 551/2601/2601
f 564/2602/2602 545/2603/2603 344/2604/2604
f 551/2605/2605 343/2606/2606 565/2607/2607
f 565/2608/2608 343/2609/2609 345/2610/2610
f 565/2611/2611 345/2612/2612 566/2613/2613
f 566/2614/2614 345/2615/2615 335/2616/2616
f 566/2617/2617 335/2618/2618 556/2619/2619
f 556/2620/2620 554/2621/2621 566/2622/2622
f 566/2623/2623 554/2624/2624 565/2625/2625
f 554/2626/2626 558/2627/2627 565/2628/2628
f 565/2629/2629 558/2630/2630 551/2631/2631
f 556/2632/2632 335/2633/2633 567/2634/2634
f 567/2635/2635 335/2636/2636 230/2637/2637
f 567/2638/2638 230/2639/2639 557/2640/2640
f 567/2641/2641 557/2642/2642 556/2643/2643
f 557/2644/2644 230/2645/2645 568/2646/2646
f 568/2647/2647 230/2648/2648 231/2649/2649
f 568/2650/2650 231/2651/2651 569/2652/2652
f 569/2653/2653 231/2654/2654 233/2655/2655
f 569/2656/2656 233/2657/2657 548/2658/2658
f 548/2659/2659 553/2660/2660 569/2661/2661
f 569/2662/2662 553/2663/2663 568/2664/2664
f 553/2665/2665 557/2666/2666 568/2667/2667
f 570/2668/2668 571/2669/2669 572/2670/2670
f 572/2671/2671 571/2672/2672 573/2673/2673
f 572/2674/2674 573/2675/2675 574/2676/2676
f 574/2677/2677 573/2678/2678 575/2679/2679
f 574/2680/2680 575/2681/2681 576/2682/2682
f 574/2683/2683 576/2684/2684 577/2685/2685
f 577/2686/2686 576/2687/2687 578/2688/2688
f 577/2689/2689 578/2690/2690 579/2691/2691
f 573/2692/2692 580/2693/2693 575/2694/2694
f 578/2695/2695 576/2696/2696 581/2697/2697
f 581/2698/2698 576/2699/2699 582/2700/2700
f 571/2701/2701 583/2702/2702 573/2703/2703
f 573/2704/2704 583/2705/2705 584/2706/2706
f 573/2707/2707 584/2708/2708 580/2709/2709
f 580/2710/2710 584/2711/2711 585/2712/2712
f 585/2713/2713 584/2714/2714 586/2715/2715
f 586/2716/2716 584/2717/2717 587/2718/2718
f 586/2719/2719 587/2720/2720 588/2721/2721
f 588/2722/2722 587/2723/2723 589/2724/2724
f 589/2725/2725 587/2726/2726 583/2727/2727
f 583/2728/2728 587/2729/2729 584/2730/2730
f 588/2731/2731 590/2732/2732 586/2733/2733
f 570/2734/2734 470/2735/2735 591/2736/2736
f 591/2737/2737 470/2738/2738 216/2739/2739
f 591/2740/2740 216/2741/2741 571/2742/2742
f 571/2743/2743 570/2744/2744 591/2745/2745
f 580/2746/2746 213/2747/2747 592/2748/2748
f 592/2749/2749 213/2750/2750 493/2751/2751
f 592/2752/2752 493/2753/2753 575/2754/2754
f 575/2755/2755 580/2756/2756 592/2757/2757
f 575/2758/2758 493/2759/2759 593/2760/2760
f 593/2761/2761 493/2762/2762 458/2763/2763
f 593/2764/2764 458/2765/2765 576/2766/2766
f 576/2767/2767 458/2768/2768 582/2769/2769
f 582/2770/2770 458/2771/2771 457/2772/2772
f 576/2773/2773 575/2774/2774 593/2775/2775
f 582/2776/2776 457/2777/2777 594/2778/2778
f 594/2779/2779 457/2780/2780 461/2781/2781
f 594/2782/2782 461/2783/2783 581/2784/2784
f 581/2785/2785 461/2786/2786 463/2787/2787
f 581/2788/2788 463/2789/2789 578/2790/2790
f 594/2791/2791 581/2792/2792 582/2793/2793
f 578/2794/2794 463/2795/2795 595/2796/2796
f 595/2797/2797 463/2798/2798 466/2799/2799
f 595/2800/2800 466/2801/2801 579/2802/2802
f 579/2803/2803 578/2804/2804 595/2805/2805
f 579/2806/2806 466/2807/2807 596/2808/2808
f 596/2809/2809 466/2810/2810 467/2811/2811
f 596/2812/2812 467/2813/2813 577/2814/2814
f 577/2815/2815 579/2816/2816 596/2817/2817
f 577/2818/2818 467/2819/2819 597/2820/2820
f 597/2821/2821 467/2822/2822 465/2823/2823
f 597/2824/2824 465/2825/2825 572/2826/2826
f 572/2827/2827 465/2828/2828 470/2829/2829
f 572/2830/2830 470/2831/2831 570/2832/2832
f 597/2833/2833 572/2834/2834 574/2835/2835
f 597/2836/2836 574/2837/2837 577/2838/2838
f 571/2839/2839 216/2840/2840 598/2841/2841
f 598/2842/2842 216/2843/2843 120/2844/2844
f 598/2845/2845 120/2846/2846 599/2847/2847
f 599/2848/2848 120/2849/2849 119/2850/2850
f 599/2851/2851 119/2852/2852 589/2853/2853
f 589/2854/2854 583/2855/2855 599/2856/2856
f 599/2857/2857 583/2858/2858 598/2859/2859
f 583/2860/2860 571/2861/2861 598/2862/2862
f 589/2863/2863 119/2864/2864 600/2865/2865
f 600/2866/2866 119/2867/2867 122/2868/2868
f 588/2869/2869 600/2870/2870 590/2871/2871
f 590/2872/2872 600/2873/2873 124/2874/2874
f 124/2875/2875 600/2876/2876 122/2877/2877
f 588/2878/2878 589/2879/2879 600/2880/2880
f 214/2881/2881 601/2882/2882 124/2883/2883
f 124/2884/2884 601/2885/2885 590/2886/2886
f 590/2887/2887 601/2888/2888 586/2889/2889
f 586/2890/2890 601/2891/2891 602/2892/2892
f 586/2893/2893 602/2894/2894 585/2895/2895
f 585/2896/2896 602/2897/2897 213/2898/2898
f 585/2899/2899 213/2900/2900 580/2901/2901
f 601/2902/2902 214/2903/2903 602/2904/2904
f 602/2905/2905 214/2906/2906 213/2907/2907
f 603/2908/2908 604/2909/2909 605/2910/2910
f 605/2911/2911 604/2912/2912 606/2913/2913
f 606/2914/2914 604/2915/2915 607/2916/2916
f 607/2917/2917 604/2918/2918 608/2919/2919
f 607/2920/2920 608/2921/2921 609/2922/2922
f 609/2923/2923 608/2924/2924 610/2925/2925
f 609/2926/2926 610/2927/2927 611/2928/2928
f 609/2929/2929 611/2930/2930 612/2931/2931
f 607/2932/2932 613/2933/2933 606/2934/2934
f 608/2935/2935 614/2936/2936 610/2937/2937
f 610/2938/2938 614/2939/2939 615/2940/2940
f 610/2941/2941 615/2942/2942 616/2943/2943
f 616/2944/2944 615/2945/2945 617/2946/2946
f 616/2947/2947 617/2948/2948 618/2949/2949
f 618/2950/2950 617/2951/2951 619/2952/2952
f 618/2953/2953 619/2954/2954 620/2955/2955
f 614/2956/2956 621/2957/2957 615/2958/2958
f 615/2959/2959 621/2960/2960 617/2961/2961
f 620/2962/2962 616/2963/2963 618/2964/2964
f 616/2965/2965 611/2966/2966 610/2967/2967
f 464/2968/2968 468/2969/2969 603/2970/2970
f 603/2971/2971 468/2972/2972 604/2973/2973
f 604/2974/2974 468/2975/2975 333/2976/2976
f 604/2977/2977 333/2978/2978 608/2979/2979
f 611/2980/2980 339/2981/2981 622/2982/2982
f 622/2983/2983 339/2984/2984 478/2985/2985
f 622/2986/2986 478/2987/2987 612/2988/2988
f 612/2989/2989 611/2990/2990 622/2991/2991
f 612/2992/2992 478/2993/2993 623/2994/2994
f 623/2995/2995 478/2996/2996 476/2997/2997
f 609/2998/2998 623/2999/2999 607/3000/3000
f 607/3001/3001 623/3002/3002 475/3003/3003
f 475/3004/3004 623/3005/3005 476/3006/3006
f 623/3007/3007 609/3008/3008 612/3009/3009
f 607/3010/3010 475/3011/3011 624/3012/3012
f 624/3013/3013 475/3014/3014 472/3015/3015
f 624/3016/3016 472/3017/3017 613/3018/3018
f 613/3019/3019 607/3020/3020 624/3021/3021
f 613/3022/3022 472/3023/3023 625/3024/3024
f 625/3025/3025 472/3026/3026 471/3027/3027
f 625/3028/3028 471/3029/3029 606/3030/3030
f 606/3031/3031 613/3032/3032 625/3033/3033
f 471/3034/3034 469/3035/3035 606/3036/3036
f 606/3037/3037 469/3038/3038 626/3039/3039
f 606/3040/3040 626/3041/3041 605/3042/3042
f 605/3043/3043 626/3044/3044 603/3045/3045
f 603/3046/3046 626/3047/3047 464/3048/3048
f 464/3049/3049 626/3050/3050 469/3051/3051
f 332/3052/3052 627/3053/3053 333/3054/3054
f 627/3055/3055 332/3056/3056 614/3057/3057
f 608/3058/3058 627/3059/3059 614/3060/3060
f 627/3061/3061 608/3062/3062 333/3063/3063
f 614/3064/3064 332/3065/3065 628/3066/3066
f 628/3067/3067 332/3068/3068 346/3069/3069
f 628/3070/3070 346/3071/3071 629/3072/3072
f 629/3073/3073 346/3074/3074 324/3075/3075
f 629/3076/3076 324/3077/3077 619/3078/3078
f 619/3079/3079 617/3080/3080 629/3081/3081
f 629/3082/3082 617/3083/3083 628/3084/3084
f 617/3085/3085 621/3086/3086 628/3087/3087
f 628/3088/3088 621/3089/3089 614/3090/3090
f 619/3091/3091 324/3092/3092 630/3093/3093
f 630/3094/3094 324/3095/3095 334/3096/3096
f 630/3097/3097 334/3098/3098 620/3099/3099
f 630/3100/3100 620/3101/3101 619/3102/3102
f 620/3103/3103 334/3104/3104 631/3105/3105
f 631/3106/3106 334/3107/3107 337/3108/3108
f 631/3109/3109 337/3110/3110 632/3111/3111
f 632/3112/3112 337/3113/3113 339/3114/3114
f 632/3115/3115 339/3116/3116 611/3117/3117
f 611/3118/3118 616/3119/3119 632/3120/3120
f 632/3121/3121 616/3122/3122 631/3123/3123
f 616/3124/3124 620/3125/3125 631/3126/3126
f 633/3127/3127 634/3128/3128 635/3129/3129
f 635/3130/3130 634/3131/3131 636/3132/3132
f 635/3133/3133 636/3134/3134 637/3135/3135
f 637/3136/3136 636/3137/3137 638/3138/3138
f 637/3139/3139 638/3140/3140 639/3141/3141
f 637/3142/3142 639/3143/3143 640/3144/3144
f 640/3145/3145 639/3146/3146 641/3147/3147
f 640/3148/3148 641/3149/3149 642/3150/3150
f 636/3151/3151 643/3152/3152 638/3153/3153
f 641/3154/3154 639/3155/3155 644/3156/3156
f 644/3157/3157 639/3158/3158 645/3159/3159
f 634/3160/3160 646/3161/3161 636/3162/3162
f 636/3163/3163 646/3164/3164 647/3165/3165
f 636/3166/3166 647/3167/3167 643/3168/3168
f 643/3169/3169 647/3170/3170 648/3171/3171
f 648/3172/3172 647/3173/3173 649/3174/3174
f 649/3175/3175 647/3176/3176 650/3177/3177
f 649/3178/3178 650/3179/3179 651/3180/3180
f 651/3181/3181 650/3182/3182 652/3183/3183
f 652/3184/3184 650/3185/3185 646/3186/3186
f 646/3187/3187 650/3188/3188 647/3189/3189
f 651/3190/3190 653/3191/3191 649/3192/3192
f 633/3193/3193 454/3194/3194 654/3195/3195
f 654/3196/3196 454/3197/3197 209/3198/3198
f 654/3199/3199 209/3200/3200 634/3201/3201
f 634/3202/3202 633/3203/3203 654/3204/3204
f 643/3205/3205 206/3206/3206 655/3207/3207
f 655/3208/3208 206/3209/3209 494/3210/3210
f 655/3211/3211 494/3212/3212 638/3213/3213
f 638/3214/3214 643/3215/3215 655/3216/3216
f 638/3217/3217 494/3218/3218 656/3219/3219
f 656/3220/3220 494/3221/3221 442/3222/3222
f 656/3223/3223 442/3224/3224 639/3225/3225
f 639/3226/3226 442/3227/3227 645/3228/3228
f 645/3229/3229 442/3230/3230 441/3231/3231
f 639/3232/3232 638/3233/3233 656/3234/3234
f 645/3235/3235 441/3236/3236 657/3237/3237
f 657/3238/3238 441/3239/3239 445/3240/3240
f 657/3241/3241 445/3242/3242 644/3243/3243
f 644/3244/3244 445/3245/3245 447/3246/3246
f 644/3247/3247 447/3248/3248 641/3249/3249
f 657/3250/3250 644/3251/3251 645/3252/3252
f 641/3253/3253 447/3254/3254 658/3255/3255
f 658/3256/3256 447/3257/3257 450/3258/3258
f 658/3259/3259 450/3260/3260 642/3261/3261
f 642/3262/3262 641/3263/3263 658/3264/3264
f 642/3265/3265 450/3266/3266 659/3267/3267
f 659/3268/3268 450/3269/3269 451/3270/3270
f 659/3271/3271 451/3272/3272 640/3273/3273
f 640/3274/3274 642/3275/3275 659/3276/3276
f 640/3277/3277 451/3278/3278 660/3279/3279
f 660/3280/3280 451/3281/3281 449/3282/3282
f 660/3283/3283 449/3284/3284 635/3285/3285
f 635/3286/3286 449/3287/3287 454/3288/3288
f 635/3289/3289 454/3290/3290 633/3291/3291
f 660/3292/3292 635/3293/3293 637/3294/3294
f 660/3295/3295 637/3296/3296 640/3297/3297
f 634/3298/3298 209/3299/3299 661/3300/3300
f 661/3301/3301 209/3302/3302 127/3303/3303
f 661/3304/3304 127/3305/3305 662/3306/3306
f 662/3307/3307 127/3308/3308 126/3309/3309
f 662/3310/3310 126/3311/3311 652/3312/3312
f 652/3313/3313 646/3314/3314 662/3315/3315
f 662/3316/3316 646/3317/3317 661/3318/3318
f 646/3319/3319 634/3320/3320 661/3321/3321
f 652/3322/3322 126/3323/3323 663/3324/3324
f 663/3325/3325 126/3326/3326 129/3327/3327
f 651/3328/3328 663/3329/3329 653/3330/3330
f 653/3331/3331 663/3332/3332 131/3333/3333
f 131/3334/3334 663/3335/3335 129/3336/3336
f 651/3337/3337 652/3338/3338 663/3339/3339
f 207/3340/3340 664/3341/3341 131/3342/3342
f 131/3343/3343 664/3344/3344 653/3345/3345
f 653/3346/3346 664/3347/3347 649/3348/3348
f 649/3349/3349 664/3350/3350 665/3351/3351
f 649/3352/3352 665/3353/3353 648/3354/3354
f 648/3355/3355 665/3356/3356 206/3357/3357
f 648/3358/3358 206/3359/3359 643/3360/3360
f 664/3361/3361 207/3362/3362 665/3363/3363
f 665/3364/3364 207/3365/3365 206/3366/3366
f 666/3367/3367 667/3368/3368 668/3369/3369
f 668/3370/3370 667/3371/3371 669/3372/3372
f 669/3373/3373 667/3374/3374 670/3375/3375
f 670/3376/3376 667/3377/3377 671/3378/3378
f 670/3379/3379 671/3380/3380 672/3381/3381
f 672/3382/3382 671/3383/3383 673/3384/3384
f 672/3385/3385 673/3386/3386 674/3387/3387
f 672/3388/3388 674/3389/3389 675/3390/3390
f 670/3391/3391 676/3392/3392 669/3393/3393
f 671/3394/3394 677/3395/3395 673/3396/3396
f 673/3397/3397 677/3398/3398 678/3399/3399
f 673/3400/3400 678/3401/3401 679/3402/3402
f 679/3403/3403 678/3404/3404 680/3405/3405
f 679/3406/3406 680/3407/3407 681/3408/3408
f 681/3409/3409 680/3410/3410 682/3411/3411
f 681/3412/3412 682/3413/3413 683/3414/3414
f 677/3415/3415 684/3416/3416 678/3417/3417
f 678/3418/3418 684/3419/3419 680/3420/3420
f 683/3421/3421 679/3422/3422 681/3423/3423
f 679/3424/3424 674/3425/3425 673/3426/3426
f 448/3427/3427 452/3428/3428 666/3429/3429
f 666/3430/3430 452/3431/3431 667/3432/3432
f 667/3433/3433 452/3434/3434 321/3435/3435
f 667/3436/3436 321/3437/3437 671/3438/3438
f 674/3439/3439 328/3440/3440 685/3441/3441
f 685/3442/3442 328/3443/3443 462/3444/3444
f 685/3445/3445 462/3446/3446 675/3447/3447
f 675/3448/3448 674/3449/3449 685/3450/3450
f 675/3451/3451 462/3452/3452 686/3453/3453
f 686/3454/3454 462/3455/3455 460/3456/3456
f 672/3457/3457 686/3458/3458 670/3459/3459
f 670/3460/3460 686/3461/3461 459/3462/3462
f 459/3463/3463 686/3464/3464 460/3465/3465
f 686/3466/3466 672/3467/3467 675/3468/3468
f 670/3469/3469 459/3470/3470 687/3471/3471
f 687/3472/3472 459/3473/3473 456/3474/3474
f 687/3475/3475 456/3476/3476 676/3477/3477
f 676/3478/3478 670/3479/3479 687/3480/3480
f 676/3481/3481 456/3482/3482 688/3483/3483
f 688/3484/3484 456/3485/3485 455/3486/3486
f 688/3487/3487 455/3488/3488 669/3489/3489
f 669/3490/3490 676/3491/3491 688/3492/3492
f 455/3493/3493 453/3494/3494 669/3495/3495
f 669/3496/3496 453/3497/3497 689/3498/3498
f 669/3499/3499 689/3500/3500 668/3501/3501
f 668/3502/3502 689/3503/3503 666/3504/3504
f 666/3505/3505 689/3506/3506 448/3507/3507
f 448/3508/3508 689/3509/3509 453/3510/3510
f 320/3511/3511 690/3512/3512 321/3513/3513
f 690/3514/3514 320/3515/3515 677/3516/3516
f 671/3517/3517 690/3518/3518 677/3519/3519
f 690/3520/3520 671/3521/3521 321/3522/3522
f 677/3523/3523 320/3524/3524 691/3525/3525
f 691/3526/3526 320/3527/3527 347/3528/3528
f 691/3529/3529 347/3530/3530 692/3531/3531
f 692/3532/3532 347/3533/3533 312/3534/3534
f 692/3535/3535 312/3536/3536 682/3537/3537
f 682/3538/3538 680/3539/3539 692/3540/3540
f 692/3541/3541 680/3542/3542 691/3543/3543
f 680/3544/3544 684/3545/3545 691/3546/3546
f 691/3547/3547 684/3548/3548 677/3549/3549
f 682/3550/3550 312/3551/3551 693/3552/3552
f 693/3553/3553 312/3554/3554 322/3555/3555
f 693/3556/3556 322/3557/3557 683/3558/3558
f 693/3559/3559 683/3560/3560 682/3561/3561
f 683/3562/3562 322/3563/3563 694/3564/3564
f 694/3565/3565 322/3566/3566 326/3567/3567
f 694/3568/3568 326/3569/3569 695/3570/3570
f 695/3571/3571 326/3572/3572 328/3573/3573
f 695/3574/3574 328/3575/3575 674/3576/3576
f 674/3577/3577 679/3578/3578 695/3579/3579
f 695/3580/3580 679/3581/3581 694/3582/3582
f 679/3583/3583 683/3584/3584 694/3585/3585
f 696/3586/3586 697/3587/3587 698/3588/3588
f 698/3589/3589 697/3590/3590 699/3591/3591
f 698/3592/3592 699/3593/3593 700/3594/3594
f 700/3595/3595 699/3596/3596 701/3597/3597
f 700/3598/3598 701/3599/3599 702/3600/3600
f 700/3601/3601 702/3602/3602 703/3603/3603
f 703/3604/3604 702/3605/3605 704/3606/3606
f 703/3607/3607 704/3608/3608 705/3609/3609
f 699/3610/3610 706/3611/3611 701/3612/3612
f 704/3613/3613 702/3614/3614 707/3615/3615
f 707/3616/3616 702/3617/3617 708/3618/3618
f 697/3619/3619 709/3620/3620 699/3621/3621
f 699/3622/3622 709/3623/3623 710/3624/3624
f 699/3625/3625 710/3626/3626 706/3627/3627
f 706/3628/3628 710/3629/3629 711/3630/3630
f 711/3631/3631 710/3632/3632 712/3633/3633
f 712/3634/3634 710/3635/3635 713/3636/3636
f 712/3637/3637 713/3638/3638 714/3639/3639
f 714/3640/3640 713/3641/3641 715/3642/3642
f 715/3643/3643 713/3644/3644 709/3645/3645
f 709/3646/3646 713/3647/3647 710/3648/3648
f 714/3649/3649 716/3650/3650 712/3651/3651
f 696/3652/3652 438/3653/3653 717/3654/3654
f 717/3655/3655 438/3656/3656 202/3657/3657
f 717/3658/3658 202/3659/3659 697/3660/3660
f 697/3661/3661 696/3662/3662 717/3663/3663
f 706/3664/3664 199/3665/3665 718/3666/3666
f 718/3667/3667 199/3668/3668 496/3669/3669
f 718/3670/3670 496/3671/3671 701/3672/3672
f 701/3673/3673 706/3674/3674 718/3675/3675
f 701/3676/3676 496/3677/3677 719/3678/3678
f 719/3679/3679 496/3680/3680 427/3681/3681
f 719/3682/3682 427/3683/3683 702/3684/3684
f 702/3685/3685 427/3686/3686 708/3687/3687
f 708/3688/3688 427/3689/3689 426/3690/3690
f 702/3691/3691 701/3692/3692 719/3693/3693
f 708/3694/3694 426/3695/3695 720/3696/3696
f 720/3697/3697 426/3698/3698 430/3699/3699
f 720/3700/3700 430/3701/3701 707/3702/3702
f 707/3703/3703 430/3704/3704 432/3705/3705
f 707/3706/3706 432/3707/3707 704/3708/3708
f 720/3709/3709 707/3710/3710 708/3711/3711
f 704/3712/3712 432/3713/3713 721/3714/3714
f 721/3715/3715 432/3716/3716 433/3717/3717
f 721/3718/3718 433/3719/3719 705/3720/3720
f 705/3721/3721 704/3722/3722 721/3723/3723
f 705/3724/3724 433/3725/3725 722/3726/3726
f 722/3727/3727 433/3728/3728 495/3729/3729
f 722/3730/3730 495/3731/3731 703/3732/3732
f 703/3733/3733 705/3734/3734 722/3735/3735
f 703/3736/3736 495/3737/3737 723/3738/3738
f 723/3739/3739 495/3740/3740 434/3741/3741
f 723/3742/3742 434/3743/3743 698/3744/3744
f 698/3745/3745 434/3746/3746 438/3747/3747
f 698/3748/3748 438/3749/3749 696/3750/3750
f 723/3751/3751 698/3752/3752 700/3753/3753
f 723/3754/3754 700/3755/3755 703/3756/3756
f 697/3757/3757 202/3758/3758 724/3759/3759
f 724/3760/3760 202/3761/3761 134/3762/3762
f 724/3763/3763 134/3764/3764 725/3765/3765
f 725/3766/3766 134/3767/3767 133/3768/3768
f 725/3769/3769 133/3770/3770 715/3771/3771
f 715/3772/3772 709/3773/3773 725/3774/3774
f 725/3775/3775 709/3776/3776 724/3777/3777
f 709/3778/3778 697/3779/3779 724/3780/3780
f 715/3781/3781 133/3782/3782 726/3783/3783
f 726/3784/3784 133/3785/3785 136/3786/3786
f 714/3787/3787 726/3788/3788 716/3789/3789
f 716/3790/3790 726/3791/3791 138/3792/3792
f 138/3793/3793 726/3794/3794 136/3795/3795
f 714/3796/3796 715/3797/3797 726/3798/3798
f 200/3799/3799 727/3800/3800 138/3801/3801
f 138/3802/3802 727/3803/3803 716/3804/3804
f 716/3805/3805 727/3806/3806 712/3807/3807
f 712/3808/3808 727/3809/3809 728/3810/3810
f 712/3811/3811 728/3812/3812 711/3813/3813
f 711/3814/3814 728/3815/3815 199/3816/3816
f 711/3817/3817 199/3818/3818 706/3819/3819
f 727/3820/3820 200/3821/3821 728/3822/3822
f 728/3823/3823 200/3824/3824 199/3825/3825
f 729/3826/3826 730/3827/3827 731/3828/3828
f 731/3829/3829 730/3830/3830 732/3831/3831
f 732/3832/3832 730/3833/3833 733/3834/3834
f 733/3835/3835 730/3836/3836 734/3837/3837
f 733/3838/3838 734/3839/3839 735/3840/3840
f 735/3841/3841 734/3842/3842 736/3843/3843
f 735/3844/3844 736/3845/3845 737/3846/3846
f 735/3847/3847 737/3848/3848 738/3849/3849
f 733/3850/3850 739/3851/3851 732/3852/3852
f 734/3853/3853 740/3854/3854 736/3855/3855
f 736/3856/3856 740/3857/3857 741/3858/3858
f 736/3859/3859 741/3860/3860 742/3861/3861
f 742/3862/3862 741/3863/3863 743/3864/3864
f 742/3865/3865 743/3866/3866 744/3867/3867
f 744/3868/3868 743/3869/3869 745/3870/3870
f 744/3871/3871 745/3872/3872 746/3873/3873
f 740/3874/3874 747/3875/3875 741/3876/3876
f 741/3877/3877 747/3878/3878 743/3879/3879
f 746/3880/3880 742/3881/3881 744/3882/3882
f 742/3883/3883 737/3884/3884 736/3885/3885
f 435/3886/3886 436/3887/3887 729/3888/3888
f 729/3889/3889 436/3890/3890 730/3891/3891
f 730/3892/3892 436/3893/3893 307/3894/3894
f 730/3895/3895 307/3896/3896 734/3897/3897
f 737/3898/3898 316/3899/3899 748/3900/3900
f 748/3901/3901 316/3902/3902 446/3903/3903
f 748/3904/3904 446/3905/3905 738/3906/3906
f 738/3907/3907 737/3908/3908 748/3909/3909
f 738/3910/3910 446/3911/3911 749/3912/3912
f 749/3913/3913 446/3914/3914 444/3915/3915
f 735/3916/3916 749/3917/3917 733/3918/3918
f 733/3919/3919 749/3920/3920 443/3921/3921
f 443/3922/3922 749/3923/3923 444/3924/3924
f 749/3925/3925 735/3926/3926 738/3927/3927
f 733/3928/3928 443/3929/3929 750/3930/3930
f 750/3931/3931 443/3932/3932 440/3933/3933
f 750/3934/3934 440/3935/3935 739/3936/3936
f 739/3937/3937 733/3938/3938 750/3939/3939
f 739/3940/3940 440/3941/3941 751/3942/3942
f 751/3943/3943 440/3944/3944 439/3945/3945
f 751/3946/3946 439/3947/3947 732/3948/3948
f 732/3949/3949 739/3950/3950 751/3951/3951
f 439/3952/3952 437/3953/3953 732/3954/3954
f 732/3955/3955 437/3956/3956 752/3957/3957
f 732/3958/3958 752/3959/3959 731/3960/3960
f 731/3961/3961 752/3962/3962 729/3963/3963
f 729/3964/3964 752/3965/3965 435/3966/3966
f 435/3967/3967 752/3968/3968 437/3969/3969
f 306/3970/3970 753/3971/3971 307/3972/3972
f 753/3973/3973 306/3974/3974 740/3975/3975
f 734/3976/3976 753/3977/3977 740/3978/3978
f 753/3979/3979 734/3980/3980 307/3981/3981
f 740/3982/3982 306/3983/3983 754/3984/3984
f 754/3985/3985 306/3986/3986 348/3987/3987
f 754/3988/3988 348/3989/3989 755/3990/3990
f 755/3991/3991 348/3992/3992 298/3993/3993
f 755/3994/3994 298/3995/3995 745/3996/3996
f 745/3997/3997 743/3998/3998 755/3999/3999
f 755/4000/4000 743/4001/4001 754/4002/4002
f 743/4003/4003 747/4004/4004 754/4005/4005
f 754/4006/4006 747/4007/4007 740/4008/4008
f 745/4009/4009 298/4010/4010 756/4011/4011
f 756/4012/4012 298/4013/4013 308/4014/4014
f 756/4015/4015 308/4016/4016 746/4017/4017
f 756/4018/4018 746/4019/4019 745/4020/4020
f 746/4021/4021 308/4022/4022 757/4023/4023
f 757/4024/4024 308/4025/4025 314/4026/4026
f 757/4027/4027 314/4028/4028 758/4029/4029
f 758/4030/4030 314/4031/4031 316/4032/4032
f 758/4033/4033 316/4034/4034 737/4035/4035
f 737/4036/4036 742/4037/4037 758/4038/4038
f 758/4039/4039 742/4040/4040 757/4041/4041
f 742/4042/4042 746/4043/4043 757/4044/4044
f 759/4045/4045 760/4046/4046 761/4047/4047
f 761/4048/4048 760/4049/4049 762/4050/4050
f 761/4051/4051 762/4052/4052 763/4053/4053
f 763/4054/4054 762/4055/4055 764/4056/4056
f 763/4057/4057 764/4058/4058 765/4059/4059
f 763/4060/4060 765/4061/4061 766/4062/4062
f 766/4063/4063 765/4064/4064 767/4065/4065
f 766/4066/4066 767/4067/4067 768/4068/4068
f 762/4069/4069 769/4070/4070 764/4071/4071
f 767/4072/4072 765/4073/4073 770/4074/4074
f 770/4075/4075 765/4076/4076 771/4077/4077
f 760/4078/4078 772/4079/4079 762/4080/4080
f 762/4081/4081 772/4082/4082 773/4083/4083
f 762/4084/4084 773/4085/4085 769/4086/4086
f 769/4087/4087 773/4088/4088 774/4089/4089
f 774/4090/4090 773/4091/4091 775/4092/4092
f 775/4093/4093 773/4094/4094 776/4095/4095
f 775/4096/4096 776/4097/4097 777/4098/4098
f 777/4099/4099 776/4100/4100 778/4101/4101
f 778/4102/4102 776/4103/4103 772/4104/4104
f 772/4105/4105 776/4106/4106 773/4107/4107
f 777/4108/4108 779/4109/4109 775/4110/4110
f 759/4111/4111 423/4112/4112 780/4113/4113
f 780/4114/4114 423/4115/4115 195/4116/4116
f 780/4117/4117 195/4118/4118 760/4119/4119
f 760/4120/4120 759/4121/4121 780/4122/4122
f 769/4123/4123 192/4124/4124 781/4125/4125
f 781/4126/4126 192/4127/4127 498/4128/4128
f 781/4129/4129 498/4130/4130 764/4131/4131
f 764/4132/4132 769/4133/4133 781/4134/4134
f 764/4135/4135 498/4136/4136 782/4137/4137
f 782/4138/4138 498/4139/4139 412/4140/4140
f 782/4141/4141 412/4142/4142 765/4143/4143
f 765/4144/4144 412/4145/4145 771/4146/4146
f 771/4147/4147 412/4148/4148 411/4149/4149
f 765/4150/4150 764/4151/4151 782/4152/4152
f 771/4153/4153 411/4154/4154 783/4155/4155
f 783/4156/4156 411/4157/4157 415/4158/4158
f 783/4159/4159 415/4160/4160 770/4161/4161
f 770/4162/4162 415/4163/4163 417/4164/4164
f 770/4165/4165 417/4166/4166 767/4167/4167
f 783/4168/4168 770/4169/4169 771/4170/4170
f 767/4171/4171 417/4172/4172 784/4173/4173
f 784/4174/4174 417/4175/4175 418/4176/4176
f 784/4177/4177 418/4178/4178 768/4179/4179
f 768/4180/4180 767/4181/4181 784/4182/4182
f 768/4183/4183 418/4184/4184 785/4185/4185
f 785/4186/4186 418/4187/4187 497/4188/4188
f 785/4189/4189 497/4190/4190 766/4191/4191
f 766/4192/4192 768/4193/4193 785/4194/4194
f 766/4195/4195 497/4196/4196 786/4197/4197
f 786/4198/4198 497/4199/4199 419/4200/4200
f 786/4201/4201 419/4202/4202 761/4203/4203
f 761/4204/4204 419/4205/4205 423/4206/4206
f 761/4207/4207 423/4208/4208 759/4209/4209
f 786/4210/4210 761/4211/4211 763/4212/4212
f 786/4213/4213 763/4214/4214 766/4215/4215
f 760/4216/4216 195/4217/4217 787/4218/4218
f 787/4219/4219 195/4220/4220 141/4221/4221
f 787/4222/4222 141/4223/4223 788/4224/4224
f 788/4225/4225 141/4226/4226 140/4227/4227
f 788/4228/4228 140/4229/4229 778/4230/4230
f 778/4231/4231 772/4232/4232 788/4233/4233
f 788/4234/4234 772/4235/4235 787/4236/4236
f 772/4237/4237 760/4238/4238 787/4239/4239
f 778/4240/4240 140/4241/4241 789/4242/4242
f 789/4243/4243 140/4244/4244 143/4245/4245
f 777/4246/4246 789/4247/4247 779/4248/4248
f 779/4249/4249 789/4250/4250 145/4251/4251
f 145/4252/4252 789/4253/4253 143/4254/4254
f 777/4255/4255 778/4256/4256 789/4257/4257
f 193/4258/4258 790/4259/4259 145/4260/4260
f 145/4261/4261 790/4262/4262 779/4263/4263
f 779/4264/4264 790/4265/4265 775/4266/4266
f 775/4267/4267 790/4268/4268 791/4269/4269
f 775/4270/4270 791/4271/4271 774/4272/4272
f 774/4273/4273 791/4274/4274 192/4275/4275
f 774/4276/4276 192/4277/4277 769/4278/4278
f 790/4279/4279 193/4280/4280 791/4281/4281
f 791/4282/4282 193/4283/4283 192/4284/4284
f 792/4285/4285 793/4286/4286 794/4287/4287
f 794/4288/4288 793/4289/4289 795/4290/4290
f 795/4291/4291 793/4292/4292 796/4293/4293
f 796/4294/4294 793/4295/4295 797/4296/4296
f 796/4297/4297 797/4298/4298 798/4299/4299
f 798/4300/4300 797/4301/4301 799/4302/4302
f 798/4303/4303 799/4304/4304 800/4305/4305
f 798/4306/4306 800/4307/4307 801/4308/4308
f 796/4309/4309 802/4310/4310 795/4311/4311
f 797/4312/4312 803/4313/4313 799/4314/4314
f 799/4315/4315 803/4316/4316 804/4317/4317
f 799/4318/4318 804/4319/4319 805/4320/4320
f 805/4321/4321 804/4322/4322 806/4323/4323
f 805/4324/4324 806/4325/4325 807/4326/4326
f 807/4327/4327 806/4328/4328 808/4329/4329
f 807/4330/4330 808/4331/4331 809/4332/4332
f 803/4333/4333 810/4334/4334 804/4335/4335
f 804/4336/4336 810/4337/4337 806/4338/4338
f 809/4339/4339 805/4340/4340 807/4341/4341
f 805/4342/4342 800/4343/4343 799/4344/4344
f 420/4345/4345 421/4346/4346 792/4347/4347
f 792/4348/4348 421/4349/4349 793/4350/4350
f 793/4351/4351 421/4352/4352 295/4353/4353
f 793/4354/4354 295/4355/4355 797/4356/4356
f 800/4357/4357 302/4358/4358 811/4359/4359
f 811/4360/4360 302/4361/4361 431/4362/4362
f 811/4363/4363 431/4364/4364 801/4365/4365
f 801/4366/4366 800/4367/4367 811/4368/4368
f 801/4369/4369 431/4370/4370 812/4371/4371
f 812/4372/4372 431/4373/4373 429/4374/4374
f 798/4375/4375 812/4376/4376 796/4377/4377
f 796/4378/4378 812/4379/4379 428/4380/4380
f 428/4381/4381 812/4382/4382 429/4383/4383
f 812/4384/4384 798/4385/4385 801/4386/4386
f 796/4387/4387 428/4388/4388 813/4389/4389
f 813/4390/4390 428/4391/4391 425/4392/4392
f 813/4393/4393 425/4394/4394 802/4395/4395
f 802/4396/4396 796/4397/4397 813/4398/4398
f 802/4399/4399 425/4400/4400 814/4401/4401
f 814/4402/4402 425/4403/4403 424/4404/4404
f 814/4405/4405 424/4406/4406 795/4407/4407
f 795/4408/4408 802/4409/4409 814/4410/4410
f 424/4411/4411 422/4412/4412 795/4413/4413
f 795/4414/4414 422/4415/4415 815/4416/4416
f 795/4417/4417 815/4418/4418 794/4419/4419
f 794/4420/4420 815/4421/4421 792/4422/4422
f 792/4423/4423 815/4424/4424 420/4425/4425
f 420/4426/4426 815/4427/4427 422/4428/4428
f 294/4429/4429 816/4430/4430 295/4431/4431
f 816/4432/4432 294/4433/4433 803/4434/4434
f 797/4435/4435 816/4436/4436 803/4437/4437
f 816/4438/4438 797/4439/4439 295/4440/4440
f 803/4441/4441 294/4442/4442 817/4443/4443
f 817/4444/4444 294/4445/4445 349/4446/4446
f 817/4447/4447 349/4448/4448 818/4449/4449
f 818/4450/4450 349/4451/4451 286/4452/4452
f 818/4453/4453 286/4454/4454 808/4455/4455
f 808/4456/4456 806/4457/4457 818/4458/4458
f 818/4459/4459 806/4460/4460 817/4461/4461
f 806/4462/4462 810/4463/4463 817/4464/4464
f 817/4465/4465 810/4466/4466 803/4467/4467
f 808/4468/4468 286/4469/4469 819/4470/4470
f 819/4471/4471 286/4472/4472 296/4473/4473
f 819/4474/4474 296/4475/4475 809/4476/4476
f 819/4477/4477 809/4478/4478 808/4479/4479
f 809/4480/4480 296/4481/4481 820/4482/4482
f 820/4483/4483 296/4484/4484 300/4485/4485
f 820/4486/4486 300/4487/4487 821/4488/4488
f 821/4489/4489 300/4490/4490 302/4491/4491
f 821/4492/4492 302/4493/4493 800/4494/4494
f 800/4495/4495 805/4496/4496 821/4497/4497
f 821/4498/4498 805/4499/4499 820/4500/4500
f 805/4501/4501 809/4502/4502 820/4503/4503
f 822/4504/4504 823/4505/4505 824/4506/4506
f 824/4507/4507 823/4508/4508 825/4509/4509
f 824/4510/4510 825/4511/4511 826/4512/4512
f 826/4513/4513 825/4514/4514 827/4515/4515
f 826/4516/4516 827/4517/4517 828/4518/4518
f 826/4519/4519 828/4520/4520 829/4521/4521
f 829/4522/4522 828/4523/4523 830/4524/4524
f 829/4525/4525 830/4526/4526 831/4527/4527
f 825/4528/4528 832/4529/4529 827/4530/4530
f 830/4531/4531 828/4532/4532 833/4533/4533
f 833/4534/4534 828/4535/4535 834/4536/4536
f 823/4537/4537 835/4538/4538 825/4539/4539
f 825/4540/4540 835/4541/4541 836/4542/4542
f 825/4543/4543 836/4544/4544 832/4545/4545
f 832/4546/4546 836/4547/4547 837/4548/4548
f 837/4549/4549 836/4550/4550 838/4551/4551
f 838/4552/4552 836/4553/4553 839/4554/4554
f 838/4555/4555 839/4556/4556 840/4557/4557
f 840/4558/4558 839/4559/4559 841/4560/4560
f 841/4561/4561 839/4562/4562 835/4563/4563
f 835/4564/4564 839/4565/4565 836/4566/4566
f 840/4567/4567 842/4568/4568 838/4569/4569
f 822/4570/4570 378/4571/4571 843/4572/4572
f 843/4573/4573 378/4574/4574 174/4575/4575
f 843/4576/4576 174/4577/4577 823/4578/4578
f 823/4579/4579 822/4580/4580 843/4581/4581
f 832/4582/4582 172/4583/4583 844/4584/4584
f 844/4585/4585 172/4586/4586 504/4587/4587
f 844/4588/4588 504/4589/4589 827/4590/4590
f 827/4591/4591 832/4592/4592 844/4593/4593
f 827/4594/4594 504/4595/4595 845/4596/4596
f 845/4597/4597 504/4598/4598 367/4599/4599
f 845/4600/4600 367/4601/4601 828/4602/4602
f 828/4603/4603 367/4604/4604 834/4605/4605
f 834/4606/4606 367/4607/4607 366/4608/4608
f 828/4609/4609 827/4610/4610 845/4611/4611
f 834/4612/4612 366/4613/4613 846/4614/4614
f 846/4615/4615 366/4616/4616 370/4617/4617
f 846/4618/4618 370/4619/4619 833/4620/4620
f 833/4621/4621 370/4622/4622 372/4623/4623
f 833/4624/4624 372/4625/4625 830/4626/4626
f 846/4627/4627 833/4628/4628 834/4629/4629
f 830/4630/4630 372/4631/4631 847/4632/4632
f 847/4633/4633 372/4634/4634 373/4635/4635
f 847/4636/4636 373/4637/4637 831/4638/4638
f 831/4639/4639 830/4640/4640 847/4641/4641
f 831/4642/4642 373/4643/4643 848/4644/4644
f 848/4645/4645 373/4646/4646 503/4647/4647
f 848/4648/4648 503/4649/4649 829/4650/4650
f 829/4651/4651 831/4652/4652 848/4653/4653
f 829/4654/4654 503/4655/4655 849/4656/4656
f 849/4657/4657 503/4658/4658 374/4659/4659
f 849/4660/4660 374/4661/4661 824/4662/4662
f 824/4663/4663 374/4664/4664 378/4665/4665
f 824/4666/4666 378/4667/4667 822/4668/4668
f 849/4669/4669 824/4670/4670 826/4671/4671
f 849/4672/4672 826/4673/4673 829/4674/4674
f 823/4675/4675 174/4676/4676 850/4677/4677
f 850/4678/4678 174/4679/4679 162/4680/4680
f 850/4681/4681 162/4682/4682 851/4683/4683
f 851/4684/4684 162/4685/4685 161/4686/4686
f 851/4687/4687 161/4688/4688 841/4689/4689
f 841/4690/4690 835/4691/4691 851/4692/4692
f 851/4693/4693 835/4694/4694 850/4695/4695
f 835/4696/4696 823/4697/4697 850/4698/4698
f 841/4699/4699 161/4700/4700 852/4701/4701
f 852/4702/4702 161/4703/4703 163/4704/4704
f 840/4705/4705 852/4706/4706 842/4707/4707
f 842/4708/4708 852/4709/4709 101/4710/4710
f 101/4711/4711 852/4712/4712 163/4713/4713
f 840/4714/4714 841/4715/4715 852/4716/4716
f 102/4717/4717 853/4718/4718 101/4719/4719
f 101/4720/4720 853/4721/4721 842/4722/4722
f 842/4723/4723 853/4724/4724 838/4725/4725
f 838/4726/4726 853/4727/4727 854/4728/4728
f 838/4729/4729 854/4730/4730 837/4731/4731
f 837/4732/4732 854/4733/4733 172/4734/4734
f 837/4735/4735 172/4736/4736 832/4737/4737
f 853/4738/4738 102/4739/4739 854/4740/4740
f 854/4741/4741 102/4742/4742 172/4743/4743
f 855/4744/4744 856/4745/4745 857/4746/4746
f 857/4747/4747 856/4748/4748 858/4749/4749
f 858/4750/4750 856/4751/4751 859/4752/4752
f 859/4753/4753 856/4754/4754 860/4755/4755
f 859/4756/4756 860/4757/4757 861/4758/4758
f 861/4759/4759 860/4760/4760 862/4761/4761
f 861/4762/4762 862/4763/4763 863/4764/4764
f 861/4765/4765 863/4766/4766 864/4767/4767
f 859/4768/4768 865/4769/4769 858/4770/4770
f 860/4771/4771 866/4772/4772 862/4773/4773
f 862/4774/4774 866/4775/4775 867/4776/4776
f 862/4777/4777 867/4778/4778 868/4779/4779
f 868/4780/4780 867/4781/4781 869/4782/4782
f 868/4783/4783 869/4784/4784 870/4785/4785
f 870/4786/4786 869/4787/4787 871/4788/4788
f 870/4789/4789 871/4790/4790 872/4791/4791
f 866/4792/4792 873/4793/4793 867/4794/4794
f 867/4795/4795 873/4796/4796 869/4797/4797
f 872/4798/4798 868/4799/4799 870/4800/4800
f 868/4801/4801 863/4802/4802 862/4803/4803
f 375/4804/4804 376/4805/4805 855/4806/4806
f 855/4807/4807 376/4808/4808 856/4809/4809
f 856/4810/4810 376/4811/4811 257/4812/4812
f 856/4813/4813 257/4814/4814 860/4815/4815
f 863/4816/4816 264/4817/4817 874/4818/4818
f 874/4819/4819 264/4820/4820 386/4821/4821
f 874/4822/4822 386/4823/4823 864/4824/4824
f 864/4825/4825 863/4826/4826 874/4827/4827
f 864/4828/4828 386/4829/4829 875/4830/4830
f 875/4831/4831 386/4832/4832 384/4833/4833
f 861/4834/4834 875/4835/4835 859/4836/4836
f 859/4837/4837 875/4838/4838 383/4839/4839
f 383/4840/4840 875/4841/4841 384/4842/4842
f 875/4843/4843 861/4844/4844 864/4845/4845
f 859/4846/4846 383/4847/4847 876/4848/4848
f 876/4849/4849 383/4850/4850 380/4851/4851
f 876/4852/4852 380/4853/4853 865/4854/4854
f 865/4855/4855 859/4856/4856 876/4857/4857
f 865/4858/4858 380/4859/4859 877/4860/4860
f 877/4861/4861 380/4862/4862 379/4863/4863
f 877/4864/4864 379/4865/4865 858/4866/4866
f 858/4867/4867 865/4868/4868 877/4869/4869
f 379/4870/4870 377/4871/4871 858/4872/4872
f 858/4873/4873 377/4874/4874 878/4875/4875
f 858/4876/4876 878/4877/4877 857/4878/4878
f 857/4879/4879 878/4880/4880 855/4881/4881
f 855/4882/4882 878/4883/4883 375/4884/4884
f 375/4885/4885 878/4886/4886 377/4887/4887
f 256/4888/4888 879/4889/4889 257/4890/4890
f 879/4891/4891 256/4892/4892 866/4893/4893
f 860/4894/4894 879/4895/4895 866/4896/4896
f 879/4897/4897 860/4898/4898 257/4899/4899
f 866/4900/4900 256/4901/4901 880/4902/4902
f 880/4903/4903 256/4904/4904 352/4905/4905
f 880/4906/4906 352/4907/4907 881/4908/4908
f 881/4909/4909 352/4910/4910 248/4911/4911
f 881/4912/4912 248/4913/4913 871/4914/4914
f 871/4915/4915 869/4916/4916 881/4917/4917
f 881/4918/4918 869/4919/4919 880/4920/4920
f 869/4921/4921 873/4922/4922 880/4923/4923
f 880/4924/4924 873/4925/4925 866/4926/4926
f 871/4927/4927 248/4928/4928 882/4929/4929
f 882/4930/4930 248/4931/4931 258/4932/4932
f 882/4933/4933 258/4934/4934 872/4935/4935
f 882/4936/4936 872/4937/4937 871/4938/4938
f 872/4939/4939 258/4940/4940 883/4941/4941
f 883/4942/4942 258/4943/4943 262/4944/4944
f 883/4945/4945 262/4946/4946 884/4947/4947
f 884/4948/4948 262/4949/4949 264/4950/4950
f 884/4951/4951 264/4952/4952 863/4953/4953
f 863/4954/4954 868/4955/4955 884/4956/4956
f 884/4957/4957 868/4958/4958 883/4959/4959
f 868/4960/4960 872/4961/4961 883/4962/4962
f 885/4963/4963 886/4964/4964 887/4965/4965
f 887/4966/4966 886/4967/4967 888/4968/4968
f 887/4969/4969 888/4970/4970 889/4971/4971
f 889/4972/4972 888/4973/4973 890/4974/4974
f 889/4975/4975 890/4976/4976 891/4977/4977
f 889/4978/4978 891/4979/4979 892/4980/4980
f 892/4981/4981 891/4982/4982 893/4983/4983
f 892/4984/4984 893/4985/4985 894/4986/4986
f 888/4987/4987 895/4988/4988 890/4989/4989
f 893/4990/4990 891/4991/4991 896/4992/4992
f 896/4993/4993 891/4994/4994 897/4995/4995
f 886/4996/4996 898/4997/4997 888/4998/4998
f 888/4999/4999 898/5000/5000 899/5001/5001
f 888/5002/5002 899/5003/5003 895/5004/5004
f 895/5005/5005 899/5006/5006 900/5007/5007
f 900/5008/5008 899/5009/5009 901/5010/5010
f 901/5011/5011 899/5012/5012 902/5013/5013
f 901/5014/5014 902/5015/5015 903/5016/5016
f 903/5017/5017 902/5018/5018 904/5019/5019
f 904/5020/5020 902/5021/5021 898/5022/5022
f 898/5023/5023 902/5024/5024 899/5025/5025
f 903/5026/5026 905/5027/5027 901/5028/5028
f 885/5029/5029 393/5030/5030 906/5031/5031
f 906/5032/5032 393/5033/5033 181/5034/5034
f 906/5035/5035 181/5036/5036 886/5037/5037
f 886/5038/5038 885/5039/5039 906/5040/5040
f 895/5041/5041 178/5042/5042 907/5043/5043
f 907/5044/5044 178/5045/5045 502/5046/5046
f 907/5047/5047 502/5048/5048 890/5049/5049
f 890/5050/5050 895/5051/5051 907/5052/5052
f 890/5053/5053 502/5054/5054 908/5055/5055
f 908/5056/5056 502/5057/5057 382/5058/5058
f 908/5059/5059 382/5060/5060 891/5061/5061
f 891/5062/5062 382/5063/5063 897/5064/5064
f 897/5065/5065 382/5066/5066 381/5067/5067
f 891/5068/5068 890/5069/5069 908/5070/5070
f 897/5071/5071 381/5072/5072 909/5073/5073
f 909/5074/5074 381/5075/5075 385/5076/5076
f 909/5077/5077 385/5078/5078 896/5079/5079
f 896/5080/5080 385/5081/5081 387/5082/5082
f 896/5083/5083 387/5084/5084 893/5085/5085
f 909/5086/5086 896/5087/5087 897/5088/5088
f 893/5089/5089 387/5090/5090 910/5091/5091
f 910/5092/5092 387/5093/5093 388/5094/5094
f 910/5095/5095 388/5096/5096 894/5097/5097
f 894/5098/5098 893/5099/5099 910/5100/5100
f 894/5101/5101 388/5102/5102 911/5103/5103
f 911/5104/5104 388/5105/5105 501/5106/5106
f 911/5107/5107 501/5108/5108 892/5109/5109
f 892/5110/5110 894/5111/5111 911/5112/5112
f 892/5113/5113 501/5114/5114 912/5115/5115
f 912/5116/5116 501/5117/5117 389/5118/5118
f 912/5119/5119 389/5120/5120 887/5121/5121
f 887/5122/5122 389/5123/5123 393/5124/5124
f 887/5125/5125 393/5126/5126 885/5127/5127
f 912/5128/5128 887/5129/5129 889/5130/5130
f 912/5131/5131 889/5132/5132 892/5133/5133
f 886/5134/5134 181/5135/5135 913/5136/5136
f 913/5137/5137 181/5138/5138 155/5139/5139
f 913/5140/5140 155/5141/5141 914/5142/5142
f 914/5143/5143 155/5144/5144 154/5145/5145
f 914/5146/5146 154/5147/5147 904/5148/5148
f 904/5149/5149 898/5150/5150 914/5151/5151
f 914/5152/5152 898/5153/5153 913/5154/5154
f 898/5155/5155 886/5156/5156 913/5157/5157
f 904/5158/5158 154/5159/5159 915/5160/5160
f 915/5161/5161 154/5162/5162 157/5163/5163
f 903/5164/5164 915/5165/5165 905/5166/5166
f 905/5167/5167 915/5168/5168 158/5169/5169
f 158/5170/5170 915/5171/5171 157/5172/5172
f 903/5173/5173 904/5174/5174 915/5175/5175
f 179/5176/5176 916/5177/5177 158/5178/5178
f 158/5179/5179 916/5180/5180 905/5181/5181
f 905/5182/5182 916/5183/5183 901/5184/5184
f 901/5185/5185 916/5186/5186 917/5187/5187
f 901/5188/5188 917/5189/5189 900/5190/5190
f 900/5191/5191 917/5192/5192 178/5193/5193
f 900/5194/5194 178/5195/5195 895/5196/5196
f 916/5197/5197 179/5198/5198 917/5199/5199
f 917/5200/5200 179/5201/5201 178/5202/5202
f 918/5203/5203 919/5204/5204 920/5205/5205
f 920/5206/5206 919/5207/5207 921/5208/5208
f 921/5209/5209 919/5210/5210 922/5211/5211
f 922/5212/5212 919/5213/5213 923/5214/5214
f 922/5215/5215 923/5216/5216 924/5217/5217
f 924/5218/5218 923/5219/5219 925/5220/5220
f 924/5221/5221 925/5222/5222 926/5223/5223
f 924/5224/5224 926/5225/5225 927/5226/5226
f 922/5227/5227 928/5228/5228 921/5229/5229
f 923/5230/5230 929/5231/5231 925/5232/5232
f 925/5233/5233 929/5234/5234 930/5235/5235
f 925/5236/5236 930/5237/5237 931/5238/5238
f 931/5239/5239 930/5240/5240 932/5241/5241
f 931/5242/5242 932/5243/5243 933/5244/5244
f 933/5245/5245 932/5246/5246 934/5247/5247
f 933/5248/5248 934/5249/5249 935/5250/5250
f 929/5251/5251 936/5252/5252 930/5253/5253
f 930/5254/5254 936/5255/5255 932/5256/5256
f 935/5257/5257 931/5258/5258 933/5259/5259
f 931/5260/5260 926/5261/5261 925/5262/5262
f 390/5263/5263 391/5264/5264 918/5265/5265
f 918/5266/5266 391/5267/5267 919/5268/5268
f 919/5269/5269 391/5270/5270 269/5271/5271
f 919/5272/5272 269/5273/5273 923/5274/5274
f 926/5275/5275 277/5276/5276 937/5277/5277
f 937/5278/5278 277/5279/5279 401/5280/5280
f 937/5281/5281 401/5282/5282 927/5283/5283
f 927/5284/5284 926/5285/5285 937/5286/5286
f 927/5287/5287 401/5288/5288 938/5289/5289
f 938/5290/5290 401/5291/5291 399/5292/5292
f 924/5293/5293 938/5294/5294 922/5295/5295
f 922/5296/5296 938/5297/5297 398/5298/5298
f 398/5299/5299 938/5300/5300 399/5301/5301
f 938/5302/5302 924/5303/5303 927/5304/5304
f 922/5305/5305 398/5306/5306 939/5307/5307
f 939/5308/5308 398/5309/5309 395/5310/5310
f 939/5311/5311 395/5312/5312 928/5313/5313
f 928/5314/5314 922/5315/5315 939/5316/5316
f 928/5317/5317 395/5318/5318 940/5319/5319
f 940/5320/5320 395/5321/5321 394/5322/5322
f 940/5323/5323 394/5324/5324 921/5325/5325
f 921/5326/5326 928/5327/5327 940/5328/5328
f 394/5329/5329 392/5330/5330 921/5331/5331
f 921/5332/5332 392/5333/5333 941/5334/5334
f 921/5335/5335 941/5336/5336 920/5337/5337
f 920/5338/5338 941/5339/5339 918/5340/5340
f 918/5341/5341 941/5342/5342 390/5343/5343
f 390/5344/5344 941/5345/5345 392/5346/5346
f 268/5347/5347 942/5348/5348 269/5349/5349
f 942/5350/5350 268/5351/5351 929/5352/5352
f 923/5353/5353 942/5354/5354 929/5355/5355
f 942/5356/5356 923/5357/5357 269/5358/5358
f 929/5359/5359 268/5360/5360 943/5361/5361
f 943/5362/5362 268/5363/5363 351/5364/5364
f 943/5365/5365 351/5366/5366 944/5367/5367
f 944/5368/5368 351/5369/5369 260/5370/5370
f 944/5371/5371 260/5372/5372 934/5373/5373
f 934/5374/5374 932/5375/5375 944/5376/5376
f 944/5377/5377 932/5378/5378 943/5379/5379
f 932/5380/5380 936/5381/5381 943/5382/5382
f 943/5383/5383 936/5384/5384 929/5385/5385
f 934/5386/5386 260/5387/5387 945/5388/5388
f 945/5389/5389 260/5390/5390 270/5391/5391
f 945/5392/5392 270/5393/5393 935/5394/5394
f 945/5395/5395 935/5396/5396 934/5397/5397
f 935/5398/5398 270/5399/5399 946/5400/5400
f 946/5401/5401 270/5402/5402 275/5403/5403
f 946/5404/5404 275/5405/5405 947/5406/5406
f 947/5407/5407 275/5408/5408 277/5409/5409
f 947/5410/5410 277/5411/5411 926/5412/5412
f 926/5413/5413 931/5414/5414 947/5415/5415
f 947/5416/5416 931/5417/5417 946/5418/5418
f 931/5419/5419 935/5420/5420 946/5421/5421
f 948/5422/5422 949/5423/5423 950/5424/5424
f 950/5425/5425 949/5426/5426 951/5427/5427
f 950/5428/5428 951/5429/5429 952/5430/5430
f 952/5431/5431 951/5432/5432 953/5433/5433
f 952/5434/5434 953/5435/5435 954/5436/5436
f 952/5437/5437 954/5438/5438 955/5439/5439
f 955/5440/5440 954/5441/5441 956/5442/5442
f 955/5443/5443 956/5444/5444 957/5445/5445
f 951/5446/5446 958/5447/5447 953/5448/5448
f 956/5449/5449 954/5450/5450 959/5451/5451
f 959/5452/5452 954/5453/5453 960/5454/5454
f 949/5455/5455 961/5456/5456 951/5457/5457
f 951/5458/5458 961/5459/5459 962/5460/5460
f 951/5461/5461 962/5462/5462 958/5463/5463
f 958/5464/5464 962/5465/5465 963/5466/5466
f 963/5467/5467 962/5468/5468 964/5469/5469
f 964/5470/5470 962/5471/5471 965/5472/5472
f 964/5473/5473 965/5474/5474 966/5475/5475
f 966/5476/5476 965/5477/5477 967/5478/5478
f 967/5479/5479 965/5480/5480 961/5481/5481
f 961/5482/5482 965/5483/5483 962/5484/5484
f 966/5485/5485 968/5486/5486 964/5487/5487
f 948/5488/5488 408/5489/5489 969/5490/5490
f 969/5491/5491 408/5492/5492 188/5493/5493
f 969/5494/5494 188/5495/5495 949/5496/5496
f 949/5497/5497 948/5498/5498 969/5499/5499
f 958/5500/5500 185/5501/5501 970/5502/5502
f 970/5503/5503 185/5504/5504 500/5505/5505
f 970/5506/5506 500/5507/5507 953/5508/5508
f 953/5509/5509 958/5510/5510 970/5511/5511
f 953/5512/5512 500/5513/5513 971/5514/5514
f 971/5515/5515 500/5516/5516 397/5517/5517
f 971/5518/5518 397/5519/5519 954/5520/5520
f 954/5521/5521 397/5522/5522 960/5523/5523
f 960/5524/5524 397/5525/5525 396/5526/5526
f 954/5527/5527 953/5528/5528 971/5529/5529
f 960/5530/5530 396/5531/5531 972/5532/5532
f 972/5533/5533 396/5534/5534 400/5535/5535
f 972/5536/5536 400/5537/5537 959/5538/5538
f 959/5539/5539 400/5540/5540 402/5541/5541
f 959/5542/5542 402/5543/5543 956/5544/5544
f 972/5545/5545 959/5546/5546 960/5547/5547
f 956/5548/5548 402/5549/5549 973/5550/5550
f 973/5551/5551 402/5552/5552 403/5553/5553
f 973/5554/5554 403/5555/5555 957/5556/5556
f 957/5557/5557 956/5558/5558 973/5559/5559
f 957/5560/5560 403/5561/5561 974/5562/5562
f 974/5563/5563 403/5564/5564 499/5565/5565
f 974/5566/5566 499/5567/5567 955/5568/5568
f 955/5569/5569 957/5570/5570 974/5571/5571
f 955/5572/5572 499/5573/5573 975/5574/5574
f 975/5575/5575 499/5576/5576 404/5577/5577
f 975/5578/5578 404/5579/5579 950/5580/5580
f 950/5581/5581 404/5582/5582 408/5583/5583
f 950/5584/5584 408/5585/5585 948/5586/5586
f 975/5587/5587 950/5588/5588 952/5589/5589
f 975/5590/5590 952/5591/5591 955/5592/5592
f 949/5593/5593 188/5594/5594 976/5595/5595
f 976/5596/5596 188/5597/5597 148/5598/5598
f 976/5599/5599 148/5600/5600 977/5601/5601
f 977/5602/5602 148/5603/5603 147/5604/5604
f 977/5605/5605 147/5606/5606 967/5607/5607
f 967/5608/5608 961/5609/5609 977/5610/5610
f 977/5611/5611 961/5612/5612 976/5613/5613
f 961/5614/5614 949/5615/5615 976/5616/5616
f 967/5617/5617 147/5618/5618 978/5619/5619
f 978/5620/5620 147/5621/5621 150/5622/5622
f 966/5623/5623 978/5624/5624 968/5625/5625
f 968/5626/5626 978/5627/5627 151/5628/5628
f 151/5629/5629 978/5630/5630 150/5631/5631
f 966/5632/5632 967/5633/5633 978/5634/5634
f 186/5635/5635 979/5636/5636 151/5637/5637
f 151/5638/5638 979/5639/5639 968/5640/5640
f 968/5641/5641 979/5642/5642 964/5643/5643
f 964/5644/5644 979/5645/5645 980/5646/5646
f 964/5647/5647 980/5648/5648 963/5649/5649
f 963/5650/5650 980/5651/5651 185/5652/5652
f 963/5653/5653 185/5654/5654 958/5655/5655
f 979/5656/5656 186/5657/5657 980/5658/5658
f 980/5659/5659 186/5660/5660 185/5661/5661
f 981/5662/5662 982/5663/5663 983/5664/5664
f 983/5665/5665 982/5666/5666 984/5667/5667
f 984/5668/5668 982/5669/5669 985/5670/5670
f 985/5671/5671 982/5672/5672 986/5673/5673
f 985/5674/5674 986/5675/5675 987/5676/5676
f 987/5677/5677 986/5678/5678 988/5679/5679
f 987/5680/5680 988/5681/5681 989/5682/5682
f 987/5683/5683 989/5684/5684 990/5685/5685
f 985/5686/5686 991/5687/5687 984/5688/5688
f 986/5689/5689 992/5690/5690 988/5691/5691
f 988/5692/5692 992/5693/5693 993/5694/5694
f 988/5695/5695 993/5696/5696 994/5697/5697
f 994/5698/5698 993/5699/5699 995/5700/5700
f 994/5701/5701 995/5702/5702 996/5703/5703
f 996/5704/5704 995/5705/5705 997/5706/5706
f 996/5707/5707 997/5708/5708 998/5709/5709
f 992/5710/5710 999/5711/5711 993/5712/5712
f 993/5713/5713 999/5714/5714 995/5715/5715
f 998/5716/5716 994/5717/5717 996/5718/5718
f 994/5719/5719 989/5720/5720 988/5721/5721
f 405/5722/5722 406/5723/5723 981/5724/5724
f 981/5725/5725 406/5726/5726 982/5727/5727
f 982/5728/5728 406/5729/5729 282/5730/5730
f 982/5731/5731 282/5732/5732 986/5733/5733
f 989/5734/5734 290/5735/5735 1000/5736/5736
f 1000/5737/5737 290/5738/5738 416/5739/5739
f 1000/5740/5740 416/5741/5741 990/5742/5742
f 990/5743/5743 989/5744/5744 1000/5745/5745
f 990/5746/5746 416/5747/5747 1001/5748/5748
f 1001/5749/5749 416/5750/5750 414/5751/5751
f 987/5752/5752 1001/5753/5753 985/5754/5754
f 985/5755/5755 1001/5756/5756 413/5757/5757
f 413/5758/5758 1001/5759/5759 414/5760/5760
f 1001/5761/5761 987/5762/5762 990/5763/5763
f 985/5764/5764 413/5765/5765 1002/5766/5766
f 1002/5767/5767 413/5768/5768 410/5769/5769
f 1002/5770/5770 410/5771/5771 991/5772/5772
f 991/5773/5773 985/5774/5774 1002/5775/5775
f 991/5776/5776 410/5777/5777 1003/5778/5778
f 1003/5779/5779 410/5780/5780 409/5781/5781
f 1003/5782/5782 409/5783/5783 984/5784/5784
f 984/5785/5785 991/5786/5786 1003/5787/5787
f 409/5788/5788 407/5789/5789 984/5790/5790
f 984/5791/5791 407/5792/5792 1004/5793/5793
f 984/5794/5794 1004/5795/5795 983/5796/5796
f 983/5797/5797 1004/5798/5798 981/5799/5799
f 981/5800/5800 1004/5801/5801 405/5802/5802
f 405/5803/5803 1004/5804/5804 407/5805/5805
f 281/5806/5806 1005/5807/5807 282/5808/5808
f 1005/5809/5809 281/5810/5810 992/5811/5811
f 986/5812/5812 1005/5813/5813 992/5814/5814
f 1005/5815/5815 986/5816/5816 282/5817/5817
f 992/5818/5818 281/5819/5819 1006/5820/5820
f 1006/5821/5821 281/5822/5822 350/5823/5823
f 1006/5824/5824 350/5825/5825 1007/5826/5826
f 1007/5827/5827 350/5828/5828 273/5829/5829
f 1007/5830/5830 273/5831/5831 997/5832/5832
f 997/5833/5833 995/5834/5834 1007/5835/5835
f 1007/5836/5836 995/5837/5837 1006/5838/5838
f 995/5839/5839 999/5840/5840 1006/5841/5841
f 1006/5842/5842 999/5843/5843 992/5844/5844
f 997/5845/5845 273/5846/5846 1008/5847/5847
f 1008/5848/5848 273/5849/5849 283/5850/5850
f 1008/5851/5851 283/5852/5852 998/5853/5853
f 1008/5854/5854 998/5855/5855 997/5856/5856
f 998/5857/5857 283/5858/5858 1009/5859/5859
f 1009/5860/5860 283/5861/5861 288/5862/5862
f 1009/5863/5863 288/5864/5864 1010/5865/5865
f 1010/5866/5866 288/5867/5867 290/5868/5868
f 1010/5869/5869 290/5870/5870 989/5871/5871
f 989/5872/5872 994/5873/5873 1010/5874/5874
f 1010/5875/5875 994/5876/5876 1009/5877/5877
f 994/5878/5878 998/5879/5879 1009/5880/5880
f 1011/5881/5881 1012/5882/5882 1013/5883/5883
f 1013/5884/5884 1012/5885/5885 1014/5886/5886
f 1013/5887/5887 1014/5888/5888 1015/5889/5889
f 1015/5890/5890 1014/5891/5891 1016/5892/5892
f 1015/5893/5893 1016/5894/5894 1017/5895/5895
f 1015/5896/5896 1017/5897/5897 1018/5898/5898
f 1018/5899/5899 1017/5900/5900 1019/5901/5901
f 1018/5902/5902 1019/5903/5903 1020/5904/5904
f 1014/5905/5905 1021/5906/5906 1016/5907/5907
f 1019/5908/5908 1017/5909/5909 1022/5910/5910
f 1022/5911/5911 1017/5912/5912 1023/5913/5913
f 1012/5914/5914 1024/5915/5915 1014/5916/5916
f 1014/5917/5917 1024/5918/5918 1025/5919/5919
f 1014/5920/5920 1025/5921/5921 1021/5922/5922
f 1021/5923/5923 1025/5924/5924 1026/5925/5925
f 1026/5926/5926 1025/5927/5927 1027/5928/5928
f 1027/5929/5929 1025/5930/5930 1028/5931/5931
f 1027/5932/5932 1028/5933/5933 1029/5934/5934
f 1029/5935/5935 1028/5936/5936 1030/5937/5937
f 1030/5938/5938 1028/5939/5939 1024/5940/5940
f 1024/5941/5941 1028/5942/5942 1025/5943/5943
f 1029/5944/5944 1031/5945/5945 1027/5946/5946
f 1011/5947/5947 363/5948/5948 1032/5949/5949
f 1032/5950/5950 363/5951/5951 171/5952/5952
f 1032/5953/5953 171/5954/5954 1012/5955/5955
f 1012/5956/5956 1011/5957/5957 1032/5958/5958
f 1021/5959/5959 168/5960/5960 1033/5961/5961
f 1033/5962/5962 168/5963/5963 506/5964/5964
f 1033/5965/5965 506/5966/5966 1016/5967/5967
f 1016/5968/5968 1021/5969/5969 1033/5970/5970
f 1016/5971/5971 506/5972/5972 1034/5973/5973
f 1034/5974/5974 506/5975/5975 355/5976/5976
f 1034/5977/5977 355/5978/5978 1017/5979/5979
f 1017/5980/5980 355/5981/5981 1023/5982/5982
f 1023/5983/5983 355/5984/5984 354/5985/5985
f 1017/5986/5986 1016/5987/5987 1034/5988/5988
f 1023/5989/5989 354/5990/5990 1035/5991/5991
f 1035/5992/5992 354/5993/5993 356/5994/5994
f 1035/5995/5995 356/5996/5996 1022/5997/5997
f 1022/5998/5998 356/5999/5999 357/6000/6000
f 1022/6001/6001 357/6002/6002 1019/6003/6003
f 1035/6004/6004 1022/6005/6005 1023/6006/6006
f 1019/6007/6007 357/6008/6008 1036/6009/6009
f 1036/6010/6010 357/6011/6011 358/6012/6012
f 1036/6013/6013 358/6014/6014 1020/6015/6015
f 1020/6016/6016 1019/6017/6017 1036/6018/6018
f 1020/6019/6019 358/6020/6020 1037/6021/6021
f 1037/6022/6022 358/6023/6023 505/6024/6024
f 1037/6025/6025 505/6026/6026 1018/6027/6027
f 1018/6028/6028 1020/6029/6029 1037/6030/6030
f 1018/6031/6031 505/6032/6032 1038/6033/6033
f 1038/6034/6034 505/6035/6035 359/6036/6036
f 1038/6037/6037 359/6038/6038 1013/6039/6039
f 1013/6040/6040 359/6041/6041 363/6042/6042
f 1013/6043/6043 363/6044/6044 1011/6045/6045
f 1038/6046/6046 1013/6047/6047 1015/6048/6048
f 1038/6049/6049 1015/6050/6050 1018/6051/6051
f 1012/6052/6052 171/6053/6053 1039/6054/6054
f 1039/6055/6055 171/6056/6056 170/6057/6057
f 1039/6058/6058 170/6059/6059 1040/6060/6060
f 1040/6061/6061 170/6062/6062 98/6063/6063
f 1040/6064/6064 98/6065/6065 1030/6066/6066
f 1030/6067/6067 1024/6068/6068 1040/6069/6069
f 1040/6070/6070 1024/6071/6071 1039/6072/6072
f 1024/6073/6073 1012/6074/6074 1039/6075/6075
f 1030/6076/6076 98/6077/6077 1041/6078/6078
f 1041/6079/6079 98/6080/6080 96/6081/6081
f 1029/6082/6082 1041/6083/6083 1031/6084/6084
f 1031/6085/6085 1041/6086/6086 107/6087/6087
f 107/6088/6088 1041/6089/6089 96/6090/6090
f 1029/6091/6091 1030/6092/6092 1041/6093/6093
f 169/6094/6094 1042/6095/6095 107/6096/6096
f 107/6097/6097 1042/6098/6098 1031/6099/6099
f 1031/6100/6100 1042/6101/6101 1027/6102/6102
f 1027/6103/6103 1042/6104/6104 1043/6105/6105
f 1027/6106/6106 1043/6107/6107 1026/6108/6108
f 1026/6109/6109 1043/6110/6110 168/6111/6111
f 1026/6112/6112 168/6113/6113 1021/6114/6114
f 1042/6115/6115 169/6116/6116 1043/6117/6117
f 1043/6118/6118 169/6119/6119 168/6120/6120
f 1044/6121/6121 1045/6122/6122 1046/6123/6123
f 1046/6124/6124 1045/6125/6125 1047/6126/6126
f 1047/6127/6127 1045/6128/6128 1048/6129/6129
f 1048/6130/6130 1045/6131/6131 1049/6132/6132
f 1048/6133/6133 1049/6134/6134 1050/6135/6135
f 1050/6136/6136 1049/6137/6137 1051/6138/6138
f 1050/6139/6139 1051/6140/6140 1052/6141/6141
f 1050/6142/6142 1052/6143/6143 1053/6144/6144
f 1048/6145/6145 1054/6146/6146 1047/6147/6147
f 1049/6148/6148 1055/6149/6149 1051/6150/6150
f 1051/6151/6151 1055/6152/6152 1056/6153/6153
f 1051/6154/6154 1056/6155/6155 1057/6156/6156
f 1057/6157/6157 1056/6158/6158 1058/6159/6159
f 1057/6160/6160 1058/6161/6161 1059/6162/6162
f 1059/6163/6163 1058/6164/6164 1060/6165/6165
f 1059/6166/6166 1060/6167/6167 1061/6168/6168
f 1055/6169/6169 1062/6170/6170 1056/6171/6171
f 1056/6172/6172 1062/6173/6173 1058/6174/6174
f 1061/6175/6175 1057/6176/6176 1059/6177/6177
f 1057/6178/6178 1052/6179/6179 1051/6180/6180
f 360/6181/6181 361/6182/6182 1044/6183/6183
f 1044/6184/6184 361/6185/6185 1045/6186/6186
f 1045/6187/6187 361/6188/6188 245/6189/6189
f 1045/6190/6190 245/6191/6191 1049/6192/6192
f 1052/6193/6193 252/6194/6194 1063/6195/6195
f 1063/6196/6196 252/6197/6197 371/6198/6198
f 1063/6199/6199 371/6200/6200 1053/6201/6201
f 1053/6202/6202 1052/6203/6203 1063/6204/6204
f 1053/6205/6205 371/6206/6206 1064/6207/6207
f 1064/6208/6208 371/6209/6209 369/6210/6210
f 1050/6211/6211 1064/6212/6212 1048/6213/6213
f 1048/6214/6214 1064/6215/6215 368/6216/6216
f 368/6217/6217 1064/6218/6218 369/6219/6219
f 1064/6220/6220 1050/6221/6221 1053/6222/6222
f 1048/6223/6223 368/6224/6224 1065/6225/6225
f 1065/6226/6226 368/6227/6227 365/6228/6228
f 1065/6229/6229 365/6230/6230 1054/6231/6231
f 1054/6232/6232 1048/6233/6233 1065/6234/6234
f 1054/6235/6235 365/6236/6236 1066/6237/6237
f 1066/6238/6238 365/6239/6239 364/6240/6240
f 1066/6241/6241 364/6242/6242 1047/6243/6243
f 1047/6244/6244 1054/6245/6245 1066/6246/6246
f 364/6247/6247 362/6248/6248 1047/6249/6249
f 1047/6250/6250 362/6251/6251 1067/6252/6252
f 1047/6253/6253 1067/6254/6254 1046/6255/6255
f 1046/6256/6256 1067/6257/6257 1044/6258/6258
f 1044/6259/6259 1067/6260/6260 360/6261/6261
f 360/6262/6262 1067/6263/6263 362/6264/6264
f 244/6265/6265 1068/6266/6266 245/6267/6267
f 1068/6268/6268 244/6269/6269 1055/6270/6270
f 1049/6271/6271 1068/6272/6272 1055/6273/6273
f 1068/6274/6274 1049/6275/6275 245/6276/6276
f 1055/6277/6277 244/6278/6278 1069/6279/6279
f 1069/6280/6280 244/6281/6281 353/6282/6282
f 1069/6283/6283 353/6284/6284 1070/6285/6285
f 1070/6286/6286 353/6287/6287 238/6288/6288
f 1070/6289/6289 238/6290/6290 1060/6291/6291
f 1060/6292/6292 1058/6293/6293 1070/6294/6294
f 1070/6295/6295 1058/6296/6296 1069/6297/6297
f 1058/6298/6298 1062/6299/6299 1069/6300/6300
f 1069/6301/6301 1062/6302/6302 1055/6303/6303
f 1060/6304/6304 238/6305/6305 1071/6306/6306
f 1071/6307/6307 238/6308/6308 246/6309/6309
f 1071/6310/6310 246/6311/6311 1061/6312/6312
f 1071/6313/6313 1061/6314/6314 1060/6315/6315
f 1061/6316/6316 246/6317/6317 1072/6318/6318
f 1072/6319/6319 246/6320/6320 250/6321/6321
f 1072/6322/6322 250/6323/6323 1073/6324/6324
f 1073/6325/6325 250/6326/6326 252/6327/6327
f 1073/6328/6328 252/6329/6329 1052/6330/6330
f 1052/6331/6331 1057/6332/6332 1073/6333/6333
f 1073/6334/6334 1057/6335/6335 1072/6336/6336
f 1057/6337/6337 1061/6338/6338 1072/6339/6339
f 227/6340/6340 228/6341/6341 1074/6342/6342
f 228/6343/6343 323/6344/6344 1074/6345/6345
f 1074/6346/6346 323/6347/6347 1075/6348/6348
f 311/6349/6349 1075/6350/6350 323/6351/6351
f 310/6352/6352 309/6353/6353 1075/6354/6354
f 310/6355/6355 1075/6356/6356 311/6357/6357
f 297/6358/6358 1076/6359/6359 309/6360/6360
f 1076/6361/6361 1077/6362/6362 309/6363/6363
f 309/6364/6364 1077/6365/6365 1075/6366/6366
f 297/6367/6367 285/6368/6368 1077/6369/6369
f 285/6368/6370 284/6370/6371 1077/6371/6372
f 271/6372/6373 259/6373/6374 1078/6374/6375
f 259/6373/6376 1079/6375/6377 1078/6376/6378
f 247/6377/6379 1080/6378/6380 1079/6379/6381
f 1080/6380/6382 237/6381/6383 227/6382/6384
f 1078/6383/6385 1077/6384/6386 284/6385/6387
f 227/6386/6388 1074/6387/6389 1080/6388/6390
f 1077/6389/6391 1076/6390/6392 1081/6391/6393
f 1076/6392/6394 297/6393/6395 1081/6394/6396
f 1081/6395/6397 297/6396/6398 1077/6397/6399
f 1078/6398/6400 284/6399/6401 272/6400/6402
f 271/6401/6403 1078/6402/6404 272/6403/6405
f 259/6404/6406 247/6405/6407 1079/6406/6408
f 247/6407/6409 237/6408/6410 1080/6409/6411
f 1082/6410/6412 1083/6411/6413 1084/6412/6414
f 1084/6413/6415 1083/6414/6416 1085/6415/6417
f 1084/6416/6418 1085/6417/6419 1086/6418/6420
f 1084/6419/6421 1086/6420/6422 1087/6421/6423
f 1087/6422/6424 1086/6423/6425 1088/6424/6426
f 1087/6425/6427 1088/6426/6428 1089/6427/6429
f 1089/6428/6430 1088/6429/6431 1090/6430/6432
f 1089/6431/6433 1090/6432/6434 1091/6433/6435
f 1091/6434/6436 1090/6435/6437 1092/6436/6438
f 1091/6437/6439 1092/6438/6440 1093/6439/6441
f 1093/6440/6442 1092/6441/6443 1080/6442/6444
f 1094/6443/6445 1077/6444/6446 1095/6445/6447
f 1094/6446/6448 1095/6447/6449 1096/6448/6450
f 1096/6449/6451 1095/6450/6452 1097/6451/6453
f 1096/6452/6454 1097/6453/6455 1098/6454/6456
f 1098/6455/6457 1097/6456/6458 1099/6457/6459
f 1098/6458/6460 1099/6459/6461 1100/6460/6462
f 1100/6461/6463 1099/6462/6464 1101/6463/6465
f 1100/6464/6466 1101/6465/6467 1102/6466/6468
f 1102/6467/6469 1101/6468/6470 1103/6469/6471
f 1102/6470/6472 1103/6471/6473 1104/6472/6474
f 1104/6473/6475 1103/6474/6476 1105/6475/6477
f 1104/6476/6478 1105/6477/6479 1106/6478/6480
f 1106/6479/6481 1105/6480/6482 1107/6481/6483
f 1106/6482/6484 1107/6483/6485 1108/6484/6486
f 1108/6485/6487 1107/6486/6488 1109/6487/6489
f 1108/6488/6490 1109/6489/6491 1110/6490/6492
f 1110/6491/6493 1109/6492/6494 1111/6493/6495
f 1079/6494/6496 1080/6495/6497 1112/6496/6498
f 1112/6497/6499 1080/6498/6500 1113/6499/6501
f 1112/6500/6502 1113/6501/6503 1114/6502/6504
f 1115/6503/6505 1114/6504/6506 1116/6505/6507
f 1115/6506/6508 1116/6507/6509 1117/6508/6510
f 1117/6509/6511 1116/6510/6512 1086/6511/6513
f 1117/6512/6514 1086/6513/6515 1085/6514/6516
f 1099/6515/6517 1097/6516/6518 1118/6517/6519
f 1099/6518/6520 1118/6519/6521 1101/6520/6522
f 1101/6521/6523 1118/6522/6524 1119/6523/6525
f 1101/6524/6526 1119/6525/6527 1103/6526/6528
f 1103/6527/6529 1119/6528/6530 1105/6529/6531
f 1097/6530/6532 1095/6531/6533 1120/6532/6534
f 1097/6533/6535 1120/6534/6536 1118/6535/6537
f 1118/6536/6538 1120/6537/6539 1121/6538/6540
f 1118/6539/6541 1121/6540/6542 1119/6541/6543
f 1119/6542/6544 1121/6543/6545 1107/6544/6546
f 1119/6545/6547 1107/6546/6548 1105/6547/6549
f 1121/6548/6550 1120/6549/6551 1109/6550/6552
f 1121/6551/6553 1109/6552/6554 1107/6553/6555
f 1114/6554/6556 1113/6555/6557 1122/6556/6558
f 1114/6557/6559 1122/6558/6560 1116/6559/6561
f 1116/6560/6562 1122/6561/6563 1090/6562/6564
f 1116/6563/6565 1090/6564/6566 1088/6565/6567
f 1113/6566/6568 1080/6567/6569 1092/6568/6570
f 1113/6569/6571 1092/6570/6572 1122/6571/6573
f 1122/6572/6574 1092/6573/6575 1090/6574/6576
f 1088/6575/6577 1086/6576/6578 1116/6577/6579
f 1085/6578/6580 1083/6579/6581 1117/6580/6582
f 1117/6581/6583 1083/6582/6584 1123/6583/6585
f 1117/6584/6586 1123/6585/6587 1124/6586/6588
f 1124/6587/6589 1123/6588/6590 1125/6589/6591
f 1124/6590/6592 1125/6591/6593 1126/6592/6594
f 1126/6593/6595 1125/6594/6596 1127/6595/6597
f 1126/6596/6598 1127/6597/6599 1128/6598/6600
f 1128/6599/6601 1127/6600/6602 1129/6601/6603
f 1128/6602/6604 1129/6603/6605 1130/6604/6606
f 1130/6605/6607 1129/6606/6608 1131/6607/6609
f 1130/6608/6610 1131/6609/6611 1132/6610/6612
f 1132/6611/6613 1131/6612/6614 1133/6613/6615
f 1132/6614/6616 1133/6615/6617 1134/6616/6618
f 1134/6617/6619 1133/6618/6620 1135/6619/6621
f 1134/6620/6622 1135/6621/6623 1136/6622/6624
f 1136/6623/6625 1135/6624/6626 1137/6625/6627
f 1136/6626/6628 1137/6627/6629 1108/6628/6630
f 1108/6629/6631 1137/6630/6632 1106/6631/6633
f 1083/6632/6634 1138/6633/6635 1123/6634/6636
f 1123/6635/6637 1138/6636/6638 1125/6637/6639
f 1125/6638/6640 1138/6639/6641 1127/6640/6642
f 1127/6641/6643 1138/6642/6644 1139/6643/6645
f 1127/6644/6646 1139/6645/6647 1129/6646/6648
f 1129/6647/6649 1139/6648/6650 1131/6649/6651
f 1131/6650/6652 1139/6651/6653 1133/6652/6654
f 1133/6653/6655 1139/6654/6656 1140/6655/6657
f 1133/6656/6658 1140/6657/6659 1135/6658/6660
f 1135/6659/6661 1140/6660/6662 1137/6661/6663
f 1140/6662/6664 1141/6663/6665 1137/6664/6666
f 1137/6665/6667 1141/6666/6668 1106/6667/6669
f 1141/6668/6670 1104/6669/6671 1106/6670/6672
f 1104/6671/6673 1142/6672/6674 1102/6673/6675
f 1102/6674/6676 1142/6675/6677 1143/6676/6678
f 1102/6677/6679 1143/6678/6680 1100/6679/6681
f 1100/6680/6682 1143/6681/6683 1144/6682/6684
f 1100/6683/6685 1144/6684/6686 1098/6685/6687
f 1098/6686/6688 1144/6687/6689 1145/6688/6690
f 1098/6689/6691 1145/6690/6692 1096/6691/6693
f 1096/6692/6694 1145/6693/6695 1146/6694/6696
f 1096/6695/6697 1146/6696/6698 1094/6697/6699
f 1094/6698/6700 1146/6699/6701 1147/6700/6702
f 1094/6701/6703 1147/6702/6704 1077/6703/6705
f 1077/6704/6706 1147/6705/6707 1075/6706/6708
f 1148/6707/6709 1149/6708/6710 1142/6709/6711
f 1142/6710/6712 1149/6711/6713 1150/6712/6714
f 1142/6713/6715 1150/6714/6716 1143/6715/6717
f 1143/6716/6718 1150/6717/6719 1144/6718/6720
f 1149/6719/6721 1148/6720/6722 1151/6721/6723
f 1151/6722/6724 1148/6723/6725 1152/6724/6726
f 1151/6725/6727 1152/6726/6728 1153/6727/6729
f 1153/6728/6730 1152/6729/6731 1154/6730/6732
f 1153/6731/6733 1154/6732/6734 1155/6733/6735
f 1155/6734/6736 1154/6735/6737 1156/6736/6738
f 1155/6737/6739 1156/6738/6740 1157/6739/6741
f 1157/6740/6742 1156/6741/6743 1158/6742/6744
f 1157/6743/6745 1158/6744/6746 1159/6745/6747
f 1159/6746/6748 1158/6747/6749 1160/6748/6750
f 1159/6749/6751 1160/6750/6752 1161/6751/6753
f 1161/6752/6754 1160/6753/6755 1162/6754/6756
f 1161/6755/6757 1162/6756/6758 1074/6757/6759
f 1152/6758/6760 1163/6759/6761 1154/6760/6762
f 1154/6761/6763 1163/6762/6764 1164/6763/6765
f 1154/6764/6766 1164/6765/6767 1156/6766/6768
f 1156/6767/6769 1164/6768/6770 1165/6769/6771
f 1156/6770/6772 1165/6771/6773 1158/6772/6774
f 1158/6773/6775 1165/6774/6776 1166/6775/6777
f 1158/6776/6778 1166/6777/6779 1160/6778/6780
f 1160/6779/6781 1166/6780/6782 1167/6781/6783
f 1160/6782/6784 1167/6783/6785 1162/6784/6786
f 1162/6785/6787 1167/6786/6788 1168/6787/6789
f 1162/6788/6790 1168/6789/6791 1074/6790/6792
f 1164/6791/6793 1163/6792/6794 1169/6793/6795
f 1169/6794/6796 1163/6795/6797 1170/6796/6798
f 1169/6797/6799 1170/6798/6800 1171/6799/6801
f 1171/6800/6802 1170/6801/6803 1172/6802/6804
f 1171/6803/6805 1172/6804/6806 1173/6805/6807
f 1173/6806/6808 1172/6807/6809 1174/6808/6810
f 1173/6809/6811 1174/6810/6812 1175/6811/6813
f 1175/6812/6814 1174/6813/6815 1176/6814/6816
f 1175/6815/6817 1176/6816/6818 1177/6817/6819
f 1177/6818/6820 1176/6819/6821 1178/6820/6822
f 1177/6821/6823 1178/6822/6824 1093/6823/6825
f 1170/6824/6826 1179/6825/6827 1172/6826/6828
f 1172/6827/6829 1179/6828/6830 1180/6829/6831
f 1172/6830/6832 1180/6831/6833 1174/6832/6834
f 1174/6833/6835 1180/6834/6836 1181/6835/6837
f 1174/6836/6838 1181/6837/6839 1176/6838/6840
f 1176/6839/6841 1181/6840/6842 1182/6841/6843
f 1176/6842/6844 1182/6843/6845 1178/6844/6846
f 1178/6845/6847 1182/6846/6848 1091/6847/6849
f 1178/6848/6850 1091/6849/6851 1093/6850/6852
f 1179/6851/6853 1183/6852/6854 1180/6853/6855
f 1180/6854/6856 1183/6855/6857 1184/6856/6858
f 1180/6857/6859 1184/6858/6860 1181/6859/6861
f 1181/6860/6862 1184/6861/6863 1185/6862/6864
f 1181/6863/6865 1185/6864/6866 1182/6865/6867
f 1182/6866/6868 1185/6867/6869 1089/6868/6870
f 1182/6869/6871 1089/6870/6872 1091/6871/6873
f 1184/6872/6874 1183/6873/6875 1186/6874/6876
f 1186/6875/6877 1183/6876/6878 1082/6877/6879
f 1186/6878/6880 1082/6879/6881 1084/6880/6882
f 1186/6881/6883 1084/6882/6884 1087/6883/6885
f 1186/6884/6886 1087/6885/6887 1185/6886/6888
f 1185/6887/6889 1087/6888/6890 1089/6889/6891
f 1080/6890/6892 1074/6891/6893 1093/6892/6894
f 1093/6893/6895 1074/6894/6896 1168/6895/6897
f 1093/6896/6898 1168/6897/6899 1177/6898/6900
f 1177/6899/6901 1168/6900/6902 1187/6901/6903
f 1177/6902/6904 1187/6903/6905 1175/6904/6906
f 1175/6905/6907 1187/6906/6908 1188/6907/6909
f 1175/6908/6910 1188/6909/6911 1173/6910/6912
f 1173/6911/6913 1188/6912/6914 1189/6913/6915
f 1173/6914/6916 1189/6915/6917 1171/6916/6918
f 1171/6917/6919 1189/6918/6920 1169/6919/6921
f 1184/6920/6922 1186/6921/6923 1185/6922/6924
f 1187/6923/6925 1168/6924/6926 1167/6925/6927
f 1187/6926/6928 1167/6927/6929 1188/6928/6930
f 1188/6929/6931 1167/6930/6932 1166/6931/6933
f 1188/6932/6934 1166/6933/6935 1189/6934/6936
f 1189/6935/6937 1166/6936/6938 1165/6937/6939
f 1189/6938/6940 1165/6939/6941 1169/6940/6942
f 1169/6941/6943 1165/6942/6944 1164/6943/6945
f 1074/6944/6946 1075/6945/6947 1161/6946/6948
f 1159/6947/6949 1161/6948/6950 1190/6949/6951
f 1159/6950/6952 1190/6951/6953 1157/6952/6954
f 1157/6953/6955 1190/6954/6956 1191/6955/6957
f 1157/6956/6958 1191/6957/6959 1155/6958/6960
f 1155/6959/6961 1191/6960/6962 1192/6961/6963
f 1155/6962/6964 1192/6963/6965 1153/6964/6966
f 1153/6965/6967 1192/6966/6968 1151/6967/6969
f 1161/6968/6970 1075/6969/6971 1147/6970/6972
f 1161/6971/6973 1147/6972/6974 1190/6973/6975
f 1191/6974/6976 1190/6975/6977 1193/6976/6978
f 1191/6977/6979 1193/6978/6980 1192/6979/6981
f 1192/6980/6982 1193/6981/6983 1194/6982/6984
f 1192/6983/6985 1194/6984/6986 1151/6985/6987
f 1151/6986/6988 1194/6987/6989 1149/6988/6990
f 1190/6989/6991 1147/6990/6992 1195/6991/6993
f 1190/6992/6994 1195/6993/6995 1193/6994/6996
f 1193/6995/6997 1195/6996/6998 1196/6997/6999
f 1193/6998/7000 1196/6999/7001 1194/7000/7002
f 1194/7001/7003 1196/7002/7004 1197/7003/7005
f 1194/7004/7006 1197/7005/7007 1149/7006/7008
f 1149/7007/7009 1197/7008/7010 1150/7009/7011
f 1195/7010/7012 1147/7011/7013 1146/7012/7014
f 1195/7013/7015 1146/7014/7016 1196/7015/7017
f 1196/7016/7018 1146/7017/7019 1145/7018/7020
f 1196/7019/7021 1145/7020/7022 1197/7021/7023
f 1197/7022/7024 1145/7023/7025 1144/7024/7026
f 1197/7025/7027 1144/7026/7028 1150/7027/7029
f 1077/7028/7030 1078/7029/7031 1095/7030/7032
f 1095/7031/7033 1078/7032/7034 1198/7033/7035
f 1095/7034/7036 1198/7035/7037 1120/7036/7038
f 1120/7037/7039 1198/7038/7040 1111/7039/7041
f 1120/7040/7042 1111/7041/7043 1109/7042/7044
f 1198/7043/7045 1078/7044/7046 1199/7045/7047
f 1199/7046/7048 1078/7047/7049 1079/7048/7050
f 1199/7049/7051 1079/7050/7052 1112/7051/7053
f 1111/7052/7054 1198/7053/7055 1200/7054/7056
f 1200/7055/7057 1198/7056/7058 1199/7057/7059
f 1200/7058/7060 1199/7059/7061 1201/7060/7062
f 1201/7061/7063 1199/7062/7064 1112/7063/7065
f 1201/7064/7066 1112/7065/7067 1202/7066/7068
f 1202/7067/7069 1112/7068/7070 1114/7069/7071
f 1110/7070/7072 1111/7071/7073 1203/7072/7074
f 1203/7073/7075 1111/7074/7076 1200/7075/7077
f 1203/7076/7078 1200/7077/7079 1204/7078/7080
f 1204/7079/7081 1200/7080/7082 1201/7081/7083
f 1204/7082/7084 1201/7083/7085 1205/7084/7086
f 1205/7085/7087 1201/7086/7088 1206/7087/7089
f 1206/7088/7090 1201/7089/7091 1202/7090/7092
f 1206/7091/7093 1202/7092/7094 1207/7093/7095
f 1207/7094/7096 1202/7095/7097 1208/7096/7098
f 1208/7097/7099 1202/7098/7100 1114/7099/7101
f 1208/7100/7102 1114/7101/7103 1115/7102/7104
f 1108/7103/7105 1110/7104/7106 1136/7105/7107
f 1136/7106/7108 1110/7107/7109 1203/7108/7110
f 1136/7109/7111 1203/7110/7112 1134/7111/7113
f 1134/7112/7114 1203/7113/7115 1204/7114/7116
f 1134/7115/7117 1204/7116/7118 1132/7117/7119
f 1132/7118/7120 1204/7119/7121 1205/7120/7122
f 1132/7121/7123 1205/7122/7124 1130/7123/7125
f 1130/7124/7126 1205/7125/7127 1206/7126/7128
f 1130/7127/7129 1206/7128/7130 1128/7129/7131
f 1128/7130/7132 1206/7131/7133 1207/7132/7134
f 1128/7133/7135 1207/7134/7136 1126/7135/7137
f 1126/7136/7138 1207/7137/7139 1208/7138/7140
f 1126/7139/7141 1208/7140/7142 1124/7141/7143
f 1124/7142/7144 1208/7143/7145 1115/7144/7146
f 1124/7145/7147 1115/7146/7148 1117/7147/7149
f 1209/7148/7150 1210/7149/7151 1211/7150/7152
f 1211/7151/7153 1210/7152/7154 1212/7153/7155
f 1211/7154/7156 1212/7155/7157 1213/7156/7158
f 1213/7157/7159 1212/7158/7160 1214/7159/7161
f 1213/7160/7162 1214/7161/7163 1215/7162/7164
f 1215/7163/7165 1214/7164/7166 1216/7165/7167
f 1215/7166/7168 1216/7167/7169 1217/7168/7170
f 1217/7169/7171 1216/7170/7172 1082/7171/7173
f 1217/7172/7174 1082/7173/7175 1183/7174/7176
f 1218/7175/7177 1219/7176/7178 1209/7177/7179
f 1209/7178/7180 1219/7179/7181 1210/7180/7182
f 1219/7181/7183 1220/7182/7184 1210/7183/7185
f 1210/7184/7186 1220/7185/7187 1212/7186/7188
f 1220/7187/7189 1221/7188/7190 1212/7189/7191
f 1212/7190/7192 1221/7191/7193 1214/7192/7194
f 1221/7193/7195 1222/7194/7196 1214/7195/7197
f 1214/7196/7198 1222/7197/7199 1223/7198/7200
f 1214/7199/7201 1223/7200/7202 1216/7201/7203
f 1216/7202/7204 1223/7203/7205 1083/7204/7206
f 1216/7205/7207 1083/7206/7208 1082/7207/7209
f 1179/7208/7210 1224/7209/7211 1183/7210/7212
f 1183/7211/7213 1224/7212/7214 1225/7213/7215
f 1183/7214/7216 1225/7215/7217 1217/7216/7218
f 1217/7217/7219 1225/7218/7220 1226/7219/7221
f 1217/7220/7222 1226/7221/7223 1215/7222/7224
f 1215/7223/7225 1226/7224/7226 1227/7225/7227
f 1215/7226/7228 1227/7227/7229 1213/7228/7230
f 1213/7229/7231 1227/7230/7232 1228/7231/7233
f 1213/7232/7234 1228/7233/7235 1211/7234/7236
f 1211/7235/7237 1228/7236/7238 1229/7237/7239
f 1211/7238/7240 1229/7239/7241 1209/7240/7242
f 1224/7241/7243 1179/7242/7244 1230/7243/7245
f 1230/7244/7246 1179/7245/7247 1170/7246/7248
f 1230/7247/7249 1170/7248/7250 1231/7249/7251
f 1231/7250/7252 1170/7251/7253 1232/7252/7254
f 1231/7253/7255 1232/7254/7256 1233/7255/7257
f 1233/7256/7258 1232/7257/7259 1234/7258/7260
f 1233/7259/7261 1234/7260/7262 1235/7261/7263
f 1235/7262/7264 1234/7263/7265 1236/7264/7266
f 1235/7265/7267 1236/7266/7268 1237/7267/7269
f 1238/7268/7270 1239/7269/7271 1240/7270/7272
f 1240/7271/7273 1239/7272/7274 1241/7273/7275
f 1240/7274/7276 1241/7275/7277 1242/7276/7278
f 1242/7277/7279 1241/7278/7280 1243/7279/7281
f 1242/7280/7282 1243/7281/7283 1244/7282/7284
f 1244/7283/7285 1243/7284/7286 1142/7285/7287
f 1244/7286/7288 1142/7287/7289 1245/7288/7290
f 1245/7289/7291 1142/7290/7292 1104/7291/7293
f 1245/7292/7294 1104/7293/7295 1246/7294/7296
f 1246/7295/7297 1104/7296/7298 1247/7297/7299
f 1246/7298/7300 1247/7299/7301 1248/7300/7302
f 1248/7301/7303 1247/7302/7304 1249/7303/7305
f 1248/7304/7306 1249/7305/7307 1250/7306/7308
f 1250/7307/7309 1249/7308/7310 1251/7309/7311
f 1250/7310/7312 1251/7311/7313 1252/7312/7314
f 1252/7313/7315 1251/7314/7316 1253/7315/7317
f 1252/7316/7318 1253/7317/7319 1254/7318/7320
f 1255/7319/7321 1256/7320/7322 1257/7321/7323
f 1257/7322/7324 1256/7323/7325 1258/7324/7326
f 1257/7325/7327 1258/7326/7328 1259/7327/7329
f 1259/7328/7330 1258/7329/7331 1260/7330/7332
f 1259/7331/7333 1260/7332/7334 1261/7333/7335
f 1261/7334/7336 1260/7335/7337 1262/7336/7338
f 1261/7337/7339 1262/7338/7340 1263/7339/7341
f 1263/7340/7342 1262/7341/7343 1139/7342/7344
f 1263/7343/7345 1139/7344/7346 1138/7345/7347
f 1170/7346/7348 1163/7347/7349 1232/7348/7350
f 1232/7349/7351 1163/7350/7352 1264/7351/7353
f 1232/7352/7354 1264/7353/7355 1234/7354/7356
f 1234/7355/7357 1264/7356/7358 1265/7357/7359
f 1234/7358/7360 1265/7359/7361 1236/7360/7362
f 1236/7361/7363 1265/7362/7364 1266/7363/7365
f 1236/7364/7366 1266/7365/7367 1237/7366/7368
f 1237/7367/7369 1266/7368/7370 1267/7369/7371
f 1237/7370/7372 1267/7371/7373 1268/7372/7374
f 1268/7373/7375 1267/7374/7376 1269/7375/7377
f 1264/7376/7378 1163/7377/7379 1270/7378/7380
f 1270/7379/7381 1163/7380/7382 1152/7381/7383
f 1270/7382/7384 1152/7383/7385 1271/7384/7386
f 1271/7385/7387 1152/7386/7388 1272/7387/7389
f 1271/7388/7390 1272/7389/7391 1273/7390/7392
f 1273/7391/7393 1272/7392/7394 1274/7393/7395
f 1273/7394/7396 1274/7395/7397 1275/7396/7398
f 1275/7397/7399 1274/7398/7400 1239/7399/7401
f 1275/7400/7402 1239/7401/7403 1238/7402/7404
f 1152/7403/7405 1148/7404/7406 1272/7405/7407
f 1272/7406/7408 1148/7407/7409 1276/7408/7410
f 1272/7409/7411 1276/7410/7412 1274/7411/7413
f 1274/7412/7414 1276/7413/7415 1241/7414/7416
f 1274/7415/7417 1241/7416/7418 1239/7417/7419
f 1148/7418/7420 1142/7419/7421 1276/7420/7422
f 1276/7421/7423 1142/7422/7424 1243/7423/7425
f 1276/7424/7426 1243/7425/7427 1241/7426/7428
f 1247/7427/7429 1104/7428/7430 1277/7429/7431
f 1277/7430/7432 1104/7431/7433 1141/7432/7434
f 1277/7433/7435 1141/7434/7436 1278/7435/7437
f 1278/7436/7438 1141/7437/7439 1140/7438/7440
f 1278/7439/7441 1140/7440/7442 1279/7441/7443
f 1279/7442/7444 1140/7443/7445 1280/7444/7446
f 1279/7445/7447 1280/7446/7448 1281/7447/7449
f 1281/7448/7450 1280/7449/7451 1282/7450/7452
f 1281/7451/7453 1282/7452/7454 1283/7453/7455
f 1283/7454/7456 1282/7455/7457 1258/7456/7458
f 1283/7457/7459 1258/7458/7460 1256/7459/7461
f 1140/7460/7462 1139/7461/7463 1280/7462/7464
f 1280/7463/7465 1139/7464/7466 1284/7465/7467
f 1280/7466/7468 1284/7467/7469 1282/7468/7470
f 1282/7469/7471 1284/7470/7472 1260/7471/7473
f 1282/7472/7474 1260/7473/7475 1258/7474/7476
f 1083/7475/7477 1285/7476/7478 1138/7477/7479
f 1138/7478/7480 1285/7479/7481 1286/7480/7482
f 1138/7481/7483 1286/7482/7484 1263/7483/7485
f 1263/7484/7486 1286/7485/7487 1287/7486/7488
f 1263/7487/7489 1287/7488/7490 1261/7489/7491
f 1261/7490/7492 1287/7491/7493 1288/7492/7494
f 1261/7493/7495 1288/7494/7496 1259/7495/7497
f 1259/7496/7498 1288/7497/7499 1257/7498/7500
f 1257/7499/7501 1218/7500/7502 1255/7501/7503
f 1255/7502/7504 1218/7503/7505 1254/7504/7506
f 1083/7505/7507 1223/7506/7508 1285/7507/7509
f 1285/7508/7510 1223/7509/7511 1222/7510/7512
f 1285/7511/7513 1222/7512/7514 1221/7513/7515
f 1285/7514/7516 1221/7515/7517 1289/7516/7518
f 1289/7517/7519 1221/7518/7520 1220/7519/7521
f 1289/7520/7522 1220/7521/7523 1290/7522/7524
f 1290/7523/7525 1220/7524/7526 1291/7525/7527
f 1290/7526/7528 1291/7527/7529 1288/7528/7530
f 1288/7529/7531 1291/7530/7532 1257/7531/7533
f 1220/7532/7534 1219/7533/7535 1291/7534/7536
f 1291/7535/7537 1219/7536/7538 1218/7537/7539
f 1291/7538/7540 1218/7539/7541 1257/7540/7542
f 1254/7541/7543 1292/7542/7544 1252/7543/7545
f 1252/7544/7546 1292/7545/7547 1293/7546/7548
f 1252/7547/7549 1293/7548/7550 1250/7549/7551
f 1250/7550/7552 1293/7551/7553 1294/7552/7554
f 1250/7553/7555 1294/7554/7556 1248/7555/7557
f 1248/7556/7558 1294/7557/7559 1295/7558/7560
f 1248/7559/7561 1295/7560/7562 1246/7561/7563
f 1246/7562/7564 1295/7563/7565 1245/7564/7566
f 1292/7565/7567 1296/7566/7568 1297/7567/7569
f 1292/7568/7570 1297/7569/7571 1293/7570/7572
f 1294/7571/7573 1293/7572/7574 1298/7573/7575
f 1294/7574/7576 1298/7575/7577 1295/7576/7578
f 1295/7577/7579 1298/7578/7580 1299/7579/7581
f 1295/7580/7582 1299/7581/7583 1245/7582/7584
f 1245/7583/7585 1299/7584/7586 1244/7585/7587
f 1293/7586/7588 1297/7587/7589 1300/7588/7590
f 1293/7589/7591 1300/7590/7592 1298/7591/7593
f 1298/7592/7594 1300/7593/7595 1301/7594/7596
f 1298/7595/7597 1301/7596/7598 1299/7597/7599
f 1299/7598/7600 1301/7599/7601 1242/7600/7602
f 1299/7601/7603 1242/7602/7604 1244/7603/7605
f 1297/7604/7606 1296/7605/7607 1269/7606/7608
f 1297/7607/7609 1269/7608/7610 1238/7609/7611
f 1296/7610/7612 1268/7611/7613 1269/7612/7614
f 1237/7613/7615 1268/7614/7616 1302/7615/7617
f 1237/7616/7618 1302/7617/7619 1235/7618/7620
f 1235/7619/7621 1302/7620/7622 1303/7621/7623
f 1235/7622/7624 1303/7623/7625 1233/7624/7626
f 1233/7625/7627 1303/7626/7628 1304/7627/7629
f 1233/7628/7630 1304/7629/7631 1231/7630/7632
f 1231/7631/7633 1304/7632/7634 1230/7633/7635
f 1305/7634/7636 1306/7635/7637 1229/7636/7638
f 1226/7637/7639 1225/7638/7640 1307/7639/7641
f 1307/7640/7642 1225/7641/7643 1224/7642/7644
f 1307/7643/7645 1224/7644/7646 1308/7645/7647
f 1308/7646/7648 1224/7647/7649 1230/7648/7650
f 1308/7649/7651 1230/7650/7652 1304/7651/7653
f 1227/7652/7654 1226/7653/7655 1309/7654/7656
f 1309/7655/7657 1226/7656/7658 1307/7657/7659
f 1309/7658/7660 1307/7659/7661 1310/7660/7662
f 1310/7661/7663 1307/7662/7664 1308/7663/7665
f 1310/7664/7666 1308/7665/7667 1311/7666/7668
f 1311/7667/7669 1308/7668/7670 1304/7669/7671
f 1311/7670/7672 1304/7671/7673 1303/7672/7674
f 1228/7673/7675 1227/7674/7676 1312/7675/7677
f 1312/7676/7678 1227/7677/7679 1309/7678/7680
f 1312/7679/7681 1309/7680/7682 1313/7681/7683
f 1313/7682/7684 1309/7683/7685 1310/7684/7686
f 1313/7685/7687 1310/7686/7688 1314/7687/7689
f 1314/7688/7690 1310/7689/7691 1311/7690/7692
f 1314/7691/7693 1311/7692/7694 1315/7693/7695
f 1315/7694/7696 1311/7695/7697 1303/7696/7698
f 1315/7697/7699 1303/7698/7700 1302/7699/7701
f 1229/7700/7702 1228/7701/7703 1312/7702/7704
f 1229/7703/7705 1312/7704/7706 1305/7705/7707
f 1305/7706/7708 1312/7707/7709 1313/7708/7710
f 1305/7709/7711 1313/7710/7712 1314/7711/7713
f 1305/7712/7714 1314/7713/7715 1306/7714/7716
f 1306/7715/7717 1314/7716/7718 1315/7717/7719
f 1306/7718/7720 1315/7719/7721 1302/7720/7722
f 1306/7721/7723 1302/7722/7724 1268/7723/7725
f 1273/7724/7726 1316/7725/7727 1317/7726/7728
f 1317/7727/7729 1316/7728/7730 1266/7729/7731
f 1317/7730/7732 1266/7731/7733 1265/7732/7734
f 1266/7733/7735 1316/7734/7736 1267/7735/7737
f 1267/7736/7738 1316/7737/7739 1318/7738/7740
f 1267/7739/7741 1318/7740/7742 1269/7741/7743
f 1318/7742/7744 1316/7743/7745 1275/7744/7746
f 1275/7745/7747 1316/7746/7748 1273/7747/7749
f 1270/7748/7750 1271/7749/7751 1317/7750/7752
f 1317/7751/7753 1271/7752/7754 1273/7753/7755
f 1270/7754/7756 1317/7755/7757 1265/7756/7758
f 1269/7757/7759 1318/7758/7760 1238/7759/7761
f 1238/7760/7762 1318/7761/7763 1275/7762/7764
f 1242/7763/7765 1301/7764/7766 1240/7765/7767
f 1240/7766/7768 1301/7767/7769 1300/7768/7770
f 1240/7769/7771 1300/7770/7772 1238/7771/7773
f 1238/7772/7774 1300/7773/7775 1297/7774/7776
f 1278/7775/7777 1319/7776/7778 1277/7777/7779
f 1277/7778/7780 1319/7779/7781 1249/7780/7782
f 1277/7781/7783 1249/7782/7784 1247/7783/7785
f 1249/7784/7786 1319/7785/7787 1251/7786/7788
f 1251/7787/7789 1319/7788/7790 1320/7789/7791
f 1251/7790/7792 1320/7791/7793 1253/7792/7794
f 1319/7793/7795 1278/7794/7796 1321/7795/7797
f 1321/7796/7798 1278/7797/7799 1279/7798/7800
f 1321/7799/7801 1279/7800/7802 1281/7801/7803
f 1319/7802/7804 1321/7803/7805 1320/7804/7806
f 1320/7805/7807 1321/7806/7808 1322/7807/7809
f 1320/7808/7810 1322/7809/7811 1253/7810/7812
f 1253/7811/7813 1322/7812/7814 1256/7813/7815
f 1253/7814/7816 1256/7815/7817 1254/7816/7818
f 1254/7817/7819 1256/7818/7820 1255/7819/7821
f 1322/7820/7822 1321/7821/7823 1281/7822/7824
f 1139/7823/7825 1262/7824/7826 1284/7825/7827
f 1284/7826/7828 1262/7827/7829 1260/7828/7830
f 1281/7829/7831 1283/7830/7832 1322/7831/7833
f 1322/7832/7834 1283/7833/7835 1256/7834/7836
f 1287/7835/7837 1286/7836/7838 1289/7837/7839
f 1289/7838/7840 1286/7839/7841 1285/7840/7842
f 1288/7841/7843 1287/7842/7844 1290/7843/7845
f 1290/7844/7846 1287/7845/7847 1289/7846/7848
f 1270/7847/7849 1265/7848/7850 1264/7849/7851
f 97/7850/7852 1218/7851/7853 95/7852/7854
f 95/7853/7855 1218/7854/7856 109/7855/7857
f 109/7856/7858 1218/7857/7859 1209/7858/7860
f 109/7859/7861 1209/7860/7862 110/7861/7863
f 110/7862/7864 1209/7863/7865 114/7864/7866
f 114/7865/7867 1229/7866/7868 116/7867/7869
f 116/7868/7870 1229/7869/7871 121/7870/7872
f 121/7871/7873 1229/7872/7874 1306/7873/7875
f 121/7874/7876 1306/7875/7877 123/7876/7878
f 123/7877/7879 1306/7878/7880 128/7879/7881
f 128/7880/7882 1306/7881/7883 130/7882/7884
f 130/7883/7885 1306/7884/7886 1268/7885/7887
f 1209/7886/7888 1229/7887/7889 114/7888/7890
f 135/7889/7891 130/7890/7892 1268/7891/7893
f 137/7892/7894 135/7893/7895 1268/7894/7896
f 1296/7895/7897 142/7896/7898 1268/7897/7899
f 1268/7898/7900 142/7899/7901 137/7900/7902
f 1296/7901/7903 144/7902/7904 142/7903/7905
f 149/7904/7906 144/7905/7907 1296/7906/7908
f 1292/7907/7909 149/7908/7910 1296/7909/7911
f 1292/7910/7912 156/7911/7913 152/7912/7914
f 1292/7913/7915 152/7914/7916 149/7915/7917
f 1254/7916/7918 156/7917/7919 1292/7918/7920
f 1218/7919/7921 99/7920/7922 1254/7921/7923
f 1254/7922/7924 99/7923/7925 159/7924/7926
f 97/7925/7927 99/7926/7928 1218/7927/7929
f 156/7928/7930 1254/7929/7931 159/7930/7932
# 1322 vertices
# 7930 texture params
# 7932 normals
# 2644 facets

# 1 groups
